filename,img_width,img_height,mask_width,mask_height,dims_match,white_ratio,n_unique_mask_values,is_strictly_binary
000000003793.png,512,512,512,512,True,0.481167,193,False
000000004032.png,512,512,512,512,True,0.478157,232,False
000000004283.png,512,512,512,512,True,0.19836,256,False
000000006327.png,512,512,512,512,True,0.102108,211,False
000000007319.png,512,512,512,512,True,0.432411,247,False
000000008058.png,512,512,512,512,True,0.108044,239,False
000000008080.png,512,512,512,512,True,0.163422,228,False
000000008160.png,512,512,512,512,True,0.244106,230,False
000000008786.png,512,512,512,512,True,0.331264,254,False
000000009620.png,512,512,512,512,True,0.470123,162,False
000000011080.png,512,512,512,512,True,0.292931,256,False
000000011373.png,512,512,512,512,True,0.625988,243,False
000000011506.png,512,512,512,512,True,0.124969,194,False
000000014034.png,512,512,512,512,True,0.112896,223,False
000000016072.png,512,512,512,512,True,0.750282,133,False
000000016099.png,512,512,512,512,True,0.158298,227,False
000000017559.png,512,512,512,512,True,0.32563,256,False
000000017975.png,512,512,512,512,True,0.116264,234,False
000000018158.png,512,512,512,512,True,0.193516,180,False
000000021496.png,512,512,512,512,True,0.121952,250,False
000000022797.png,512,512,512,512,True,0.114532,236,False
000000023163.png,512,512,512,512,True,0.400578,256,False
000000024480.png,512,512,512,512,True,0.372955,256,False
000000026133.png,512,512,512,512,True,0.269768,255,False
000000026534.png,512,512,512,512,True,0.120983,222,False
000000028480.png,512,512,512,512,True,0.137577,250,False
000000030080.png,512,512,512,512,True,0.101364,244,False
000000031188.png,512,512,512,512,True,0.366554,227,False
000000032375.png,512,512,512,512,True,0.253441,230,False
000000033481.png,512,512,512,512,True,0.241215,188,False
000000034097.png,512,512,512,512,True,0.151394,255,False
000000035532.png,512,512,512,512,True,0.327675,162,False
000000036460.png,512,512,512,512,True,0.147686,239,False
000000036508.png,512,512,512,512,True,0.507984,240,False
000000037697.png,512,512,512,512,True,0.151848,256,False
000000037846.png,512,512,512,512,True,0.320839,251,False
000000038558.png,512,512,512,512,True,0.167892,237,False
000000039513.png,512,512,512,512,True,0.146549,223,False
000000039864.png,512,512,512,512,True,0.257999,248,False
000000041200.png,512,512,512,512,True,0.928017,171,False
000000041575.png,512,512,512,512,True,0.226685,225,False
000000043029.png,512,512,512,512,True,0.116875,243,False
000000043049.png,512,512,512,512,True,0.110489,216,False
000000043931.png,512,512,512,512,True,0.297855,212,False
000000043957.png,512,512,512,512,True,0.29718,248,False
000000045057.png,512,512,512,512,True,0.56142,135,False
000000045479.png,512,512,512,512,True,0.156773,254,False
000000047407.png,512,512,512,512,True,0.283043,245,False
000000047545.png,512,512,512,512,True,0.12281,196,False
000000047570.png,512,512,512,512,True,0.268356,252,False
000000050912.png,512,512,512,512,True,0.262497,237,False
000000053491.png,512,512,512,512,True,0.211212,214,False
000000053752.png,512,512,512,512,True,0.241173,223,False
000000054632.png,512,512,512,512,True,0.238884,222,False
000000055375.png,512,512,512,512,True,0.223431,254,False
000000055767.png,512,512,512,512,True,0.159359,256,False
000000056303.png,512,512,512,512,True,0.192245,244,False
000000057194.png,512,512,512,512,True,0.164932,252,False
000000057542.png,512,512,512,512,True,0.296288,236,False
000000057750.png,512,512,512,512,True,0.54879,246,False
000000058597.png,512,512,512,512,True,0.179691,204,False
000000059532.png,512,512,512,512,True,0.172684,255,False
000000062833.png,512,512,512,512,True,0.433361,256,False
000000063104.png,512,512,512,512,True,0.12439,213,False
000000064016.png,512,512,512,512,True,0.121742,196,False
000000064186.png,512,512,512,512,True,0.325329,134,False
000000064470.png,512,512,512,512,True,0.534946,251,False
000000065087.png,512,512,512,512,True,0.202759,250,False
000000067941.png,512,512,512,512,True,0.549686,254,False
000000068162.png,512,512,512,512,True,0.147148,205,False
000000068881.png,512,512,512,512,True,0.982876,7,False
000000069051.png,512,512,512,512,True,0.570984,232,False
000000070588.png,512,512,512,512,True,0.103954,249,False
000000071126.png,512,512,512,512,True,0.368343,245,False
000000072203.png,512,512,512,512,True,0.582375,256,False
000000072233.png,512,512,512,512,True,0.992546,45,False
000000076245.png,512,512,512,512,True,0.129139,253,False
000000077899.png,512,512,512,512,True,0.100086,168,False
000000078274.png,512,512,512,512,True,0.121601,210,False
000000080434.png,512,512,512,512,True,0.202496,252,False
000000081474.png,512,512,512,512,True,0.27813,256,False
000000081906.png,512,512,512,512,True,0.508575,236,False
000000083565.png,512,512,512,512,True,0.101414,212,False
000000083787.png,512,512,512,512,True,0.232208,247,False
000000086215.png,512,512,512,512,True,0.146679,188,False
000000086877.png,512,512,512,512,True,0.992527,10,False
000000087518.png,512,512,512,512,True,0.142906,212,False
000000089087.png,512,512,512,512,True,0.125725,232,False
000000089248.png,512,512,512,512,True,0.130257,221,False
000000090244.png,512,512,512,512,True,0.444031,246,False
000000090319.png,512,512,512,512,True,0.563187,255,False
000000091154.png,512,512,512,512,True,0.220779,256,False
000000091839.png,512,512,512,512,True,0.118469,247,False
000000092402.png,512,512,512,512,True,0.546932,216,False
000000095808.png,512,512,512,512,True,0.113197,236,False
000000095939.png,512,512,512,512,True,0.707989,115,False
000000096557.png,512,512,512,512,True,0.47039,240,False
000000098054.png,512,512,512,512,True,0.948723,80,False
000000098095.png,512,512,512,512,True,0.37059,253,False
000000098656.png,512,512,512,512,True,0.200268,255,False
000000098720.png,512,512,512,512,True,0.10836,245,False
000000098739.png,512,512,512,512,True,0.195061,242,False
000000099874.png,512,512,512,512,True,0.636734,250,False
000000101426.png,512,512,512,512,True,0.742992,200,False
000000102872.png,512,512,512,512,True,0.212135,245,False
000000103295.png,512,512,512,512,True,0.117725,240,False
000000103509.png,512,512,512,512,True,0.112671,241,False
000000103966.png,512,512,512,512,True,0.300381,255,False
000000104023.png,512,512,512,512,True,0.176926,254,False
000000104801.png,512,512,512,512,True,0.156418,186,False
000000105015.png,512,512,512,512,True,0.324108,216,False
000000110257.png,512,512,512,512,True,0.579941,234,False
000000111352.png,512,512,512,512,True,0.333477,240,False
000000111434.png,512,512,512,512,True,0.389645,256,False
000000112385.png,512,512,512,512,True,0.277744,227,False
000000112622.png,512,512,512,512,True,0.405422,250,False
000000112677.png,512,512,512,512,True,0.368626,245,False
000000113617.png,512,512,512,512,True,0.144558,255,False
000000114947.png,512,512,512,512,True,0.146633,250,False
000000115378.png,512,512,512,512,True,0.361561,244,False
000000115455.png,512,512,512,512,True,0.312325,254,False
000000117321.png,512,512,512,512,True,0.241493,237,False
000000118110.png,512,512,512,512,True,0.403076,237,False
000000119002.png,512,512,512,512,True,0.30648,212,False
000000119026.png,512,512,512,512,True,0.485142,255,False
000000120836.png,512,512,512,512,True,0.174423,230,False
000000120918.png,512,512,512,512,True,0.349937,224,False
000000121249.png,512,512,512,512,True,0.180126,253,False
000000122281.png,512,512,512,512,True,0.141964,249,False
000000125335.png,512,512,512,512,True,0.202072,233,False
000000125886.png,512,512,512,512,True,0.411114,215,False
000000128402.png,512,512,512,512,True,0.175369,256,False
000000128831.png,512,512,512,512,True,0.428692,256,False
000000129328.png,512,512,512,512,True,0.556248,255,False
000000130275.png,512,512,512,512,True,0.811954,165,False
000000130997.png,512,512,512,512,True,0.108765,229,False
000000132114.png,512,512,512,512,True,0.353947,237,False
000000132265.png,512,512,512,512,True,0.105412,254,False
000000134128.png,512,512,512,512,True,0.306206,253,False
000000134454.png,512,512,512,512,True,0.19128,256,False
000000134673.png,512,512,512,512,True,0.191639,194,False
000000136369.png,512,512,512,512,True,0.515541,230,False
000000136687.png,512,512,512,512,True,0.206657,249,False
000000136795.png,512,512,512,512,True,0.227901,225,False
000000136905.png,512,512,512,512,True,0.166054,44,False
000000137577.png,512,512,512,512,True,0.13044,256,False
000000137578.png,512,512,512,512,True,0.14082,227,False
000000137699.png,512,512,512,512,True,0.184643,225,False
000000137826.png,512,512,512,512,True,0.317429,195,False
000000138780.png,512,512,512,512,True,0.326164,253,False
000000140174.png,512,512,512,512,True,0.385292,249,False
000000140346.png,512,512,512,512,True,0.389244,223,False
000000140590.png,512,512,512,512,True,0.132206,249,False
000000140743.png,512,512,512,512,True,0.770485,239,False
000000141330.png,512,512,512,512,True,0.144039,251,False
000000143507.png,512,512,512,512,True,0.874966,239,False
000000144179.png,512,512,512,512,True,0.149841,254,False
000000144320.png,512,512,512,512,True,0.561844,239,False
000000144505.png,512,512,512,512,True,0.133343,255,False
000000145863.png,512,512,512,512,True,0.117538,226,False
000000146215.png,512,512,512,512,True,0.495125,132,False
000000146701.png,512,512,512,512,True,0.332798,250,False
000000147278.png,512,512,512,512,True,0.114857,251,False
000000147775.png,512,512,512,512,True,0.396648,256,False
000000149078.png,512,512,512,512,True,0.113304,212,False
000000150324.png,512,512,512,512,True,0.557751,208,False
000000150821.png,512,512,512,512,True,0.800728,254,False
000000151403.png,512,512,512,512,True,0.29047,230,False
000000152202.png,512,512,512,512,True,0.122147,232,False
000000152628.png,512,512,512,512,True,0.203053,229,False
000000152764.png,512,512,512,512,True,0.113441,246,False
000000152946.png,512,512,512,512,True,0.136715,255,False
000000154898.png,512,512,512,512,True,0.141701,243,False
000000157554.png,512,512,512,512,True,0.198994,254,False
000000157657.png,512,512,512,512,True,0.29147,251,False
000000157714.png,512,512,512,512,True,0.344509,207,False
000000158642.png,512,512,512,512,True,0.260777,221,False
000000162799.png,512,512,512,512,True,0.193916,255,False
000000163692.png,512,512,512,512,True,0.209389,212,False
000000164044.png,512,512,512,512,True,0.548496,166,False
000000166522.png,512,512,512,512,True,0.179897,211,False
000000168243.png,512,512,512,512,True,0.427723,253,False
000000168741.png,512,512,512,512,True,0.105186,234,False
000000170015.png,512,512,512,512,True,0.149174,242,False
000000170181.png,512,512,512,512,True,0.112228,246,False
000000172316.png,512,512,512,512,True,0.424271,239,False
000000173596.png,512,512,512,512,True,0.182957,234,False
000000174869.png,512,512,512,512,True,0.883934,141,False
000000174892.png,512,512,512,512,True,0.203064,156,False
000000175198.png,512,512,512,512,True,0.276211,246,False
000000180341.png,512,512,512,512,True,0.114929,254,False
000000180366.png,512,512,512,512,True,0.653984,230,False
000000180480.png,512,512,512,512,True,0.178024,251,False
000000181713.png,512,512,512,512,True,0.778767,244,False
000000181909.png,512,512,512,512,True,0.318378,162,False
000000182243.png,512,512,512,512,True,0.151054,224,False
000000182997.png,512,512,512,512,True,0.186283,227,False
000000183040.png,512,512,512,512,True,0.45018,255,False
000000183154.png,512,512,512,512,True,0.109787,255,False
000000183273.png,512,512,512,512,True,0.237194,132,False
000000184355.png,512,512,512,512,True,0.36956,228,False
000000185229.png,512,512,512,512,True,0.206272,256,False
000000185818.png,512,512,512,512,True,0.235767,245,False
000000185832.png,512,512,512,512,True,0.133007,219,False
000000186502.png,512,512,512,512,True,0.1563,196,False
000000187776.png,512,512,512,512,True,0.109177,227,False
000000187939.png,512,512,512,512,True,0.493721,242,False
000000188183.png,512,512,512,512,True,0.221367,254,False
000000189547.png,512,512,512,512,True,0.154182,186,False
000000190495.png,512,512,512,512,True,0.151886,198,False
000000190805.png,512,512,512,512,True,0.130108,244,False
000000191101.png,512,512,512,512,True,0.425167,241,False
000000191836.png,512,512,512,512,True,0.115974,247,False
000000192114.png,512,512,512,512,True,0.242355,214,False
000000192759.png,512,512,512,512,True,0.50095,229,False
000000193194.png,512,512,512,512,True,0.137413,140,False
000000193222.png,512,512,512,512,True,0.128098,232,False
000000194448.png,512,512,512,512,True,0.105087,239,False
000000194462.png,512,512,512,512,True,0.11261,246,False
000000194956.png,512,512,512,512,True,0.243008,250,False
000000195149.png,512,512,512,512,True,0.38438,255,False
000000195470.png,512,512,512,512,True,0.578354,224,False
000000196291.png,512,512,512,512,True,0.255962,241,False
000000196313.png,512,512,512,512,True,0.363789,249,False
000000196851.png,512,512,512,512,True,0.100376,219,False
000000196948.png,512,512,512,512,True,0.466999,247,False
000000197775.png,512,512,512,512,True,0.943027,122,False
000000198352.png,512,512,512,512,True,0.223953,241,False
000000198631.png,512,512,512,512,True,0.100769,197,False
000000198978.png,512,512,512,512,True,0.261353,252,False
000000199492.png,512,512,512,512,True,0.251709,226,False
000000200404.png,512,512,512,512,True,0.126385,224,False
000000200548.png,512,512,512,512,True,0.129421,238,False
000000201059.png,512,512,512,512,True,0.194904,253,False
000000202086.png,512,512,512,512,True,0.17004,247,False
000000205570.png,512,512,512,512,True,0.964378,145,False
000000205847.png,512,512,512,512,True,0.159149,215,False
000000206362.png,512,512,512,512,True,0.309021,242,False
000000207363.png,512,512,512,512,True,0.129181,243,False
000000208174.png,512,512,512,512,True,0.313,254,False
000000208805.png,512,512,512,512,True,0.311058,249,False
000000208984.png,512,512,512,512,True,0.258057,243,False
000000208995.png,512,512,512,512,True,0.149349,239,False
000000209041.png,512,512,512,512,True,0.148869,244,False
000000209768.png,512,512,512,512,True,0.337475,246,False
000000212782.png,512,512,512,512,True,0.199871,231,False
000000212866.png,512,512,512,512,True,0.485901,254,False
000000214241.png,512,512,512,512,True,0.387966,253,False
000000214261.png,512,512,512,512,True,0.378735,252,False
000000214724.png,512,512,512,512,True,0.161068,225,False
000000214792.png,512,512,512,512,True,0.174294,240,False
000000215289.png,512,512,512,512,True,0.210709,244,False
000000217959.png,512,512,512,512,True,0.1348,216,False
000000218855.png,512,512,512,512,True,0.198463,250,False
000000219418.png,512,512,512,512,True,0.136326,203,False
000000219654.png,512,512,512,512,True,0.128727,190,False
000000219690.png,512,512,512,512,True,0.203148,254,False
000000222908.png,512,512,512,512,True,0.12672,219,False
000000223838.png,512,512,512,512,True,0.262566,236,False
000000225177.png,512,512,512,512,True,0.25333,225,False
000000225383.png,512,512,512,512,True,0.335651,210,False
000000226220.png,512,512,512,512,True,0.132809,157,False
000000226795.png,512,512,512,512,True,0.115162,156,False
000000227134.png,512,512,512,512,True,0.459232,243,False
000000227193.png,512,512,512,512,True,0.472038,186,False
000000229440.png,512,512,512,512,True,0.100204,189,False
000000229833.png,512,512,512,512,True,0.15765,180,False
000000230436.png,512,512,512,512,True,0.24044,249,False
000000231240.png,512,512,512,512,True,0.102638,221,False
000000231918.png,512,512,512,512,True,0.149174,239,False
000000233210.png,512,512,512,512,True,0.475243,255,False
000000234217.png,512,512,512,512,True,0.218674,206,False
000000235721.png,512,512,512,512,True,0.304523,224,False
000000236031.png,512,512,512,512,True,0.129059,226,False
000000236036.png,512,512,512,512,True,0.138771,250,False
000000236552.png,512,512,512,512,True,0.306858,255,False
000000237357.png,512,512,512,512,True,0.202614,249,False
000000238124.png,512,512,512,512,True,0.43964,2,True
000000241214.png,512,512,512,512,True,0.954315,181,False
000000241340.png,512,512,512,512,True,0.148438,256,False
000000241369.png,512,512,512,512,True,0.154686,220,False
000000241505.png,512,512,512,512,True,0.638985,231,False
000000241531.png,512,512,512,512,True,0.170959,251,False
000000242083.png,512,512,512,512,True,0.451595,129,False
000000243031.png,512,512,512,512,True,0.819614,188,False
000000243791.png,512,512,512,512,True,0.10812,208,False
000000245857.png,512,512,512,512,True,0.11195,137,False
000000245873.png,512,512,512,512,True,0.437428,253,False
000000246494.png,512,512,512,512,True,0.11179,240,False
000000247744.png,512,512,512,512,True,0.137798,219,False
000000249130.png,512,512,512,512,True,0.561443,247,False
000000249256.png,512,512,512,512,True,0.41843,246,False
000000249616.png,512,512,512,512,True,0.149109,217,False
000000252193.png,512,512,512,512,True,0.500599,235,False
000000253784.png,512,512,512,512,True,0.115784,254,False
000000255272.png,512,512,512,512,True,0.16275,243,False
000000255925.png,512,512,512,512,True,0.275944,226,False
000000256628.png,512,512,512,512,True,0.123138,239,False
000000257297.png,512,512,512,512,True,0.237133,252,False
000000258073.png,512,512,512,512,True,0.294746,201,False
000000258927.png,512,512,512,512,True,0.133457,213,False
000000259913.png,512,512,512,512,True,0.520924,200,False
000000260713.png,512,512,512,512,True,0.212681,240,False
000000261785.png,512,512,512,512,True,0.67675,248,False
000000261999.png,512,512,512,512,True,0.351768,256,False
000000263101.png,512,512,512,512,True,0.140266,218,False
000000263288.png,512,512,512,512,True,0.17281,243,False
000000263647.png,512,512,512,512,True,0.187832,255,False
000000264191.png,512,512,512,512,True,0.176731,228,False
000000264420.png,512,512,512,512,True,0.226658,256,False
000000264554.png,512,512,512,512,True,0.195354,251,False
000000267008.png,512,512,512,512,True,0.172825,252,False
000000267363.png,512,512,512,512,True,0.594875,196,False
000000268469.png,512,512,512,512,True,0.298611,251,False
000000269098.png,512,512,512,512,True,0.357708,253,False
000000270688.png,512,512,512,512,True,0.450199,239,False
000000271051.png,512,512,512,512,True,0.113163,206,False
000000274640.png,512,512,512,512,True,0.293537,243,False
000000274999.png,512,512,512,512,True,0.735931,203,False
000000275374.png,512,512,512,512,True,0.230721,233,False
000000275611.png,512,512,512,512,True,0.594601,194,False
000000275691.png,512,512,512,512,True,0.883297,219,False
000000278963.png,512,512,512,512,True,0.110966,214,False
000000279300.png,512,512,512,512,True,0.996719,8,False
000000279454.png,512,512,512,512,True,0.401546,214,False
000000279491.png,512,512,512,512,True,0.147011,217,False
000000279749.png,512,512,512,512,True,0.1045,239,False
000000280297.png,512,512,512,512,True,0.12302,252,False
000000282456.png,512,512,512,512,True,0.260731,240,False
000000282514.png,512,512,512,512,True,0.228031,247,False
000000283548.png,512,512,512,512,True,0.119045,194,False
000000283620.png,512,512,512,512,True,0.257626,214,False
000000286723.png,512,512,512,512,True,0.345478,255,False
000000287400.png,512,512,512,512,True,0.127979,112,False
000000288383.png,512,512,512,512,True,0.432323,256,False
000000289575.png,512,512,512,512,True,0.122883,179,False
000000289698.png,512,512,512,512,True,0.494442,233,False
000000290062.png,512,512,512,512,True,0.397968,224,False
000000290183.png,512,512,512,512,True,0.146812,215,False
000000291451.png,512,512,512,512,True,0.224247,185,False
000000292213.png,512,512,512,512,True,0.181496,222,False
000000292558.png,512,512,512,512,True,0.258472,174,False
000000293283.png,512,512,512,512,True,0.873844,70,False
000000296797.png,512,512,512,512,True,0.120049,224,False
000000297092.png,512,512,512,512,True,0.123753,255,False
000000297442.png,512,512,512,512,True,0.260715,252,False
000000299654.png,512,512,512,512,True,0.303158,256,False
000000300214.png,512,512,512,512,True,0.694138,250,False
000000300732.png,512,512,512,512,True,0.570847,255,False
000000301415.png,512,512,512,512,True,0.441925,253,False
000000301970.png,512,512,512,512,True,0.139076,254,False
000000303233.png,512,512,512,512,True,0.20586,254,False
000000303549.png,512,512,512,512,True,0.315041,252,False
000000303593.png,512,512,512,512,True,0.338852,240,False
000000303778.png,512,512,512,512,True,0.149746,255,False
000000308263.png,512,512,512,512,True,0.217094,248,False
000000308488.png,512,512,512,512,True,0.119514,249,False
000000308722.png,512,512,512,512,True,0.255123,250,False
000000311759.png,512,512,512,512,True,0.394505,255,False
000000313061.png,512,512,512,512,True,0.199345,187,False
000000313097.png,512,512,512,512,True,0.286858,256,False
000000313596.png,512,512,512,512,True,0.14777,99,False
000000313665.png,512,512,512,512,True,0.439373,237,False
000000315831.png,512,512,512,512,True,0.419346,256,False
000000318785.png,512,512,512,512,True,0.317951,237,False
000000318910.png,512,512,512,512,True,0.716694,254,False
000000319690.png,512,512,512,512,True,0.105846,244,False
000000320354.png,512,512,512,512,True,0.163719,183,False
000000320972.png,512,512,512,512,True,0.154575,251,False
000000321332.png,512,512,512,512,True,0.119331,241,False
000000323010.png,512,512,512,512,True,0.195877,254,False
000000323552.png,512,512,512,512,True,0.111145,203,False
000000323634.png,512,512,512,512,True,0.145844,215,False
000000324313.png,512,512,512,512,True,0.140114,106,False
000000324409.png,512,512,512,512,True,0.14135,125,False
000000325907.png,512,512,512,512,True,0.460987,244,False
000000327746.png,512,512,512,512,True,0.634388,254,False
000000327799.png,512,512,512,512,True,0.176918,244,False
000000330100.png,512,512,512,512,True,0.12228,252,False
000000330243.png,512,512,512,512,True,0.304508,250,False
000000330403.png,512,512,512,512,True,0.107201,249,False
000000331214.png,512,512,512,512,True,0.103642,235,False
000000332210.png,512,512,512,512,True,0.226318,231,False
000000333000.png,512,512,512,512,True,0.164192,252,False
000000333101.png,512,512,512,512,True,0.478359,256,False
000000335063.png,512,512,512,512,True,0.175636,255,False
000000335359.png,512,512,512,512,True,0.144093,248,False
000000336354.png,512,512,512,512,True,0.24654,255,False
000000339670.png,512,512,512,512,True,0.103405,204,False
000000341369.png,512,512,512,512,True,0.20092,254,False
000000344930.png,512,512,512,512,True,0.180714,238,False
000000344945.png,512,512,512,512,True,0.270176,126,False
000000346290.png,512,512,512,512,True,0.210438,241,False
000000348809.png,512,512,512,512,True,0.851223,216,False
000000349090.png,512,512,512,512,True,0.476669,220,False
000000350160.png,512,512,512,512,True,0.414501,253,False
000000350309.png,512,512,512,512,True,0.413799,209,False
000000352155.png,512,512,512,512,True,0.15551,242,False
000000352789.png,512,512,512,512,True,0.383984,254,False
000000353761.png,512,512,512,512,True,0.233963,212,False
000000354369.png,512,512,512,512,True,0.666092,207,False
000000355741.png,512,512,512,512,True,0.468704,256,False
000000355871.png,512,512,512,512,True,0.132156,225,False
000000356107.png,512,512,512,512,True,0.127159,147,False
000000356396.png,512,512,512,512,True,0.249535,247,False
000000357799.png,512,512,512,512,True,0.115986,197,False
000000358200.png,512,512,512,512,True,0.123825,248,False
000000358334.png,512,512,512,512,True,0.132874,172,False
000000359876.png,512,512,512,512,True,0.239876,249,False
000000360279.png,512,512,512,512,True,0.710579,228,False
000000361119.png,512,512,512,512,True,0.125229,238,False
000000362446.png,512,512,512,512,True,0.359383,255,False
000000363071.png,512,512,512,512,True,0.181648,240,False
000000364770.png,512,512,512,512,True,0.109917,240,False
000000365135.png,512,512,512,512,True,0.763077,244,False
000000365600.png,512,512,512,512,True,0.148235,251,False
000000368468.png,512,512,512,512,True,0.212631,182,False
000000369491.png,512,512,512,512,True,0.107998,253,False
000000370038.png,512,512,512,512,True,0.130642,139,False
000000371493.png,512,512,512,512,True,0.530006,251,False
000000371927.png,512,512,512,512,True,0.160938,238,False
000000372058.png,512,512,512,512,True,0.190247,183,False
000000373254.png,512,512,512,512,True,0.2323,234,False
000000374171.png,512,512,512,512,True,0.105618,201,False
000000374375.png,512,512,512,512,True,0.293804,251,False
000000374984.png,512,512,512,512,True,0.312222,244,False
000000375045.png,512,512,512,512,True,0.154659,236,False
000000375450.png,512,512,512,512,True,0.104279,190,False
000000375926.png,512,512,512,512,True,0.692783,248,False
000000376209.png,512,512,512,512,True,0.124115,239,False
000000376643.png,512,512,512,512,True,0.354038,245,False
000000377910.png,512,512,512,512,True,0.414421,229,False
000000378313.png,512,512,512,512,True,0.170994,253,False
000000380979.png,512,512,512,512,True,0.157158,242,False
000000381253.png,512,512,512,512,True,0.635017,236,False
000000381314.png,512,512,512,512,True,0.144859,217,False
000000381533.png,512,512,512,512,True,0.164818,233,False
000000382104.png,512,512,512,512,True,0.156727,253,False
000000382641.png,512,512,512,512,True,0.545593,233,False
000000382717.png,512,512,512,512,True,0.217087,223,False
000000384486.png,512,512,512,512,True,0.973648,51,False
000000385873.png,512,512,512,512,True,0.128372,166,False
000000386525.png,512,512,512,512,True,0.235546,187,False
000000386589.png,512,512,512,512,True,0.167625,255,False
000000386768.png,512,512,512,512,True,0.101776,235,False
000000387604.png,512,512,512,512,True,0.486984,251,False
000000388569.png,512,512,512,512,True,0.345734,154,False
000000389964.png,512,512,512,512,True,0.256233,255,False
000000390002.png,512,512,512,512,True,0.257603,241,False
000000390348.png,512,512,512,512,True,0.101452,255,False
000000390934.png,512,512,512,512,True,0.576618,240,False
000000391486.png,512,512,512,512,True,0.760063,2,True
000000392229.png,512,512,512,512,True,0.669228,243,False
000000398799.png,512,512,512,512,True,0.971619,12,False
000000400253.png,512,512,512,512,True,0.194595,232,False
000000402788.png,512,512,512,512,True,0.190559,235,False
000000403798.png,512,512,512,512,True,0.216309,203,False
000000404450.png,512,512,512,512,True,0.108616,253,False
000000405210.png,512,512,512,512,True,0.328667,246,False
000000405361.png,512,512,512,512,True,0.157406,254,False
000000405848.png,512,512,512,512,True,0.159874,255,False
000000407197.png,512,512,512,512,True,0.112514,255,False
000000407959.png,512,512,512,512,True,0.231655,186,False
000000408755.png,512,512,512,512,True,0.143169,228,False
000000413956.png,512,512,512,512,True,0.214622,155,False
000000414109.png,512,512,512,512,True,0.207214,254,False
000000414162.png,512,512,512,512,True,0.105995,229,False
000000415461.png,512,512,512,512,True,0.153561,255,False
000000415901.png,512,512,512,512,True,0.246231,254,False
000000417818.png,512,512,512,512,True,0.234943,239,False
000000419076.png,512,512,512,512,True,0.277954,255,False
000000420422.png,512,512,512,512,True,0.844803,214,False
000000421955.png,512,512,512,512,True,0.119282,253,False
000000422899.png,512,512,512,512,True,0.168747,215,False
000000423363.png,512,512,512,512,True,0.143246,249,False
000000424332.png,512,512,512,512,True,0.610493,255,False
000000426700.png,512,512,512,512,True,0.255062,248,False
000000426829.png,512,512,512,512,True,0.117867,188,False
000000428085.png,512,512,512,512,True,0.264183,230,False
000000428995.png,512,512,512,512,True,0.429455,243,False
000000430035.png,512,512,512,512,True,0.180103,202,False
000000431707.png,512,512,512,512,True,0.511765,256,False
000000431824.png,512,512,512,512,True,0.152725,253,False
000000432150.png,512,512,512,512,True,0.156574,186,False
000000434486.png,512,512,512,512,True,0.188377,251,False
000000434893.png,512,512,512,512,True,0.505501,102,False
000000435751.png,512,512,512,512,True,0.100388,232,False
000000437297.png,512,512,512,512,True,0.224358,248,False
000000437745.png,512,512,512,512,True,0.589882,254,False
000000439518.png,512,512,512,512,True,0.344929,227,False
000000442301.png,512,512,512,512,True,0.320927,242,False
000000442549.png,512,512,512,512,True,0.103489,253,False
000000442980.png,512,512,512,512,True,0.213192,254,False
000000444235.png,512,512,512,512,True,0.511589,182,False
000000445140.png,512,512,512,512,True,0.714775,244,False
000000445594.png,512,512,512,512,True,0.627743,226,False
000000445829.png,512,512,512,512,True,0.251801,197,False
000000446694.png,512,512,512,512,True,0.266651,235,False
000000448069.png,512,512,512,512,True,0.490158,256,False
000000448236.png,512,512,512,512,True,0.36195,247,False
000000449078.png,512,512,512,512,True,0.2131,256,False
000000449412.png,512,512,512,512,True,0.104309,205,False
000000451727.png,512,512,512,512,True,0.239262,194,False
000000453472.png,512,512,512,512,True,0.552418,232,False
000000453541.png,512,512,512,512,True,0.602554,243,False
000000453792.png,512,512,512,512,True,0.115543,201,False
000000454399.png,512,512,512,512,True,0.153332,254,False
000000454830.png,512,512,512,512,True,0.340496,245,False
000000456556.png,512,512,512,512,True,0.103916,227,False
000000457261.png,512,512,512,512,True,0.198051,217,False
000000458622.png,512,512,512,512,True,0.263535,255,False
000000459037.png,512,512,512,512,True,0.987255,113,False
000000460031.png,512,512,512,512,True,0.100163,212,False
000000460364.png,512,512,512,512,True,0.180466,255,False
000000461501.png,512,512,512,512,True,0.38871,253,False
000000462197.png,512,512,512,512,True,0.160202,245,False
000000462530.png,512,512,512,512,True,0.126667,250,False
000000463913.png,512,512,512,512,True,0.20871,255,False
000000464546.png,512,512,512,512,True,0.407112,246,False
000000466196.png,512,512,512,512,True,0.197235,245,False
000000466838.png,512,512,512,512,True,0.24168,239,False
000000467252.png,512,512,512,512,True,0.269501,227,False
000000469315.png,512,512,512,512,True,0.190197,165,False
000000469896.png,512,512,512,512,True,0.200527,250,False
000000469995.png,512,512,512,512,True,0.289593,214,False
000000470104.png,512,512,512,512,True,0.120907,232,False
000000470172.png,512,512,512,512,True,0.133648,249,False
000000471913.png,512,512,512,512,True,0.543716,125,False
000000472874.png,512,512,512,512,True,0.101475,244,False
000000473075.png,512,512,512,512,True,0.284161,256,False
000000473425.png,512,512,512,512,True,0.265751,256,False
000000475313.png,512,512,512,512,True,0.342697,250,False
000000476889.png,512,512,512,512,True,0.266483,223,False
000000477120.png,512,512,512,512,True,0.347797,256,False
000000477351.png,512,512,512,512,True,0.348724,255,False
000000477641.png,512,512,512,512,True,0.156063,249,False
000000478159.png,512,512,512,512,True,0.31329,185,False
000000479102.png,512,512,512,512,True,0.176548,82,False
000000479864.png,512,512,512,512,True,0.137398,229,False
000000480036.png,512,512,512,512,True,0.210819,256,False
000000481648.png,512,512,512,512,True,0.132774,142,False
000000482382.png,512,512,512,512,True,0.271027,225,False
000000482451.png,512,512,512,512,True,0.176186,232,False
000000482562.png,512,512,512,512,True,0.255302,185,False
000000484651.png,512,512,512,512,True,0.324066,240,False
000000485172.png,512,512,512,512,True,0.306015,252,False
000000485187.png,512,512,512,512,True,0.340717,196,False
000000486013.png,512,512,512,512,True,0.487099,210,False
000000486081.png,512,512,512,512,True,0.233402,238,False
000000486536.png,512,512,512,512,True,0.100285,193,False
000000487351.png,512,512,512,512,True,0.169651,256,False
000000487904.png,512,512,512,512,True,0.351601,255,False
000000488014.png,512,512,512,512,True,0.201454,238,False
000000489440.png,512,512,512,512,True,0.141819,252,False
000000490046.png,512,512,512,512,True,0.133331,215,False
000000491164.png,512,512,512,512,True,0.627853,254,False
000000492069.png,512,512,512,512,True,0.342838,244,False
000000493197.png,512,512,512,512,True,0.1222,164,False
000000494800.png,512,512,512,512,True,0.247269,256,False
000000495609.png,512,512,512,512,True,0.107849,247,False
000000495613.png,512,512,512,512,True,0.496719,256,False
000000495905.png,512,512,512,512,True,0.145523,242,False
000000496106.png,512,512,512,512,True,0.555477,250,False
000000500044.png,512,512,512,512,True,0.185677,195,False
000000500226.png,512,512,512,512,True,0.111504,240,False
000000501257.png,512,512,512,512,True,0.221897,241,False
000000501695.png,512,512,512,512,True,0.232803,249,False
000000503269.png,512,512,512,512,True,0.31192,256,False
000000503293.png,512,512,512,512,True,0.16193,255,False
000000503478.png,512,512,512,512,True,0.957348,116,False
000000504550.png,512,512,512,512,True,0.204365,251,False
000000504790.png,512,512,512,512,True,0.421444,193,False
000000504878.png,512,512,512,512,True,0.13092,166,False
000000507389.png,512,512,512,512,True,0.125462,252,False
000000507809.png,512,512,512,512,True,0.108799,169,False
000000508230.png,512,512,512,512,True,0.151665,236,False
000000508502.png,512,512,512,512,True,0.297863,187,False
000000509468.png,512,512,512,512,True,0.647697,221,False
000000509534.png,512,512,512,512,True,0.637718,227,False
000000509579.png,512,512,512,512,True,0.15855,186,False
000000509786.png,512,512,512,512,True,0.177658,255,False
000000510365.png,512,512,512,512,True,0.296047,248,False
000000510756.png,512,512,512,512,True,0.10862,245,False
000000513397.png,512,512,512,512,True,0.292145,254,False
000000513943.png,512,512,512,512,True,0.310005,215,False
000000514243.png,512,512,512,512,True,0.203808,255,False
000000514321.png,512,512,512,512,True,0.821499,148,False
000000514600.png,512,512,512,512,True,0.191082,246,False
000000515893.png,512,512,512,512,True,0.140064,245,False
000000517454.png,512,512,512,512,True,0.270172,253,False
000000517702.png,512,512,512,512,True,0.151531,241,False
000000517794.png,512,512,512,512,True,0.282837,219,False
000000518552.png,512,512,512,512,True,0.14624,86,False
000000518859.png,512,512,512,512,True,0.425392,234,False
000000521533.png,512,512,512,512,True,0.105225,256,False
000000522613.png,512,512,512,512,True,0.14325,232,False
000000523576.png,512,512,512,512,True,0.170635,254,False
000000524638.png,512,512,512,512,True,0.189518,243,False
000000525860.png,512,512,512,512,True,0.879063,213,False
000000528595.png,512,512,512,512,True,0.185276,244,False
000000529645.png,512,512,512,512,True,0.489964,232,False
000000530486.png,512,512,512,512,True,0.181744,240,False
000000530520.png,512,512,512,512,True,0.175457,251,False
000000530546.png,512,512,512,512,True,0.147751,196,False
000000532617.png,512,512,512,512,True,0.260063,195,False
000000533158.png,512,512,512,512,True,0.214611,241,False
000000536149.png,512,512,512,512,True,0.322769,255,False
000000536619.png,512,512,512,512,True,0.102894,216,False
000000539419.png,512,512,512,512,True,0.139984,197,False
000000540633.png,512,512,512,512,True,0.438538,78,False
000000541147.png,512,512,512,512,True,0.133179,203,False
000000541280.png,512,512,512,512,True,0.397133,193,False
000000542024.png,512,512,512,512,True,0.158791,253,False
000000542855.png,512,512,512,512,True,0.105751,243,False
000000543272.png,512,512,512,512,True,0.177887,220,False
000000543657.png,512,512,512,512,True,0.162395,241,False
000000544039.png,512,512,512,512,True,0.385944,240,False
000000544299.png,512,512,512,512,True,0.13308,118,False
000000545891.png,512,512,512,512,True,0.258785,226,False
000000546568.png,512,512,512,512,True,0.302269,253,False
000000546643.png,512,512,512,512,True,0.395706,240,False
000000548597.png,512,512,512,512,True,0.334545,237,False
000000548979.png,512,512,512,512,True,0.168461,255,False
000000550729.png,512,512,512,512,True,0.497135,255,False
000000550747.png,512,512,512,512,True,0.437149,186,False
000000551244.png,512,512,512,512,True,0.424301,226,False
000000551316.png,512,512,512,512,True,0.130093,235,False
000000552851.png,512,512,512,512,True,0.235912,251,False
000000553067.png,512,512,512,512,True,0.103291,254,False
000000553081.png,512,512,512,512,True,0.152824,250,False
000000553531.png,512,512,512,512,True,0.174118,231,False
000000555577.png,512,512,512,512,True,0.504009,238,False
000000557685.png,512,512,512,512,True,0.206764,246,False
000000559701.png,512,512,512,512,True,0.377712,252,False
000000559950.png,512,512,512,512,True,0.315319,205,False
000000564677.png,512,512,512,512,True,0.113457,189,False
000000566704.png,512,512,512,512,True,0.103146,253,False
000000569353.png,512,512,512,512,True,0.122581,229,False
000000570039.png,512,512,512,512,True,0.410488,97,False
000000570094.png,512,512,512,512,True,0.940823,220,False
000000570518.png,512,512,512,512,True,0.185371,220,False
000000571029.png,512,512,512,512,True,0.205986,256,False
000000571076.png,512,512,512,512,True,0.496639,241,False
000000572935.png,512,512,512,512,True,0.206467,255,False
000000573044.png,512,512,512,512,True,0.426136,241,False
000000573954.png,512,512,512,512,True,0.292145,191,False
000000574492.png,512,512,512,512,True,0.418705,248,False
000000574599.png,512,512,512,512,True,0.132885,256,False
000000575717.png,512,512,512,512,True,0.902332,221,False
000000576122.png,512,512,512,512,True,0.20454,232,False
000000577126.png,512,512,512,512,True,0.176735,249,False
000000577320.png,512,512,512,512,True,0.47234,245,False
000000577654.png,512,512,512,512,True,0.311581,161,False
000000577876.png,512,512,512,512,True,0.11676,140,False
000000579632.png,512,512,512,512,True,0.130226,223,False
000000579926.png,512,512,512,512,True,0.732582,256,False
000000581732.png,512,512,512,512,True,0.192703,255,False
celebA_000028_heavy.png,720,1456,720,1456,True,0.181034,2,True
celebA_000043_modify.png,832,1248,832,1248,True,0.172928,2,True
celebA_000057_modify.png,1184,880,1184,880,True,0.111896,2,True
celebA_000104_add.png,832,1248,832,1248,True,0.044555,2,True
celebA_000121_remove.png,832,1248,832,1248,True,0.007869,2,True
celebA_000146_remove.png,1024,1024,1024,1024,True,0.007002,2,True
celebA_000158_modify.png,880,1184,880,1184,True,0.044796,2,True
celebA_000161_add.png,880,1184,880,1184,True,0.007388,2,True
celebA_000190_heavy.png,880,1184,880,1184,True,0.65368,2,True
celebA_000234_modify.png,832,1248,832,1248,True,0.061107,2,True
celebA_000294_heavy.png,944,1104,944,1104,True,0.457974,2,True
celebA_000322_heavy.png,832,1248,832,1248,True,0.243518,2,True
celebA_000333_modify.png,1184,880,1184,880,True,0.099904,2,True
celebA_000336_remove.png,1024,1024,1024,1024,True,0.004624,2,True
celebA_000359_remove.png,880,1184,880,1184,True,0.002529,2,True
celebA_000375_add.png,944,1104,944,1104,True,0.122122,2,True
celebA_000387_remove.png,944,1104,944,1104,True,0.009417,2,True
celebA_000428_remove.png,944,1104,944,1104,True,0.036361,2,True
celebA_000437_add.png,832,1248,832,1248,True,0.038207,2,True
celebA_000437_heavy.png,832,1248,832,1248,True,0.512816,2,True
celebA_000501_heavy.png,1184,880,1184,880,True,0.465866,2,True
celebA_000503_heavy.png,880,1184,880,1184,True,0.208374,2,True
celebA_000572_add.png,832,1248,832,1248,True,0.019314,2,True
celebA_000572_heavy.png,832,1248,832,1248,True,0.181204,2,True
celebA_000594_add.png,1024,1024,1024,1024,True,0.021962,2,True
celebA_000611_add.png,832,1248,832,1248,True,0.005895,2,True
celebA_000693_remove.png,880,1184,880,1184,True,0.008805,2,True
celebA_000705_add.png,832,1248,832,1248,True,0.026688,2,True
celebA_000736_add.png,832,1248,832,1248,True,0.067609,2,True
celebA_000751_add.png,880,1184,880,1184,True,0.006112,2,True
celebA_000756_modify.png,1248,832,1248,832,True,0.179188,2,True
celebA_000763_modify.png,1184,880,1184,880,True,0.443268,2,True
celebA_000765_heavy.png,1248,832,1248,832,True,0.113631,2,True
celebA_000782_heavy.png,944,1104,944,1104,True,0.102932,2,True
celebA_000802_remove.png,880,1184,880,1184,True,0.013191,2,True
celebA_000852_modify.png,944,1104,944,1104,True,0.253118,2,True
celebA_000852_remove.png,944,1104,944,1104,True,0.017551,2,True
celebA_000985_heavy.png,832,1248,832,1248,True,0.18958,2,True
celebA_001010_remove.png,944,1104,944,1104,True,0.177286,2,True
celebA_001022_add.png,1104,944,1104,944,True,0.078486,2,True
celebA_001073_heavy.png,1248,832,1248,832,True,0.275443,2,True
celebA_001158_add.png,1024,1024,1024,1024,True,0.015001,2,True
celebA_001158_heavy.png,1024,1024,1024,1024,True,0.08908,2,True
celebA_001250_heavy.png,944,1104,944,1104,True,0.067015,2,True
celebA_001341_add.png,1248,832,1248,832,True,0.012044,2,True
celebA_001362_heavy.png,832,1248,832,1248,True,0.334722,2,True
celebA_001363_heavy.png,880,1184,880,1184,True,0.142321,2,True
celebA_001363_remove.png,880,1184,880,1184,True,0.019692,2,True
celebA_001383_modify.png,880,1184,880,1184,True,0.093645,2,True
celebA_001423_remove.png,880,1184,880,1184,True,0.010807,2,True
celebA_001472_heavy.png,832,1248,832,1248,True,0.337801,2,True
celebA_001496_heavy.png,880,1184,880,1184,True,0.745214,2,True
celebA_001502_remove.png,1184,880,1184,880,True,0.280561,2,True
celebA_001549_remove.png,880,1184,880,1184,True,0.004684,2,True
celebA_001550_add.png,1024,1024,1024,1024,True,0.057335,2,True
celebA_001584_add.png,1248,832,1248,832,True,0.016658,2,True
celebA_001584_modify.png,1248,832,1248,832,True,0.281578,2,True
celebA_001599_modify.png,832,1248,832,1248,True,0.230674,2,True
celebA_001633_heavy.png,880,1184,880,1184,True,0.454701,2,True
celebA_001676_remove.png,880,1184,880,1184,True,0.0132,2,True
celebA_001705_modify.png,880,1184,880,1184,True,0.048053,2,True
celebA_001706_remove.png,1248,832,1248,832,True,0.003084,2,True
celebA_001745_modify.png,1024,1024,1024,1024,True,0.339208,2,True
celebA_001745_remove.png,1024,1024,1024,1024,True,0.133438,2,True
celebA_001747_remove.png,880,1184,880,1184,True,0.003017,2,True
celebA_001753_heavy.png,944,1104,944,1104,True,0.37332,2,True
celebA_001763_add.png,880,1184,880,1184,True,0.041042,2,True
celebA_001783_modify.png,880,1184,880,1184,True,0.27189,2,True
celebA_001803_heavy.png,944,1104,944,1104,True,0.417512,2,True
celebA_001825_modify.png,944,1104,944,1104,True,0.114902,2,True
celebA_001832_heavy.png,1392,752,1392,752,True,0.233662,2,True
celebA_001840_heavy.png,944,1104,944,1104,True,0.477868,2,True
celebA_001899_add.png,1392,752,1392,752,True,0.026973,2,True
celebA_001925_heavy.png,1024,1024,1024,1024,True,0.465956,2,True
celebA_001933_heavy.png,944,1104,944,1104,True,0.656054,2,True
celebA_001933_modify.png,944,1104,944,1104,True,0.166636,2,True
celebA_001947_add.png,832,1248,832,1248,True,0.019017,2,True
celebA_001959_heavy.png,832,1248,832,1248,True,0.367678,2,True
celebA_001962_remove.png,880,1184,880,1184,True,0.201143,2,True
celebA_001964_heavy.png,944,1104,944,1104,True,0.382025,2,True
celebA_001974_add.png,944,1104,944,1104,True,0.0065,2,True
celebA_001975_modify.png,752,1392,752,1392,True,0.458705,2,True
celebA_002010_heavy.png,832,1248,832,1248,True,0.519221,2,True
celebA_002040_add.png,832,1248,832,1248,True,0.028185,2,True
celebA_002044_add.png,944,1104,944,1104,True,0.031719,2,True
celebA_002077_heavy.png,880,1184,880,1184,True,0.321502,2,True
celebA_002110_modify.png,1184,880,1184,880,True,0.016033,2,True
celebA_002132_modify.png,944,1104,944,1104,True,0.193013,2,True
celebA_002147_heavy.png,1248,832,1248,832,True,0.180232,2,True
celebA_002165_heavy.png,832,1248,832,1248,True,0.311203,2,True
celebA_002183_remove.png,752,1392,752,1392,True,0.018205,2,True
celebA_002197_modify.png,1184,880,1184,880,True,0.215123,2,True
celebA_002208_add.png,1184,880,1184,880,True,0.057789,2,True
celebA_002209_add.png,944,1104,944,1104,True,0.033245,2,True
celebA_002237_modify.png,832,1248,832,1248,True,0.107862,2,True
celebA_002259_heavy.png,880,1184,880,1184,True,0.190692,2,True
celebA_002274_modify.png,944,1104,944,1104,True,0.108181,2,True
celebA_002274_remove.png,944,1104,944,1104,True,0.035747,2,True
celebA_002300_add.png,944,1104,944,1104,True,0.01544,2,True
celebA_002435_heavy.png,832,1248,832,1248,True,0.303991,2,True
celebA_002469_add.png,944,1104,944,1104,True,0.017443,2,True
celebA_002481_add.png,832,1248,832,1248,True,0.028913,2,True
celebA_002481_remove.png,832,1248,832,1248,True,0.16451,2,True
celebA_002486_remove.png,880,1184,880,1184,True,0.002052,2,True
celebA_002538_modify.png,832,1248,832,1248,True,0.091626,2,True
celebA_002556_remove.png,1024,1024,1024,1024,True,0.138622,2,True
celebA_002558_remove.png,880,1184,880,1184,True,0.080286,2,True
celebA_002561_modify.png,880,1184,880,1184,True,0.012699,2,True
celebA_002573_remove.png,1024,1024,1024,1024,True,0.028154,2,True
celebA_002637_modify.png,1248,832,1248,832,True,0.03632,2,True
celebA_002708_heavy.png,880,1184,880,1184,True,0.41996,2,True
celebA_002718_heavy.png,832,1248,832,1248,True,0.271622,2,True
celebA_002765_heavy.png,944,1104,944,1104,True,0.232584,2,True
celebA_002769_add.png,1184,880,1184,880,True,0.02414,2,True
celebA_002794_modify.png,880,1184,880,1184,True,0.096858,2,True
celebA_002832_add.png,944,1104,944,1104,True,0.010441,2,True
celebA_002861_modify.png,832,1248,832,1248,True,0.152629,2,True
celebA_002875_modify.png,880,1184,880,1184,True,0.016648,2,True
celebA_002891_remove.png,880,1184,880,1184,True,0.062936,2,True
celebA_002893_modify.png,880,1184,880,1184,True,0.350105,2,True
celebA_002914_remove.png,832,1248,832,1248,True,0.057865,2,True
celebA_002962_modify.png,944,1104,944,1104,True,0.134928,2,True
celebA_003014_add.png,880,1184,880,1184,True,0.025961,2,True
celebA_003038_modify.png,1184,880,1184,880,True,0.065554,2,True
celebA_003054_add.png,880,1184,880,1184,True,0.009082,2,True
celebA_003085_modify.png,1104,944,1104,944,True,0.058985,2,True
celebA_003150_add.png,832,1248,832,1248,True,0.047689,2,True
celebA_003192_modify.png,1248,832,1248,832,True,0.218417,2,True
celebA_003194_modify.png,832,1248,832,1248,True,0.079923,2,True
celebA_003276_remove.png,944,1104,944,1104,True,0.045539,2,True
celebA_003288_remove.png,832,1248,832,1248,True,0.060439,2,True
celebA_003377_modify.png,832,1248,832,1248,True,0.246366,2,True
celebA_003385_add.png,880,1184,880,1184,True,0.015213,2,True
celebA_003385_modify.png,880,1184,880,1184,True,0.075791,2,True
celebA_003401_heavy.png,880,1184,880,1184,True,0.114979,2,True
celebA_003410_add.png,1104,944,1104,944,True,0.012161,2,True
celebA_003410_heavy.png,1104,944,1104,944,True,0.263133,2,True
celebA_003411_modify.png,880,1184,880,1184,True,0.284261,2,True
celebA_003412_remove.png,832,1248,832,1248,True,0.002993,2,True
celebA_003451_modify.png,832,1248,832,1248,True,0.253201,2,True
celebA_003477_remove.png,1184,880,1184,880,True,0.096016,2,True
celebA_003488_modify.png,1184,880,1184,880,True,0.076946,2,True
celebA_003545_heavy.png,832,1248,832,1248,True,0.079252,2,True
celebA_003546_add.png,832,1248,832,1248,True,0.030204,2,True
celebA_003581_modify.png,880,1184,880,1184,True,0.098485,2,True
celebA_003598_modify.png,1184,880,1184,880,True,0.253933,2,True
celebA_003604_heavy.png,944,1104,944,1104,True,0.455446,2,True
celebA_003646_remove.png,832,1248,832,1248,True,0.003458,2,True
celebA_003667_add.png,832,1248,832,1248,True,0.014476,2,True
celebA_003761_heavy.png,832,1248,832,1248,True,0.260811,2,True
celebA_003761_modify.png,832,1248,832,1248,True,0.0913,2,True
celebA_003762_remove.png,944,1104,944,1104,True,0.014463,2,True
celebA_003792_heavy.png,832,1248,832,1248,True,0.047277,2,True
celebA_003814_modify.png,832,1248,832,1248,True,0.072987,2,True
celebA_003841_add.png,832,1248,832,1248,True,0.012553,2,True
celebA_003841_heavy.png,832,1248,832,1248,True,0.040316,2,True
celebA_003852_remove.png,1024,1024,1024,1024,True,0.003251,2,True
celebA_003893_modify.png,832,1248,832,1248,True,0.222468,2,True
celebA_003951_remove.png,832,1248,832,1248,True,0.03111,2,True
celebA_003957_add.png,832,1248,832,1248,True,0.009551,2,True
celebA_003971_remove.png,880,1184,880,1184,True,0.004306,2,True
celebA_004013_add.png,1184,880,1184,880,True,0.036494,2,True
celebA_004021_heavy.png,1024,1024,1024,1024,True,0.277243,2,True
celebA_004089_heavy.png,832,1248,832,1248,True,0.060731,2,True
celebA_004092_remove.png,832,1248,832,1248,True,0.064971,2,True
celebA_004123_modify.png,832,1248,832,1248,True,0.050044,2,True
celebA_004130_modify.png,1184,880,1184,880,True,0.107701,2,True
celebA_004139_heavy.png,880,1184,880,1184,True,0.259289,2,True
celebA_004140_add.png,880,1184,880,1184,True,0.008782,2,True
celebA_004142_heavy.png,832,1248,832,1248,True,0.294954,2,True
celebA_004156_heavy.png,832,1248,832,1248,True,0.12887,2,True
celebA_004222_modify.png,832,1248,832,1248,True,0.074052,2,True
celebA_004290_remove.png,832,1248,832,1248,True,0.100374,2,True
celebA_004309_add.png,944,1104,944,1104,True,0.007122,2,True
celebA_004334_heavy.png,832,1248,832,1248,True,0.2771,2,True
celebA_004345_heavy.png,1184,880,1184,880,True,0.241349,2,True
celebA_004409_heavy.png,1104,944,1104,944,True,0.45153,2,True
celebA_004442_heavy.png,880,1184,880,1184,True,0.245397,2,True
celebA_004447_heavy.png,832,1248,832,1248,True,0.334237,2,True
celebA_004470_heavy.png,832,1248,832,1248,True,0.17245,2,True
celebA_004472_remove.png,832,1248,832,1248,True,0.205155,2,True
celebA_004483_heavy.png,832,1248,832,1248,True,0.356349,2,True
celebA_004486_modify.png,1184,880,1184,880,True,0.052019,2,True
celebA_004486_remove.png,1184,880,1184,880,True,0.000713,2,True
celebA_004504_add.png,1024,1024,1024,1024,True,0.02852,2,True
celebA_004522_add.png,832,1248,832,1248,True,0.012426,2,True
celebA_004522_modify.png,832,1248,832,1248,True,0.070706,2,True
celebA_004625_heavy.png,1184,880,1184,880,True,0.247507,2,True
celebA_004635_heavy.png,1024,1024,1024,1024,True,0.136941,2,True
celebA_004642_add.png,880,1184,880,1184,True,0.034566,2,True
celebA_004642_heavy.png,880,1184,880,1184,True,0.254471,2,True
celebA_004642_modify.png,880,1184,880,1184,True,0.02537,2,True
celebA_004643_add.png,832,1248,832,1248,True,0.007365,2,True
celebA_004670_add.png,880,1184,880,1184,True,0.015434,2,True
celebA_004688_heavy.png,1104,944,1104,944,True,0.287353,2,True
celebA_004720_modify.png,944,1104,944,1104,True,0.238616,2,True
celebA_004727_heavy.png,880,1184,880,1184,True,0.133234,2,True
celebA_004727_remove.png,880,1184,880,1184,True,0.030746,2,True
celebA_004759_remove.png,944,1104,944,1104,True,0.082058,2,True
celebA_004798_add.png,832,1248,832,1248,True,0.016718,2,True
celebA_004813_add.png,1248,832,1248,832,True,0.043271,2,True
celebA_004822_add.png,1248,832,1248,832,True,0.016695,2,True
celebA_004827_heavy.png,1024,1024,1024,1024,True,0.53566,2,True
celebA_004846_add.png,944,1104,944,1104,True,0.060433,2,True
celebA_004869_modify.png,832,1248,832,1248,True,0.135435,2,True
celebA_004897_modify.png,1024,1024,1024,1024,True,0.279049,2,True
celebA_004927_heavy.png,880,1184,880,1184,True,0.123836,2,True
celebA_004936_add.png,944,1104,944,1104,True,0.025955,2,True
celebA_004955_modify.png,832,1248,832,1248,True,0.148985,2,True
celebA_004960_add.png,1392,752,1392,752,True,0.13666,2,True
celebA_004960_heavy.png,1392,752,1392,752,True,0.183748,2,True
celebA_004997_heavy.png,880,1184,880,1184,True,0.635818,2,True
celebA_005031_add.png,944,1104,944,1104,True,0.036988,2,True
celebA_005096_add.png,944,1104,944,1104,True,0.031267,2,True
celebA_005148_heavy.png,1248,832,1248,832,True,0.162042,2,True
celebA_005148_modify.png,1248,832,1248,832,True,0.125306,2,True
celebA_005180_heavy.png,880,1184,880,1184,True,0.098495,2,True
celebA_005180_modify.png,880,1184,880,1184,True,0.095002,2,True
celebA_005240_modify.png,944,1104,944,1104,True,0.2577,2,True
celebA_005329_add.png,944,1104,944,1104,True,0.028725,2,True
celebA_005373_add.png,832,1248,832,1248,True,0.00753,2,True
celebA_005385_add.png,880,1184,880,1184,True,0.054942,2,True
celebA_005389_heavy.png,880,1184,880,1184,True,0.265557,2,True
celebA_005468_heavy.png,880,1184,880,1184,True,0.424877,2,True
celebA_005469_heavy.png,1248,832,1248,832,True,0.097994,2,True
celebA_005469_modify.png,1248,832,1248,832,True,0.055085,2,True
celebA_005548_modify.png,944,1104,944,1104,True,0.299021,2,True
celebA_005550_heavy.png,1184,880,1184,880,True,0.280238,2,True
celebA_005652_modify.png,752,1392,752,1392,True,0.547068,2,True
celebA_005684_add.png,832,1248,832,1248,True,0.047941,2,True
celebA_005788_add.png,1024,1024,1024,1024,True,0.049598,2,True
celebA_005788_modify.png,1024,1024,1024,1024,True,0.280435,2,True
celebA_005806_modify.png,944,1104,944,1104,True,0.146513,2,True
celebA_005830_remove.png,832,1248,832,1248,True,0.061902,2,True
celebA_005853_remove.png,832,1248,832,1248,True,0.12038,2,True
celebA_005905_heavy.png,880,1184,880,1184,True,0.296841,2,True
celebA_005963_add.png,880,1184,880,1184,True,0.00329,2,True
celebA_005972_heavy.png,880,1184,880,1184,True,0.349513,2,True
celebA_006003_remove.png,1184,880,1184,880,True,0.002666,2,True
celebA_006007_modify.png,880,1184,880,1184,True,0.151349,2,True
celebA_006029_add.png,944,1104,944,1104,True,0.026095,2,True
celebA_006043_modify.png,832,1248,832,1248,True,0.247962,2,True
celebA_006136_heavy.png,832,1248,832,1248,True,0.224962,2,True
celebA_006157_add.png,880,1184,880,1184,True,0.172245,2,True
celebA_006186_modify.png,1184,880,1184,880,True,0.088425,2,True
celebA_006254_modify.png,1392,752,1392,752,True,0.094406,2,True
celebA_006259_add.png,1104,944,1104,944,True,0.066808,2,True
celebA_006309_remove.png,880,1184,880,1184,True,0.124647,2,True
celebA_006311_modify.png,832,1248,832,1248,True,0.463211,2,True
celebA_006316_modify.png,880,1184,880,1184,True,0.179918,2,True
celebA_006322_heavy.png,832,1248,832,1248,True,0.376408,2,True
celebA_006324_add.png,832,1248,832,1248,True,0.030227,2,True
celebA_006342_modify.png,832,1248,832,1248,True,0.024229,2,True
celebA_006365_add.png,880,1184,880,1184,True,0.086403,2,True
celebA_006388_remove.png,688,1504,688,1504,True,0.093332,2,True
celebA_006396_remove.png,880,1184,880,1184,True,0.000605,2,True
celebA_006402_heavy.png,832,1248,832,1248,True,0.1981,2,True
celebA_006469_add.png,1248,832,1248,832,True,0.013652,2,True
celebA_006485_add.png,880,1184,880,1184,True,0.004889,2,True
celebA_006539_heavy.png,832,1248,832,1248,True,0.496736,2,True
celebA_006540_add.png,832,1248,832,1248,True,0.289106,2,True
celebA_006552_remove.png,1392,752,1392,752,True,0.017929,2,True
celebA_006573_add.png,1024,1024,1024,1024,True,0.052063,2,True
celebA_006573_remove.png,1024,1024,1024,1024,True,0.049241,2,True
celebA_006611_heavy.png,880,1184,880,1184,True,0.29615,2,True
celebA_006630_modify.png,944,1104,944,1104,True,0.122573,2,True
celebA_006630_remove.png,944,1104,944,1104,True,0.091504,2,True
celebA_006632_add.png,832,1248,832,1248,True,0.005829,2,True
celebA_006641_remove.png,944,1104,944,1104,True,0.012438,2,True
celebA_006648_modify.png,832,1248,832,1248,True,0.161957,2,True
celebA_006657_remove.png,880,1184,880,1184,True,0.188528,2,True
celebA_006678_heavy.png,880,1184,880,1184,True,0.454862,2,True
celebA_006682_heavy.png,944,1104,944,1104,True,0.242087,2,True
celebA_006685_remove.png,880,1184,880,1184,True,0.002098,2,True
celebA_006694_modify.png,880,1184,880,1184,True,0.330409,2,True
celebA_006742_remove.png,832,1248,832,1248,True,0.016657,2,True
celebA_006743_modify.png,832,1248,832,1248,True,0.074932,2,True
celebA_006747_modify.png,1024,1024,1024,1024,True,0.111909,2,True
celebA_006750_heavy.png,832,1248,832,1248,True,0.245021,2,True
celebA_006804_add.png,1184,880,1184,880,True,0.021571,2,True
celebA_006804_remove.png,1184,880,1184,880,True,0.012767,2,True
celebA_006835_add.png,832,1248,832,1248,True,0.084706,2,True
celebA_006848_add.png,832,1248,832,1248,True,0.019812,2,True
celebA_006855_heavy.png,1104,944,1104,944,True,0.2217,2,True
celebA_006855_remove.png,1104,944,1104,944,True,0.122969,2,True
celebA_006874_remove.png,944,1104,944,1104,True,0.064931,2,True
celebA_006878_add.png,1024,1024,1024,1024,True,0.253146,2,True
celebA_006892_remove.png,880,1184,880,1184,True,0.174521,2,True
celebA_006902_heavy.png,1456,720,1456,720,True,0.08238,2,True
celebA_006915_heavy.png,832,1248,832,1248,True,0.286952,2,True
celebA_006966_modify.png,1104,944,1104,944,True,0.026198,2,True
celebA_006966_remove.png,1104,944,1104,944,True,0.00316,2,True
celebA_007005_heavy.png,1024,1024,1024,1024,True,0.263869,2,True
celebA_007016_add.png,832,1248,832,1248,True,0.008671,2,True
celebA_007026_add.png,1248,832,1248,832,True,0.008215,2,True
celebA_007087_heavy.png,832,1248,832,1248,True,0.325537,2,True
celebA_007100_heavy.png,1104,944,1104,944,True,0.438195,2,True
celebA_007114_add.png,880,1184,880,1184,True,0.029172,2,True
celebA_007114_remove.png,880,1184,880,1184,True,0.001649,2,True
celebA_007125_heavy.png,880,1184,880,1184,True,0.227927,2,True
celebA_007146_heavy.png,944,1104,944,1104,True,0.199264,2,True
celebA_007146_modify.png,944,1104,944,1104,True,0.099543,2,True
celebA_007166_remove.png,752,1392,752,1392,True,0.01084,2,True
celebA_007181_remove.png,944,1104,944,1104,True,0.010205,2,True
celebA_007196_add.png,832,1248,832,1248,True,0.140782,2,True
celebA_007235_remove.png,832,1248,832,1248,True,0.057715,2,True
celebA_007307_modify.png,880,1184,880,1184,True,0.076972,2,True
celebA_007328_modify.png,1024,1024,1024,1024,True,0.34051,2,True
celebA_007334_modify.png,944,1104,944,1104,True,0.160129,2,True
celebA_007388_modify.png,832,1248,832,1248,True,0.278028,2,True
celebA_007413_add.png,832,1248,832,1248,True,0.021223,2,True
celebA_007426_add.png,832,1248,832,1248,True,0.037491,2,True
celebA_007428_add.png,832,1248,832,1248,True,0.048638,2,True
celebA_007443_add.png,1184,880,1184,880,True,0.022613,2,True
celebA_007501_remove.png,880,1184,880,1184,True,0.009687,2,True
celebA_007509_add.png,880,1184,880,1184,True,0.011731,2,True
celebA_007510_remove.png,944,1104,944,1104,True,0.018423,2,True
celebA_007564_modify.png,880,1184,880,1184,True,0.262339,2,True
celebA_007570_heavy.png,944,1104,944,1104,True,0.311764,2,True
celebA_007570_modify.png,944,1104,944,1104,True,0.317468,2,True
celebA_007574_modify.png,880,1184,880,1184,True,0.067261,2,True
celebA_007589_remove.png,832,1248,832,1248,True,0.001579,2,True
celebA_007599_add.png,880,1184,880,1184,True,0.055436,2,True
celebA_007612_heavy.png,832,1248,832,1248,True,0.33046,2,True
celebA_007633_modify.png,1104,944,1104,944,True,0.174597,2,True
celebA_007702_modify.png,880,1184,880,1184,True,0.1182,2,True
celebA_007732_modify.png,832,1248,832,1248,True,0.288107,2,True
celebA_007736_add.png,880,1184,880,1184,True,0.03761,2,True
celebA_007746_add.png,944,1104,944,1104,True,0.103059,2,True
celebA_007752_add.png,880,1184,880,1184,True,0.011377,2,True
celebA_007801_modify.png,880,1184,880,1184,True,0.139881,2,True
celebA_007804_heavy.png,832,1248,832,1248,True,0.345797,2,True
celebA_007824_remove.png,944,1104,944,1104,True,0.003129,2,True
celebA_007858_add.png,880,1184,880,1184,True,0.160155,2,True
celebA_007865_heavy.png,832,1248,832,1248,True,0.099201,2,True
celebA_007865_modify.png,832,1248,832,1248,True,0.152622,2,True
celebA_007897_remove.png,1024,1024,1024,1024,True,0.043853,2,True
celebA_007983_add.png,1248,832,1248,832,True,0.01026,2,True
celebA_007983_heavy.png,1248,832,1248,832,True,0.215751,2,True
celebA_007985_heavy.png,832,1248,832,1248,True,0.157199,2,True
celebA_008024_heavy.png,1024,1024,1024,1024,True,0.036006,2,True
celebA_008057_remove.png,832,1248,832,1248,True,0.041049,2,True
celebA_008082_remove.png,832,1248,832,1248,True,0.099518,2,True
celebA_008088_modify.png,1248,832,1248,832,True,0.047163,2,True
celebA_008107_modify.png,1104,944,1104,944,True,0.135894,2,True
celebA_008153_modify.png,1024,1024,1024,1024,True,0.114104,2,True
celebA_008180_modify.png,944,1104,944,1104,True,0.368967,2,True
celebA_008199_heavy.png,832,1248,832,1248,True,0.37246,2,True
celebA_008211_add.png,880,1184,880,1184,True,0.010334,2,True
celebA_008266_add.png,1024,1024,1024,1024,True,0.009256,2,True
celebA_008272_remove.png,944,1104,944,1104,True,0.026044,2,True
celebA_008294_add.png,1024,1024,1024,1024,True,0.025037,2,True
celebA_008341_remove.png,1248,832,1248,832,True,0.012131,2,True
coco_000000000349_brushnet_sd1-5_1_None.jpg,640,480,640,480,True,0.292979,2,True
coco_000000000502_hdpainter_sd2_1_None.jpg,512,341,512,341,True,0.218996,2,True
coco_000000000625_powerpaint_realisticvision_1_Blended.jpg,640,440,640,440,True,0.047479,149,False
coco_000000000761_inpaintanything_sd2_1_None.jpg,640,480,640,480,True,0.001214,2,True
coco_000000000831_hdpainter_dreamshaper_1_None.jpg,340,512,340,512,True,0.086472,2,True
coco_000000001036_removeanything_lama_1_None.jpg,612,612,612,612,True,0.099548,2,True
coco_000000001591_removeanything_lama_1_None.jpg,640,640,640,640,True,0.517786,2,True
coco_000000001674_brushnet_sdxl_1_None.jpg,1360,1024,1360,1024,True,0.114664,130,False
coco_000000001915_brushnet_juggernaut_1_Blended.jpg,1536,1024,1536,1024,True,0.175304,161,False
coco_000000002179_controlnet_sd1-5_1_None.jpg,640,480,640,480,True,0.025026,2,True
coco_000000002337_removeanything_lama_1_None.jpg,333,500,333,500,True,0.125556,2,True
coco_000000002931_powerpaint_realisticvision_1_Blended.jpg,496,488,496,488,True,0.174647,237,False
coco_000000002989_controlnet_sd1-5_1_None.jpg,640,416,640,416,True,0.085404,212,False
coco_000000003040_powerpaint_realisticvision_1_Blended.jpg,640,512,640,512,True,0.147842,2,True
coco_000000003103_controlnet_sd1-5_1_None.jpg,400,336,400,336,True,0.295558,167,False
coco_000000003224_removeanything_lama_1_None.jpg,427,640,427,640,True,0.098189,2,True
coco_000000003320_controlnet_sd1-5_1_None.jpg,640,480,640,480,True,0.048675,2,True
coco_000000003917_brushnet_juggernaut_1_Blended.jpg,1360,1024,1360,1024,True,0.160848,120,False
coco_000000003938_removeanything_lama_1_None.jpg,480,640,480,640,True,0.296774,2,True
coco_000000004065_inpaintanything_sd2_1_None.jpg,640,480,640,480,True,0.15791,2,True
coco_000000004286_controlnet_sd1-5_1_None.jpg,512,640,512,640,True,0.054684,2,True
coco_000000004322_powerpaint_realisticvision_1_None.jpg,640,480,640,480,True,0.059922,2,True
coco_000000004502_controlnet_sd1-5_1_None.jpg,640,480,640,480,True,0.073226,92,False
coco_000000004555_powerpaint_realisticvision_1_None.jpg,640,424,640,424,True,0.203895,74,False
coco_000000004592_removeanything_lama_1_None.jpg,640,424,640,424,True,0.003029,2,True
coco_000000004700_powerpaint_realisticvision_1_None.jpg,640,424,640,424,True,0.017088,99,False
coco_000000004840_hdpainter_sd1-5_1_None.jpg,512,333,512,333,True,0.071773,2,True
coco_000000004888_controlnet_sd1-5_1_None.jpg,640,424,640,424,True,0.057223,2,True
coco_000000005486_brushnet_dreamshaper_1_None.jpg,640,424,640,424,True,0.069148,36,False
coco_000000005688_inpaintanything_sd2_1_None.jpg,640,480,640,480,True,0.068366,2,True
coco_000000005756_powerpaint_realisticvision_1_None.jpg,640,360,640,360,True,0.002144,38,False
coco_000000006241_powerpaint_realisticvision_1_None.jpg,496,368,496,368,True,0.155039,194,False
coco_000000006437_hdpainter_dreamshaper_1_None.jpg,340,512,340,512,True,0.397708,2,True
coco_000000006744_controlnet_sd1-5_1_None.jpg,480,640,480,640,True,0.414186,2,True
coco_000000006760_inpaintanything_sd2_1_None.jpg,640,426,640,426,True,0.402036,2,True
coco_000000006809_removeanything_lama_1_None.jpg,640,480,640,480,True,0.234001,2,True
coco_000000006819_controlnet_sd1-5_1_None.jpg,640,232,640,232,True,0.074252,78,False
coco_000000007205_brushnet_epicrealism_1_None.jpg,640,432,640,432,True,0.114858,196,False
coco_000000007298_controlnet_sd1-5_1_None.jpg,640,480,640,480,True,0.076644,2,True
coco_000000007420_controlnet_sd1-5_1_None.jpg,424,640,424,640,True,0.117917,124,False
coco_000000007677_powerpaint_realisticvision_1_None.jpg,640,416,640,416,True,0.099286,148,False
coco_000000007839_hdpainter_sd2_1_None.jpg,512,384,512,384,True,0.119843,2,True
coco_000000007899_removeanything_lama_1_None.jpg,640,427,640,427,True,0.354881,2,True
coco_000000008160_brushnet_realisticvision_1_None.jpg,640,352,640,352,True,0.262544,104,False
coco_000000008187_hdpainter_sd2_1_None.jpg,512,358,512,358,True,0.188902,2,True
coco_000000008290_hdpainter_dreamshaper_1_Upscaled.jpg,2048,1536,2048,1536,True,0.102097,256,False
coco_000000008665_removeanything_lama_1_None.jpg,640,480,640,480,True,0.072285,2,True
coco_000000008794_powerpaint_realisticvision_1_Blended.jpg,640,488,640,488,True,0.129582,141,False
coco_000000008846_inpaintanything_sd2_1_None.jpg,640,480,640,480,True,0.058678,2,True
coco_000000009172_brushnet_epicrealism_1_Blended.jpg,504,640,504,640,True,0.044038,72,False
coco_000000009656_hdpainter_dreamshaper_1_None.jpg,512,384,512,384,True,0.242844,2,True
coco_000000009696_removeanything_lama_1_None.jpg,351,490,351,490,True,0.098657,2,True
coco_000000010008_inpaintanything_sd2_1_None.jpg,640,427,640,427,True,0.186651,2,True
coco_000000010014_brushnet_dreamshaper_1_Blended.jpg,640,424,640,424,True,0.411947,145,False
coco_000000010343_controlnet_sd1-5_1_None.jpg,640,424,640,424,True,0.073887,83,False
coco_000000010346_brushnet_epicrealism_1_Blended.jpg,640,480,640,480,True,0.191641,2,True
coco_000000010560_removeanything_lama_1_None.jpg,480,640,480,640,True,0.057572,2,True
coco_000000011347_inpaintanything_sd2_1_None.jpg,640,449,640,449,True,0.146182,2,True
coco_000000011496_inpaintanything_sd2_1_None.jpg,640,480,640,480,True,0.370892,2,True
coco_000000011567_brushnet_realisticvision_1_Blended.jpg,640,424,640,424,True,0.158807,211,False
coco_000000011737_removeanything_lama_1_None.jpg,640,427,640,427,True,0.138675,2,True
coco_000000011812_controlnet_sd1-5_1_None.jpg,640,424,640,424,True,0.4272,167,False
coco_000000012434_removeanything_lama_1_None.jpg,425,640,425,640,True,0.120232,2,True
coco_000000012551_brushnet_juggernaut_1_Blended.jpg,1536,1016,1536,1016,True,0.293091,236,False
coco_000000012873_inpaintanything_sd2_1_None.jpg,457,640,457,640,True,0.535462,2,True
coco_000000012902_removeanything_lama_1_None.jpg,332,500,332,500,True,0.090018,2,True
coco_000000012946_powerpaint_realisticvision_1_None.jpg,640,424,640,424,True,0.12406,146,False
coco_000000013106_controlnet_sd1-5_1_None.jpg,368,496,368,496,True,0.247496,244,False
coco_000000013473_brushnet_realisticvision_1_None.jpg,424,424,424,424,True,0.185703,183,False
coco_000000013492_inpaintanything_sd2_1_None.jpg,480,640,480,640,True,0.158226,2,True
coco_000000014029_brushnet_epicrealism_1_None.jpg,640,424,640,424,True,0.050962,76,False
coco_000000014335_brushnet_sd1-5_1_None.jpg,640,360,640,360,True,0.097743,2,True
coco_000000014412_brushnet_sdxl_1_Blended.jpg,1024,1024,1024,1024,True,0.023661,2,True
coco_000000015113_brushnet_sd1-5_1_Blended.jpg,640,480,640,480,True,0.079678,2,True
coco_000000015126_inpaintanything_sd2_1_None.jpg,480,640,480,640,True,0.217822,2,True
coco_000000015259_powerpaint_realisticvision_1_None.jpg,640,424,640,424,True,0.158107,161,False
coco_000000015374_brushnet_realisticvision_1_None.jpg,496,368,496,368,True,0.101321,97,False
coco_000000015600_powerpaint_realisticvision_1_None.jpg,480,640,480,640,True,0.01763,2,True
coco_000000015810_removeanything_lama_1_None.jpg,640,425,640,425,True,0.069702,2,True
coco_000000015876_brushnet_realisticvision_1_None.jpg,640,408,640,408,True,0.080312,78,False
coco_000000015930_powerpaint_realisticvision_1_None.jpg,480,640,480,640,True,0.195322,2,True
coco_000000016169_inpaintanything_sd2_1_None.jpg,640,453,640,453,True,0.222955,2,True
coco_000000016188_controlnet_sd1-5_1_None.jpg,496,328,496,328,True,0.691821,237,False
coco_000000016322_removeanything_lama_1_None.jpg,640,426,640,426,True,0.29006,2,True
coco_000000016412_controlnet_sd1-5_1_None.jpg,640,456,640,456,True,0.062527,117,False
coco_000000016486_controlnet_sd1-5_1_None.jpg,640,384,640,384,True,0.197347,89,False
coco_000000016755_powerpaint_realisticvision_1_None.jpg,640,480,640,480,True,0.176156,2,True
coco_000000017962_brushnet_dreamshaper_1_None.jpg,640,480,640,480,True,0.053392,2,True
coco_000000018072_removeanything_lama_1_None.jpg,500,487,500,487,True,0.103437,2,True
coco_000000018366_removeanything_lama_1_None.jpg,640,480,640,480,True,0.150918,2,True
coco_000000018373_powerpaint_realisticvision_1_Blended.jpg,480,640,480,640,True,0.096084,2,True
coco_000000018432_brushnet_sdxl_1_None.jpg,1024,1360,1024,1360,True,0.063167,69,False
coco_000000018505_hdpainter_dreamshaper_1_None.jpg,512,321,512,321,True,0.028585,2,True
coco_000000018816_hdpainter_sd1-5_1_None.jpg,512,384,512,384,True,0.263926,2,True
coco_000000018956_inpaintanything_sd2_1_None.jpg,424,640,424,640,True,0.238233,2,True
coco_000000019015_removeanything_lama_1_None.jpg,426,640,426,640,True,0.076324,2,True
coco_000000019022_inpaintanything_sd2_1_None.jpg,640,424,640,424,True,0.086177,2,True
coco_000000019236_controlnet_sd1-5_1_None.jpg,424,640,424,640,True,0.016097,42,False
coco_000000019534_removeanything_lama_1_None.jpg,480,640,480,640,True,0.08929,2,True
coco_000000020012_brushnet_dreamshaper_1_None.jpg,368,496,368,496,True,0.081604,229,False
coco_000000020013_controlnet_sd1-5_1_None.jpg,472,640,472,640,True,0.07597,106,False
coco_000000020164_inpaintanything_sd2_1_None.jpg,640,429,640,429,True,0.277564,2,True
coco_000000020512_hdpainter_sd2_1_Upscaled.jpg,2048,1536,2048,1536,True,0.079426,256,False
coco_000000021049_powerpaint_realisticvision_1_None.jpg,640,368,640,368,True,0.084184,168,False
coco_000000021181_hdpainter_sd1-5_1_None.jpg,512,384,512,384,True,0.259109,2,True
coco_000000021222_powerpaint_realisticvision_1_Blended.jpg,608,608,608,608,True,0.167628,176,False
coco_000000021253_removeanything_lama_1_None.jpg,640,332,640,332,True,0.4706,2,True
coco_000000021269_removeanything_lama_1_None.jpg,435,640,435,640,True,0.058818,2,True
coco_000000021329_hdpainter_dreamshaper_1_None.jpg,512,384,512,384,True,0.282206,2,True
coco_000000021346_removeanything_lama_1_None.jpg,480,640,480,640,True,0.242871,2,True
coco_000000021459_powerpaint_realisticvision_1_None.jpg,480,640,480,640,True,0.516813,2,True
coco_000000021587_inpaintanything_sd2_1_None.jpg,480,640,480,640,True,0.103076,2,True
coco_000000021711_brushnet_realisticvision_1_None.jpg,640,352,640,352,True,0.089426,133,False
coco_000000022086_powerpaint_realisticvision_1_None.jpg,640,360,640,360,True,0.070616,2,True
coco_000000022208_inpaintanything_sd2_1_None.jpg,500,281,500,281,True,0.351367,2,True
coco_000000022403_removeanything_lama_1_None.jpg,640,480,640,480,True,0.137578,2,True
coco_000000022484_inpaintanything_sd2_1_None.jpg,640,480,640,480,True,0.085622,2,True
coco_000000022861_hdpainter_sd2_1_None.jpg,512,384,512,384,True,0.839549,2,True
coco_000000022964_removeanything_lama_1_None.jpg,640,449,640,449,True,0.122515,2,True
coco_000000022974_removeanything_lama_1_None.jpg,640,438,640,438,True,0.210698,2,True
coco_000000023194_powerpaint_realisticvision_1_Blended.jpg,640,480,640,480,True,0.192018,2,True
coco_000000023200_controlnet_sd1-5_1_None.jpg,640,416,640,416,True,0.247645,204,False
coco_000000023369_inpaintanything_sd2_1_None.jpg,480,640,480,640,True,0.162324,2,True
coco_000000023548_removeanything_lama_1_None.jpg,640,480,640,480,True,0.091312,2,True
coco_000000023569_powerpaint_realisticvision_1_None.jpg,480,640,480,640,True,0.311263,2,True
coco_000000023840_removeanything_lama_1_None.jpg,640,427,640,427,True,0.117714,2,True
coco_000000023935_inpaintanything_sd2_1_None.jpg,567,640,567,640,True,0.269566,2,True
coco_000000024299_brushnet_sdxl_1_None.jpg,1360,1024,1360,1024,True,0.343306,129,False
coco_000000024446_removeanything_lama_1_None.jpg,640,424,640,424,True,0.060731,2,True
coco_000000024625_controlnet_sd1-5_1_None.jpg,640,424,640,424,True,0.078965,125,False
coco_000000024682_controlnet_sd1-5_1_None.jpg,424,640,424,640,True,0.155712,115,False
coco_000000024802_hdpainter_dreamshaper_1_Upscaled.jpg,1638,2048,1638,2048,True,0.032961,256,False
coco_000000025003_controlnet_sd1-5_1_None.jpg,640,424,640,424,True,0.076006,135,False
coco_000000025404_removeanything_lama_1_None.jpg,640,440,640,440,True,0.206658,2,True
coco_000000025649_powerpaint_realisticvision_1_None.jpg,496,368,496,368,True,0.33591,241,False
coco_000000025722_removeanything_lama_1_None.jpg,612,612,612,612,True,0.104877,2,True
coco_000000025858_inpaintanything_sd2_1_None.jpg,640,521,640,521,True,0.081181,2,True
coco_000000026132_brushnet_realisticvision_1_None.jpg,640,480,640,480,True,0.172259,87,False
coco_000000026133_inpaintanything_sd2_1_None.jpg,428,640,428,640,True,0.283484,2,True
coco_000000026172_powerpaint_realisticvision_1_Blended.jpg,640,360,640,360,True,0.248767,2,True
coco_000000026200_removeanything_lama_1_None.jpg,480,640,480,640,True,0.056032,2,True
coco_000000026297_hdpainter_sd2_1_None.jpg,512,384,512,384,True,0.33961,2,True
coco_000000026378_inpaintanything_sd2_1_None.jpg,500,375,500,375,True,0.202752,2,True
coco_000000026443_removeanything_lama_1_None.jpg,640,521,640,521,True,0.282738,2,True
coco_000000026908_hdpainter_dreamshaper_1_Upscaled.jpg,2048,1363,2048,1363,True,0.204963,256,False
coco_000000027041_brushnet_juggernaut_1_Blended.jpg,1528,1024,1528,1024,True,0.142808,176,False
coco_000000027207_inpaintanything_sd2_1_None.jpg,462,640,462,640,True,0.149347,2,True
coco_000000027208_inpaintanything_sd2_1_None.jpg,640,427,640,427,True,0.004183,2,True
coco_000000027524_inpaintanything_sd2_1_None.jpg,500,375,500,375,True,0.393765,2,True
coco_000000027591_removeanything_lama_1_None.jpg,640,480,640,480,True,0.555052,2,True
coco_000000027610_inpaintanything_sd2_1_None.jpg,640,426,640,426,True,0.299054,2,True
coco_000000027660_removeanything_lama_1_None.jpg,640,446,640,446,True,0.096945,2,True
coco_000000027704_controlnet_sd1-5_1_None.jpg,640,424,640,424,True,0.099506,173,False
coco_000000027717_inpaintanything_sd2_1_None.jpg,375,500,375,500,True,0.107131,2,True
coco_000000027739_controlnet_sd1-5_1_None.jpg,640,480,640,480,True,0.130479,2,True
coco_000000027888_controlnet_sd1-5_1_None.jpg,640,480,640,480,True,0.04334,2,True
coco_000000027969_controlnet_sd1-5_1_None.jpg,640,424,640,424,True,0.108774,2,True
coco_000000028109_brushnet_epicrealism_1_None.jpg,496,368,496,368,True,0.044941,209,False
coco_000000028131_brushnet_epicrealism_1_None.jpg,424,640,424,640,True,0.18869,2,True
coco_000000028281_removeanything_lama_1_None.jpg,480,640,480,640,True,0.186364,2,True
coco_000000028343_hdpainter_sd2_1_Upscaled.jpg,1671,2048,1671,2048,True,0.110612,256,False
coco_000000028402_controlnet_sd1-5_1_None.jpg,424,640,424,640,True,0.439151,147,False
coco_000000028508_inpaintanything_sd2_1_None.jpg,640,425,640,425,True,0.023191,2,True
coco_000000028671_inpaintanything_sd2_1_None.jpg,480,640,480,640,True,0.585918,2,True
coco_000000028764_controlnet_sd1-5_1_None.jpg,424,640,424,640,True,0.126253,99,False
coco_000000028782_hdpainter_dreamshaper_1_Upscaled.jpg,1536,2048,1536,2048,True,0.023869,256,False
coco_000000028875_removeanything_lama_1_None.jpg,640,480,640,480,True,0.094948,2,True
coco_000000029145_powerpaint_realisticvision_1_Blended.jpg,640,480,640,480,True,0.31082,2,True
coco_000000029176_powerpaint_realisticvision_1_Blended.jpg,600,640,600,640,True,0.089078,80,False
coco_000000029341_removeanything_lama_1_None.jpg,640,427,640,427,True,0.293238,2,True
coco_000000029391_hdpainter_dreamshaper_1_Upscaled.jpg,2048,1360,2048,1360,True,0.251443,256,False
coco_000000029402_powerpaint_realisticvision_1_Blended.jpg,480,640,480,640,True,0.158978,2,True
coco_000000029622_powerpaint_realisticvision_1_Blended.jpg,496,368,496,368,True,0.155269,241,False
coco_000000030151_powerpaint_realisticvision_1_None.jpg,368,496,368,496,True,0.539884,244,False
coco_000000030261_inpaintanything_sd2_1_None.jpg,480,640,480,640,True,0.127633,2,True
coco_000000030852_controlnet_sd1-5_1_None.jpg,512,640,512,640,True,0.254453,222,False
coco_000000031092_hdpainter_sd1-5_1_Upscaled.jpg,2048,1452,2048,1452,True,0.090227,256,False
coco_000000031240_inpaintanything_sd2_1_None.jpg,430,640,430,640,True,0.204153,2,True
coco_000000031335_removeanything_lama_1_None.jpg,640,426,640,426,True,0.043647,2,True
coco_000000031825_removeanything_lama_1_None.jpg,640,428,640,428,True,0.064285,2,True
coco_000000032082_removeanything_lama_1_None.jpg,640,427,640,427,True,0.064278,2,True
coco_000000032491_removeanything_lama_1_None.jpg,640,361,640,361,True,0.12423,2,True
coco_000000032655_controlnet_sd1-5_1_None.jpg,480,640,480,640,True,0.09738,2,True
coco_000000032695_removeanything_lama_1_None.jpg,461,640,461,640,True,0.61028,2,True
coco_000000032708_removeanything_lama_1_None.jpg,480,640,480,640,True,0.426156,2,True
coco_000000032773_brushnet_juggernaut_1_Blended.jpg,1544,1024,1544,1024,True,0.059255,83,False
coco_000000032947_powerpaint_realisticvision_1_None.jpg,424,640,424,640,True,0.116528,159,False
coco_000000033034_removeanything_lama_1_None.jpg,640,480,640,480,True,0.047725,2,True
coco_000000033189_hdpainter_sd2_1_Upscaled.jpg,2048,1702,2048,1702,True,0.001781,256,False
coco_000000033295_powerpaint_realisticvision_1_None.jpg,640,424,640,424,True,0.12392,79,False
coco_000000033305_inpaintanything_sd2_1_None.jpg,500,376,500,376,True,0.195973,2,True
coco_000000033667_controlnet_sd1-5_1_None.jpg,640,424,640,424,True,0.001312,27,False
coco_000000033733_inpaintanything_sd2_1_None.jpg,640,480,640,480,True,0.154238,2,True
coco_000000033787_hdpainter_sd1-5_1_Upscaled.jpg,2048,1363,2048,1363,True,0.061113,256,False
coco_000000033841_brushnet_sdxl_1_None.jpg,1360,1024,1360,1024,True,0.045791,78,False
coco_000000033912_brushnet_epicrealism_1_Blended.jpg,608,608,608,608,True,0.102628,206,False
coco_000000033995_inpaintanything_sd2_1_None.jpg,640,480,640,480,True,0.503835,2,True
coco_000000034038_removeanything_lama_1_None.jpg,500,376,500,376,True,0.36,2,True
coco_000000034301_removeanything_lama_1_None.jpg,375,500,375,500,True,0.09608,2,True
coco_000000035150_hdpainter_dreamshaper_1_Upscaled.jpg,2048,1472,2048,1472,True,0.052255,256,False
coco_000000035358_controlnet_sd1-5_1_None.jpg,640,480,640,480,True,0.071885,2,True
coco_000000035628_powerpaint_realisticvision_1_None.jpg,360,328,360,328,True,0.100974,60,False
coco_000000035690_controlnet_sd1-5_1_None.jpg,640,424,640,424,True,0.506946,110,False
coco_000000035707_controlnet_sd1-5_1_None.jpg,640,424,640,424,True,0.020843,49,False
coco_000000035738_inpaintanything_sd2_1_None.jpg,512,640,512,640,True,0.357361,2,True
coco_000000035774_controlnet_sd1-5_1_None.jpg,496,368,496,368,True,0.212417,235,False
coco_000000036124_inpaintanything_sd2_1_None.jpg,640,425,640,425,True,0.072349,2,True
coco_000000036157_powerpaint_realisticvision_1_Blended.jpg,496,392,496,392,True,0.070143,101,False
coco_000000036207_brushnet_juggernaut_1_Blended.jpg,1536,1016,1536,1016,True,0.117016,190,False
coco_000000036500_brushnet_epicrealism_1_None.jpg,640,400,640,400,True,0.296426,176,False
coco_000000036559_hdpainter_sd1-5_1_Upscaled.jpg,1536,2048,1536,2048,True,0.780713,256,False
coco_000000036589_hdpainter_dreamshaper_1_Upscaled.jpg,1366,2048,1366,2048,True,0.405297,256,False
coco_000000036911_hdpainter_dreamshaper_1_None.jpg,512,344,512,344,True,0.176656,2,True
coco_000000037186_powerpaint_realisticvision_1_Blended.jpg,640,480,640,480,True,0.060645,2,True
coco_000000037688_inpaintanything_sd2_1_None.jpg,640,480,640,480,True,0.126494,2,True
coco_000000037814_inpaintanything_sd2_1_None.jpg,640,480,640,480,True,0.057507,2,True
coco_000000037944_controlnet_sd1-5_1_None.jpg,640,512,640,512,True,0.310681,200,False
coco_000000038232_removeanything_lama_1_None.jpg,331,500,331,500,True,0.094894,2,True
coco_000000038426_removeanything_lama_1_None.jpg,612,612,612,612,True,0.519835,2,True
coco_000000038601_hdpainter_sd2_1_None.jpg,343,512,343,512,True,0.01095,2,True
coco_000000038686_controlnet_sd1-5_1_None.jpg,640,480,640,480,True,0.446706,2,True
coco_000000038753_brushnet_dreamshaper_1_Blended.jpg,640,424,640,424,True,0.30269,193,False
coco_000000038922_removeanything_lama_1_None.jpg,500,333,500,333,True,0.080589,2,True
coco_000000039195_brushnet_epicrealism_1_Blended.jpg,640,480,640,480,True,0.198649,2,True
coco_000000039497_brushnet_realisticvision_1_None.jpg,640,424,640,424,True,0.199923,80,False
coco_000000039535_hdpainter_sd2_1_None.jpg,512,384,512,384,True,0.155045,2,True
coco_000000039698_hdpainter_sd2_1_Upscaled.jpg,2048,1536,2048,1536,True,0.142665,256,False
coco_000000039802_hdpainter_dreamshaper_1_Upscaled.jpg,2048,1360,2048,1360,True,0.293515,256,False
coco_000000040055_powerpaint_realisticvision_1_Blended.jpg,392,640,392,640,True,0.139437,105,False
coco_000000040103_hdpainter_dreamshaper_1_Upscaled.jpg,2048,918,2048,918,True,0.37511,256,False
coco_000000040426_hdpainter_sd1-5_1_None.jpg,512,384,512,384,True,0.15243,2,True
coco_000000040602_powerpaint_realisticvision_1_Blended.jpg,640,480,640,480,True,0.273206,2,True
coco_000000040842_hdpainter_sd1-5_1_None.jpg,384,512,384,512,True,0.57428,2,True
coco_000000040948_removeanything_lama_1_None.jpg,640,423,640,423,True,0.117875,2,True
coco_000000041103_inpaintanything_sd2_1_None.jpg,640,426,640,426,True,0.203903,2,True
coco_000000041138_removeanything_lama_1_None.jpg,640,480,640,480,True,0.22054,2,True
coco_000000041456_hdpainter_sd1-5_1_Upscaled.jpg,2048,1360,2048,1360,True,0.08146,256,False
coco_000000041489_brushnet_realisticvision_1_None.jpg,640,480,640,480,True,0.140023,2,True
coco_000000041528_hdpainter_dreamshaper_1_None.jpg,384,512,384,512,True,0.467712,2,True
coco_000000041649_powerpaint_realisticvision_1_None.jpg,640,424,640,424,True,0.235053,188,False
coco_000000042055_inpaintanything_sd2_1_None.jpg,640,426,640,426,True,0.258421,2,True
coco_000000042105_controlnet_sd1-5_1_None.jpg,640,480,640,480,True,0.121921,2,True
coco_000000042371_inpaintanything_sd2_1_None.jpg,640,427,640,427,True,0.060839,2,True
coco_000000042671_removeanything_lama_1_None.jpg,640,427,640,427,True,0.095404,2,True
coco_000000042725_inpaintanything_sd2_1_None.jpg,640,473,640,473,True,0.191629,2,True
coco_000000042956_brushnet_dreamshaper_1_Blended.jpg,640,480,640,480,True,0.108281,2,True
coco_000000043007_removeanything_lama_1_None.jpg,426,640,426,640,True,0.074905,2,True
coco_000000043011_hdpainter_dreamshaper_1_None.jpg,384,512,384,512,True,0.080348,2,True
coco_000000043016_removeanything_lama_1_None.jpg,640,427,640,427,True,0.182937,2,True
coco_000000043165_hdpainter_sd1-5_1_None.jpg,512,384,512,384,True,0.104243,2,True
coco_000000043369_removeanything_lama_1_None.jpg,640,428,640,428,True,0.391545,2,True
coco_000000043673_removeanything_lama_1_None.jpg,640,480,640,480,True,0.068184,2,True
coco_000000043851_removeanything_lama_1_None.jpg,640,480,640,480,True,0.23041,2,True
coco_000000043882_removeanything_lama_1_None.jpg,480,640,480,640,True,0.454482,2,True
coco_000000043966_powerpaint_realisticvision_1_None.jpg,640,480,640,480,True,0.209453,2,True
coco_000000044060_inpaintanything_sd2_1_None.jpg,640,480,640,480,True,0.070195,2,True
coco_000000044337_inpaintanything_sd2_1_None.jpg,500,375,500,375,True,0.266016,2,True
coco_000000044341_powerpaint_realisticvision_1_None.jpg,640,624,640,624,True,0.040059,130,False
coco_000000044358_removeanything_lama_1_None.jpg,640,425,640,425,True,0.349592,2,True
coco_000000044446_controlnet_sd1-5_1_None.jpg,640,480,640,480,True,0.393411,2,True
coco_000000044928_powerpaint_realisticvision_1_Blended.jpg,640,480,640,480,True,0.132015,2,True
coco_000000045195_inpaintanything_sd2_1_None.jpg,640,428,640,428,True,0.061153,2,True
coco_000000045361_hdpainter_sd1-5_1_Upscaled.jpg,1363,2048,1363,2048,True,0.047916,256,False
coco_000000045374_brushnet_dreamshaper_1_Blended.jpg,640,424,640,424,True,0.150542,149,False
coco_000000045537_removeanything_lama_1_None.jpg,640,480,640,480,True,0.065299,2,True
coco_000000045680_powerpaint_realisticvision_1_None.jpg,368,496,368,496,True,0.061333,208,False
coco_000000046011_inpaintanything_sd2_1_None.jpg,640,360,640,360,True,0.076263,2,True
coco_000000046038_hdpainter_sd2_1_None.jpg,512,340,512,340,True,0.314694,2,True
coco_000000046068_inpaintanything_sd2_1_None.jpg,640,427,640,427,True,0.072047,2,True
coco_000000046571_controlnet_sd1-5_1_None.jpg,424,640,424,640,True,0.399075,210,False
coco_000000046812_hdpainter_sd1-5_1_None.jpg,512,342,512,342,True,0.037395,2,True
coco_000000047175_removeanything_lama_1_None.jpg,640,476,640,476,True,0.479422,2,True
coco_000000047226_powerpaint_realisticvision_1_Blended.jpg,640,480,640,480,True,0.14486,2,True
coco_000000047234_removeanything_lama_1_None.jpg,600,448,600,448,True,0.129103,2,True
coco_000000047425_hdpainter_sd2_1_Upscaled.jpg,2048,1363,2048,1363,True,0.301363,256,False
coco_000000047805_removeanything_lama_1_None.jpg,566,640,566,640,True,0.035399,2,True
coco_000000047832_inpaintanything_sd2_1_None.jpg,640,425,640,425,True,0.302529,2,True
coco_000000047949_inpaintanything_sd2_1_None.jpg,640,480,640,480,True,0.398105,2,True
coco_000000048220_powerpaint_realisticvision_1_None.jpg,640,480,640,480,True,0.095514,2,True
coco_000000048451_brushnet_sdxl_1_Blended.jpg,1544,1024,1544,1024,True,0.107433,74,False
coco_000000048665_removeanything_lama_1_None.jpg,588,640,588,640,True,0.18049,2,True
coco_000000048825_brushnet_epicrealism_1_None.jpg,640,424,640,424,True,0.046296,2,True
coco_000000049495_removeanything_lama_1_None.jpg,640,480,640,480,True,0.206751,2,True
coco_000000049633_controlnet_sd1-5_1_None.jpg,640,424,640,424,True,0.054194,118,False
coco_000000049643_powerpaint_realisticvision_1_Blended.jpg,640,408,640,408,True,0.372966,94,False
coco_000000049845_controlnet_sd1-5_1_None.jpg,480,640,480,640,True,0.127458,2,True
coco_000000049946_controlnet_sd1-5_1_None.jpg,496,368,496,368,True,0.295933,245,False
coco_000000049988_removeanything_lama_1_None.jpg,640,480,640,480,True,0.066331,2,True
coco_000000050025_inpaintanything_sd2_1_None.jpg,640,361,640,361,True,0.049818,2,True
coco_000000050054_inpaintanything_sd2_1_None.jpg,640,412,640,412,True,0.098483,2,True
coco_000000050470_removeanything_lama_1_None.jpg,480,320,480,320,True,0.118184,2,True
coco_000000051156_removeanything_lama_1_None.jpg,640,480,640,480,True,0.036683,2,True
coco_000000051504_hdpainter_dreamshaper_1_None.jpg,512,384,512,384,True,0.145157,2,True
coco_000000051550_brushnet_sdxl_1_Blended.jpg,1360,1024,1360,1024,True,0.106949,130,False
coco_000000051717_powerpaint_realisticvision_1_None.jpg,640,448,640,448,True,0.076329,105,False
coco_000000052155_inpaintanything_sd2_1_None.jpg,427,640,427,640,True,0.160458,2,True
coco_000000052348_hdpainter_sd1-5_1_Upscaled.jpg,1536,2048,1536,2048,True,0.076251,256,False
coco_000000052527_inpaintanything_sd2_1_None.jpg,640,480,640,480,True,0.132008,2,True
coco_000000052901_controlnet_sd1-5_1_None.jpg,640,480,640,480,True,0.056159,2,True
coco_000000053423_powerpaint_realisticvision_1_Blended.jpg,480,640,480,640,True,0.054219,2,True
coco_000000053662_powerpaint_realisticvision_1_Blended.jpg,424,640,424,640,True,0.159703,216,False
coco_000000053744_brushnet_sdxl_1_None.jpg,1360,1024,1360,1024,True,0.103753,30,False
coco_000000053800_inpaintanything_sd2_1_None.jpg,640,425,640,425,True,0.201893,2,True
coco_000000054245_removeanything_lama_1_None.jpg,480,640,480,640,True,0.056722,2,True
coco_000000054252_hdpainter_sd1-5_1_Upscaled.jpg,2048,1536,2048,1536,True,0.482462,256,False
coco_000000054273_hdpainter_dreamshaper_1_Upscaled.jpg,1679,2048,1679,2048,True,0.5035,256,False
coco_000000054411_hdpainter_sd1-5_1_None.jpg,512,512,512,512,True,0.170933,2,True
coco_000000054427_removeanything_lama_1_None.jpg,612,612,612,612,True,0.247691,2,True
coco_000000054534_brushnet_epicrealism_1_Blended.jpg,640,456,640,456,True,0.117955,2,True
coco_000000054995_removeanything_lama_1_None.jpg,640,427,640,427,True,0.576793,2,True
coco_000000055109_controlnet_sd1-5_1_None.jpg,640,424,640,424,True,0.055852,168,False
coco_000000055155_brushnet_juggernaut_1_None.jpg,1016,1304,1016,1304,True,0.285261,256,False
coco_000000055915_removeanything_lama_1_None.jpg,640,480,640,480,True,0.131055,2,True
coco_000000056048_removeanything_lama_1_None.jpg,640,425,640,425,True,0.078706,2,True
coco_000000056266_powerpaint_realisticvision_1_Blended.jpg,640,424,640,424,True,0.066296,100,False
coco_000000056580_brushnet_juggernaut_1_None.jpg,1024,1280,1024,1280,True,0.287454,2,True
coco_000000056605_brushnet_juggernaut_1_Blended.jpg,1360,1024,1360,1024,True,0.019345,65,False
coco_000000056667_inpaintanything_sd2_1_None.jpg,518,640,518,640,True,0.1336,2,True
coco_000000056886_powerpaint_realisticvision_1_None.jpg,496,328,496,328,True,0.137976,227,False
coco_000000057173_controlnet_sd1-5_1_None.jpg,328,496,328,496,True,0.338365,216,False
coco_000000057427_hdpainter_sd1-5_1_Upscaled.jpg,2048,1363,2048,1363,True,0.352121,256,False
coco_000000057515_powerpaint_realisticvision_1_None.jpg,608,608,608,608,True,0.095828,227,False
coco_000000057646_hdpainter_sd2_1_None.jpg,512,407,512,407,True,0.563805,2,True
coco_000000057708_hdpainter_sd2_1_Upscaled.jpg,2048,1359,2048,1359,True,0.033412,256,False
coco_000000057820_removeanything_lama_1_None.jpg,427,640,427,640,True,0.092616,2,True
coco_000000057969_removeanything_lama_1_None.jpg,640,215,640,215,True,0.433009,2,True
coco_000000058079_removeanything_lama_1_None.jpg,506,640,506,640,True,0.110521,2,True
coco_000000058137_controlnet_sd1-5_1_None.jpg,640,368,640,368,True,0.114394,77,False
coco_000000058431_controlnet_sd1-5_1_None.jpg,640,424,640,424,True,0.298603,185,False
coco_000000058937_brushnet_realisticvision_1_Blended.jpg,640,480,640,480,True,0.103219,2,True
coco_000000059174_powerpaint_realisticvision_1_Blended.jpg,608,608,608,608,True,0.599566,214,False
coco_000000059367_controlnet_sd1-5_1_None.jpg,640,424,640,424,True,0.105476,115,False
coco_000000059388_powerpaint_realisticvision_1_Blended.jpg,640,480,640,480,True,0.176709,2,True
coco_000000059416_inpaintanything_sd2_1_None.jpg,640,376,640,376,True,0.331109,2,True
coco_000000059611_powerpaint_realisticvision_1_None.jpg,640,480,640,480,True,0.560319,2,True
coco_000000059622_hdpainter_sd2_1_Upscaled.jpg,2048,1350,2048,1350,True,0.131404,256,False
coco_000000059821_removeanything_lama_1_None.jpg,485,640,485,640,True,0.210084,2,True
coco_000000060448_controlnet_sd1-5_1_None.jpg,640,480,640,480,True,0.224082,2,True
coco_000000060569_hdpainter_sd2_1_None.jpg,512,380,512,380,True,0.490877,2,True
coco_000000060684_removeanything_lama_1_None.jpg,640,411,640,411,True,0.050011,2,True
coco_000000060881_removeanything_lama_1_None.jpg,480,640,480,640,True,0.476305,2,True
coco_000000060980_brushnet_realisticvision_1_Blended.jpg,496,368,496,368,True,0.291796,225,False
coco_000000061139_hdpainter_sd2_1_Upscaled.jpg,1360,2048,1360,2048,True,0.049547,256,False
coco_000000061288_hdpainter_sd1-5_1_Upscaled.jpg,1366,2048,1366,2048,True,0.306638,256,False
coco_000000061422_controlnet_sd1-5_1_None.jpg,640,480,640,480,True,0.079626,2,True
coco_000000061722_inpaintanything_sd2_1_None.jpg,640,501,640,501,True,0.068922,2,True
coco_000000062397_brushnet_realisticvision_1_Blended.jpg,512,640,512,640,True,0.301031,132,False
coco_000000062472_removeanything_lama_1_None.jpg,640,459,640,459,True,0.02325,2,True
coco_000000062549_controlnet_sd1-5_1_None.jpg,640,432,640,432,True,0.13614,145,False
coco_000000062562_powerpaint_realisticvision_1_Blended.jpg,640,424,640,424,True,0.448795,106,False
coco_000000062716_powerpaint_realisticvision_1_None.jpg,640,480,640,480,True,0.184404,2,True
coco_000000062741_hdpainter_sd1-5_1_Upscaled.jpg,2048,1363,2048,1363,True,0.185272,256,False
coco_000000062814_brushnet_juggernaut_1_None.jpg,1024,1528,1024,1528,True,0.062271,160,False
coco_000000063434_brushnet_sdxl_1_None.jpg,1024,1024,1024,1024,True,0.074638,2,True
coco_000000063492_hdpainter_sd2_1_None.jpg,512,332,512,332,True,0.199278,2,True
coco_000000063626_controlnet_sd1-5_1_None.jpg,360,496,360,496,True,0.530522,235,False
coco_000000063647_powerpaint_realisticvision_1_Blended.jpg,640,424,640,424,True,0.150081,110,False
coco_000000063867_inpaintanything_sd2_1_None.jpg,500,375,500,375,True,0.090309,2,True
coco_000000063874_hdpainter_dreamshaper_1_None.jpg,512,341,512,341,True,0.206304,2,True
coco_000000063958_hdpainter_sd2_1_Upscaled.jpg,2048,1622,2048,1622,True,0.311221,256,False
coco_000000063959_controlnet_sd1-5_1_None.jpg,640,480,640,480,True,0.36152,2,True
coco_000000064111_hdpainter_sd2_1_Upscaled.jpg,2048,1360,2048,1360,True,0.290152,256,False
coco_000000064240_hdpainter_sd2_1_None.jpg,512,307,512,307,True,0.072838,2,True
coco_000000064310_powerpaint_realisticvision_1_Blended.jpg,496,328,496,328,True,0.259466,229,False
coco_000000064350_hdpainter_sd1-5_1_None.jpg,512,384,512,384,True,0.021718,2,True
coco_000000064425_hdpainter_sd2_1_None.jpg,340,512,340,512,True,0.101028,2,True
coco_000000064605_controlnet_sd1-5_1_None.jpg,640,408,640,408,True,0.023832,53,False
coco_000000064779_removeanything_lama_1_None.jpg,640,426,640,426,True,0.007306,2,True
coco_000000064809_hdpainter_sd2_1_Upscaled.jpg,1536,2048,1536,2048,True,0.085391,256,False
coco_000000064974_hdpainter_sd2_1_Upscaled.jpg,1392,2048,1392,2048,True,0.012587,256,False
coco_000000065139_brushnet_dreamshaper_1_Blended.jpg,496,320,496,320,True,0.408594,198,False
coco_000000065883_controlnet_sd1-5_1_None.jpg,640,464,640,464,True,0.029506,32,False
coco_000000066066_brushnet_juggernaut_1_Blended.jpg,1360,1024,1360,1024,True,0.100989,85,False
coco_000000066126_hdpainter_sd1-5_1_None.jpg,512,384,512,384,True,0.146876,2,True
coco_000000066808_hdpainter_sd2_1_Upscaled.jpg,1360,2048,1360,2048,True,0.116408,256,False
coco_000000067127_removeanything_lama_1_None.jpg,640,263,640,263,True,0.013462,2,True
coco_000000067660_controlnet_sd1-5_1_None.jpg,640,360,640,360,True,0.358832,2,True
coco_000000067729_controlnet_sd1-5_1_None.jpg,640,424,640,424,True,0.107293,203,False
coco_000000067757_brushnet_sd1-5_1_Blended.jpg,640,480,640,480,True,0.115153,2,True
coco_000000067935_controlnet_sd1-5_1_None.jpg,640,480,640,480,True,0.36234,2,True
coco_000000068176_controlnet_sd1-5_1_None.jpg,640,520,640,520,True,0.042148,79,False
coco_000000068237_inpaintanything_sd2_1_None.jpg,640,427,640,427,True,0.311929,2,True
coco_000000068242_controlnet_sd1-5_1_None.jpg,640,392,640,392,True,0.071413,118,False
coco_000000068377_brushnet_dreamshaper_1_Blended.jpg,640,360,640,360,True,0.075946,2,True
coco_000000068650_controlnet_sd1-5_1_None.jpg,480,640,480,640,True,0.216247,2,True
coco_000000068874_powerpaint_realisticvision_1_Blended.jpg,496,368,496,368,True,0.155423,248,False
coco_000000068894_controlnet_sd1-5_1_None.jpg,640,424,640,424,True,0.105502,189,False
coco_000000069000_removeanything_lama_1_None.jpg,640,480,640,480,True,0.162516,2,True
coco_000000069163_brushnet_sdxl_1_Blended.jpg,1360,1024,1360,1024,True,0.199548,90,False
coco_000000069321_inpaintanything_sd2_1_None.jpg,427,640,427,640,True,0.296264,2,True
coco_000000069350_inpaintanything_sd2_1_None.jpg,640,441,640,441,True,0.315657,2,True
coco_000000069405_powerpaint_realisticvision_1_Blended.jpg,640,424,640,424,True,0.115282,144,False
coco_000000069501_powerpaint_realisticvision_1_None.jpg,640,424,640,424,True,0.418595,175,False
coco_000000069599_brushnet_realisticvision_1_None.jpg,424,640,424,640,True,0.112647,108,False
coco_000000069839_controlnet_sd1-5_1_None.jpg,640,424,640,424,True,0.195832,172,False
coco_000000069978_brushnet_realisticvision_1_None.jpg,640,424,640,424,True,0.091631,91,False
coco_000000070255_removeanything_lama_1_None.jpg,448,300,448,300,True,0.067723,2,True
coco_000000070269_controlnet_sd1-5_1_None.jpg,640,448,640,448,True,0.079021,137,False
coco_000000070987_controlnet_sd1-5_1_None.jpg,640,480,640,480,True,0.1471,2,True
coco_000000071407_powerpaint_realisticvision_1_None.jpg,640,472,640,472,True,0.089443,184,False
coco_000000071857_powerpaint_realisticvision_1_Blended.jpg,496,368,496,368,True,0.119642,249,False
coco_000000071881_controlnet_sd1-5_1_None.jpg,640,480,640,480,True,0.190469,2,True
coco_000000072429_removeanything_lama_1_None.jpg,480,640,480,640,True,0.089473,2,True
coco_000000072769_inpaintanything_sd2_1_None.jpg,640,272,640,272,True,0.069382,2,True
coco_000000072792_powerpaint_realisticvision_1_Blended.jpg,640,424,640,424,True,0.087839,2,True
coco_000000073096_removeanything_lama_1_None.jpg,640,480,640,480,True,0.045524,2,True
coco_000000073234_powerpaint_realisticvision_1_None.jpg,640,360,640,360,True,0.625069,2,True
coco_000000073537_removeanything_lama_1_None.jpg,640,512,640,512,True,0.15032,2,True
coco_000000074103_powerpaint_realisticvision_1_None.jpg,424,640,424,640,True,0.14735,204,False
coco_000000074576_removeanything_lama_1_None.jpg,640,480,640,480,True,0.10459,2,True
coco_000000074938_powerpaint_realisticvision_1_Blended.jpg,640,480,640,480,True,0.271068,2,True
coco_000000075027_inpaintanything_sd2_1_None.jpg,500,375,500,375,True,0.233787,2,True
coco_000000075621_powerpaint_realisticvision_1_None.jpg,640,480,640,480,True,0.075065,2,True
coco_000000075636_powerpaint_realisticvision_1_Blended.jpg,600,448,600,448,True,0.242013,128,False
coco_000000075668_inpaintanything_sd2_1_None.jpg,612,612,612,612,True,0.066008,2,True
coco_000000075963_powerpaint_realisticvision_1_Blended.jpg,640,488,640,488,True,0.488438,226,False
coco_000000076844_removeanything_lama_1_None.jpg,640,480,640,480,True,0.06457,2,True
coco_000000076956_removeanything_lama_1_None.jpg,640,428,640,428,True,0.015154,2,True
coco_000000077783_powerpaint_realisticvision_1_Blended.jpg,328,496,328,496,True,0.176768,231,False
coco_000000077963_removeanything_lama_1_None.jpg,480,640,480,640,True,0.124785,2,True
coco_000000078364_removeanything_lama_1_None.jpg,426,640,426,640,True,0.057248,2,True
coco_000000079716_inpaintanything_sd2_1_None.jpg,428,640,428,640,True,0.110624,2,True
coco_000000079883_inpaintanything_sd2_1_None.jpg,390,293,390,293,True,0.476652,2,True
coco_000000080213_inpaintanything_sd2_1_None.jpg,500,375,500,375,True,0.251883,2,True
coco_000000080332_inpaintanything_sd2_1_None.jpg,500,363,500,363,True,0.202804,2,True
coco_000000080864_inpaintanything_sd2_1_None.jpg,640,427,640,427,True,0.130408,2,True
coco_000000081099_inpaintanything_sd2_1_None.jpg,640,392,640,392,True,0.717427,2,True
coco_000000082475_inpaintanything_sd2_1_None.jpg,480,640,480,640,True,0.690374,2,True
coco_000000082740_removeanything_lama_1_None.jpg,640,438,640,438,True,0.075888,2,True
coco_000000082898_powerpaint_realisticvision_1_Blended.jpg,496,368,496,368,True,0.066691,227,False
coco_000000083079_inpaintanything_sd2_1_None.jpg,480,640,480,640,True,0.263896,2,True
coco_000000083464_powerpaint_realisticvision_1_None.jpg,496,368,496,368,True,0.124315,236,False
coco_000000083600_powerpaint_realisticvision_1_None.jpg,640,480,640,480,True,0.419124,2,True
coco_000000084493_powerpaint_realisticvision_1_Blended.jpg,472,640,472,640,True,0.347163,222,False
coco_000000084495_inpaintanything_sd2_1_None.jpg,640,400,640,400,True,0.148227,2,True
coco_000000084512_removeanything_lama_1_None.jpg,426,640,426,640,True,0.261506,2,True
coco_000000085110_removeanything_lama_1_None.jpg,640,481,640,481,True,0.015511,2,True
coco_000000085215_powerpaint_realisticvision_1_Blended.jpg,640,480,640,480,True,0.035902,2,True
coco_000000085252_inpaintanything_sd2_1_None.jpg,640,417,640,417,True,0.273576,2,True
coco_000000085407_removeanything_lama_1_None.jpg,494,640,494,640,True,0.234751,2,True
coco_000000086147_removeanything_lama_1_None.jpg,640,427,640,427,True,0.096132,2,True
coco_000000086452_inpaintanything_sd2_1_None.jpg,640,480,640,480,True,0.144089,2,True
coco_000000086654_removeanything_lama_1_None.jpg,640,426,640,426,True,0.082163,2,True
coco_000000086790_powerpaint_realisticvision_1_Blended.jpg,640,480,640,480,True,0.036738,2,True
coco_000000086884_powerpaint_realisticvision_1_Blended.jpg,640,480,640,480,True,0.555934,2,True
coco_000000087363_powerpaint_realisticvision_1_Blended.jpg,640,424,640,424,True,0.057175,47,False
coco_000000087616_inpaintanything_sd2_1_None.jpg,500,333,500,333,True,0.262925,2,True
coco_000000087987_inpaintanything_sd2_1_None.jpg,640,480,640,480,True,0.03528,2,True
coco_000000088802_powerpaint_realisticvision_1_None.jpg,640,480,640,480,True,0.250687,2,True
coco_000000089052_removeanything_lama_1_None.jpg,640,359,640,359,True,0.200953,2,True
coco_000000089210_removeanything_lama_1_None.jpg,640,480,640,480,True,0.091719,2,True
coco_000000091120_removeanything_lama_1_None.jpg,640,427,640,427,True,0.096472,2,True
coco_000000091353_inpaintanything_sd2_1_None.jpg,480,640,480,640,True,0.355596,2,True
coco_000000092107_removeanything_lama_1_None.jpg,266,187,266,187,True,0.076133,2,True
coco_000000092197_inpaintanything_sd2_1_None.jpg,426,640,426,640,True,0.088945,2,True
coco_000000092315_removeanything_lama_1_None.jpg,500,375,500,375,True,0.075637,2,True
coco_000000092585_inpaintanything_sd2_1_None.jpg,640,480,640,480,True,0.237207,2,True
coco_000000092953_inpaintanything_sd2_1_None.jpg,640,480,640,480,True,0.062314,2,True
coco_000000093000_powerpaint_realisticvision_1_None.jpg,640,480,640,480,True,0.120687,2,True
coco_000000093465_powerpaint_realisticvision_1_Blended.jpg,368,496,368,496,True,0.252197,230,False
coco_000000093703_powerpaint_realisticvision_1_None.jpg,640,424,640,424,True,0.123636,118,False
coco_000000093720_removeanything_lama_1_None.jpg,640,480,640,480,True,0.076029,2,True
coco_000000093946_removeanything_lama_1_None.jpg,640,478,640,478,True,0.13597,2,True
coco_000000094271_inpaintanything_sd2_1_None.jpg,500,335,500,335,True,0.168209,2,True
coco_000000094666_removeanything_lama_1_None.jpg,640,480,640,480,True,0.03069,2,True
coco_000000095123_removeanything_lama_1_None.jpg,640,423,640,423,True,0.193606,2,True
coco_000000095383_powerpaint_realisticvision_1_None.jpg,616,640,616,640,True,0.443489,163,False
coco_000000095620_removeanything_lama_1_None.jpg,640,428,640,428,True,0.678311,2,True
coco_000000095833_inpaintanything_sd2_1_None.jpg,640,427,640,427,True,0.257432,2,True
coco_000000096189_powerpaint_realisticvision_1_Blended.jpg,640,440,640,440,True,0.179837,209,False
coco_000000097321_inpaintanything_sd2_1_None.jpg,640,480,640,480,True,0.147894,2,True
coco_000000097365_powerpaint_realisticvision_1_None.jpg,424,640,424,640,True,0.481806,216,False
coco_000000097367_inpaintanything_sd2_1_None.jpg,640,425,640,425,True,0.27661,2,True
coco_000000097591_removeanything_lama_1_None.jpg,640,480,640,480,True,0.137708,2,True
coco_000000097849_inpaintanything_sd2_1_None.jpg,640,426,640,426,True,0.07902,2,True
coco_000000097871_removeanything_lama_1_None.jpg,640,425,640,425,True,0.125331,2,True
coco_000000098707_inpaintanything_sd2_1_None.jpg,481,640,481,640,True,0.139387,2,True
coco_000000098801_inpaintanything_sd2_1_None.jpg,417,640,417,640,True,0.15006,2,True
coco_000000098871_powerpaint_realisticvision_1_None.jpg,640,360,640,360,True,0.131237,2,True
coco_000000098904_removeanything_lama_1_None.jpg,427,640,427,640,True,0.345968,2,True
coco_000000099086_inpaintanything_sd2_1_None.jpg,640,480,640,480,True,0.055645,2,True
coco_000000099165_inpaintanything_sd2_1_None.jpg,640,480,640,480,True,0.170609,2,True
coco_000000099642_inpaintanything_sd2_1_None.jpg,640,480,640,480,True,0.3489,2,True
coco_000000099874_inpaintanything_sd2_1_None.jpg,478,640,478,640,True,0.130122,2,True
coco_000000100199_removeanything_lama_1_None.jpg,640,427,640,427,True,0.350015,2,True
coco_000000100449_removeanything_lama_1_None.jpg,640,480,640,480,True,0.052087,2,True
coco_000000100506_inpaintanything_sd2_1_None.jpg,640,480,640,480,True,0.166784,2,True
coco_000000100895_removeanything_lama_1_None.jpg,612,612,612,612,True,0.372442,2,True
coco_000000101088_powerpaint_realisticvision_1_None.jpg,640,480,640,480,True,0.224762,2,True
coco_000000101241_inpaintanything_sd2_1_None.jpg,640,640,640,640,True,0.049812,2,True
coco_000000101826_inpaintanything_sd2_1_None.jpg,640,248,640,248,True,0.092068,2,True
coco_000000102400_powerpaint_realisticvision_1_None.jpg,640,424,640,424,True,0.620541,157,False
coco_000000102469_powerpaint_realisticvision_1_Blended.jpg,640,480,640,480,True,0.063867,2,True
coco_000000102815_inpaintanything_sd2_1_None.jpg,640,480,640,480,True,0.162874,2,True
coco_000000104047_removeanything_lama_1_None.jpg,480,640,480,640,True,0.178171,2,True
coco_000000104758_inpaintanything_sd2_1_None.jpg,640,428,640,428,True,0.111003,2,True
coco_000000104790_powerpaint_realisticvision_1_None.jpg,640,424,640,424,True,0.40569,80,False
coco_000000104898_removeanything_lama_1_None.jpg,640,480,640,480,True,0.169818,2,True
coco_000000104982_inpaintanything_sd2_1_None.jpg,500,281,500,281,True,0.229181,2,True
coco_000000107013_removeanything_lama_1_None.jpg,640,361,640,361,True,0.026251,2,True
coco_000000107610_powerpaint_realisticvision_1_Blended.jpg,640,424,640,424,True,0.084637,81,False
coco_000000107979_removeanything_lama_1_None.jpg,640,416,640,416,True,0.063886,2,True
coco_000000108408_inpaintanything_sd2_1_None.jpg,427,640,427,640,True,0.076745,2,True
coco_000000108627_powerpaint_realisticvision_1_None.jpg,640,424,640,424,True,0.072063,192,False
coco_000000108838_powerpaint_realisticvision_1_Blended.jpg,640,480,640,480,True,0.029671,2,True
coco_000000109444_removeanything_lama_1_None.jpg,425,640,425,640,True,0.062721,2,True
coco_000000109937_removeanything_lama_1_None.jpg,480,640,480,640,True,0.393975,2,True
coco_000000110231_removeanything_lama_1_None.jpg,640,354,640,354,True,0.116561,2,True
coco_000000110240_inpaintanything_sd2_1_None.jpg,640,480,640,480,True,0.060654,2,True
coco_000000111032_inpaintanything_sd2_1_None.jpg,500,400,500,400,True,0.13543,2,True
coco_000000111583_inpaintanything_sd2_1_None.jpg,500,281,500,281,True,0.068726,2,True
coco_000000111629_powerpaint_realisticvision_1_None.jpg,424,640,424,640,True,0.40684,111,False
coco_000000111807_removeanything_lama_1_None.jpg,640,480,640,480,True,0.062747,2,True
coco_000000111922_inpaintanything_sd2_1_None.jpg,640,480,640,480,True,0.057764,2,True
coco_000000111933_inpaintanything_sd2_1_None.jpg,427,640,427,640,True,0.113956,2,True
coco_000000112250_removeanything_lama_1_None.jpg,480,640,480,640,True,0.521097,2,True
coco_000000112858_removeanything_lama_1_None.jpg,640,410,640,410,True,0.08992,2,True
coco_000000113001_powerpaint_realisticvision_1_None.jpg,640,424,640,424,True,0.301349,103,False
coco_000000113058_removeanything_lama_1_None.jpg,640,480,640,480,True,0.062751,2,True
coco_000000113199_removeanything_lama_1_None.jpg,640,480,640,480,True,0.403005,2,True
coco_000000114229_powerpaint_realisticvision_1_Blended.jpg,496,328,496,328,True,0.009306,62,False
coco_000000114403_removeanything_lama_1_None.jpg,335,500,335,500,True,0.167773,2,True
coco_000000114473_inpaintanything_sd2_1_None.jpg,500,500,500,500,True,0.095472,2,True
coco_000000114521_powerpaint_realisticvision_1_None.jpg,640,424,640,424,True,0.148073,140,False
coco_000000114541_removeanything_lama_1_None.jpg,640,480,640,480,True,0.083226,2,True
coco_000000114886_powerpaint_realisticvision_1_None.jpg,640,400,640,400,True,0.156066,144,False
coco_000000114894_removeanything_lama_1_None.jpg,640,480,640,480,True,0.375049,2,True
coco_000000115574_powerpaint_realisticvision_1_None.jpg,640,432,640,432,True,0.311856,227,False
coco_000000115692_inpaintanything_sd2_1_None.jpg,640,480,640,480,True,0.113822,2,True
coco_000000115700_powerpaint_realisticvision_1_Blended.jpg,480,640,480,640,True,0.502715,2,True
coco_000000115859_powerpaint_realisticvision_1_Blended.jpg,496,368,496,368,True,0.361271,221,False
coco_000000116064_inpaintanything_sd2_1_None.jpg,640,425,640,425,True,0.099246,2,True
coco_000000116088_inpaintanything_sd2_1_None.jpg,640,480,640,480,True,0.065928,2,True
coco_000000116220_inpaintanything_sd2_1_None.jpg,640,480,640,480,True,0.652809,2,True
coco_000000116900_powerpaint_realisticvision_1_Blended.jpg,496,328,496,328,True,0.112553,143,False
coco_000000117322_inpaintanything_sd2_1_None.jpg,640,425,640,425,True,0.329426,2,True
coco_000000117328_powerpaint_realisticvision_1_None.jpg,640,424,640,424,True,0.089343,141,False
coco_000000117396_inpaintanything_sd2_1_None.jpg,500,375,500,375,True,0.316331,2,True
coco_000000119647_powerpaint_realisticvision_1_None.jpg,640,480,640,480,True,0.137624,2,True
coco_000000119709_powerpaint_realisticvision_1_Blended.jpg,480,640,480,640,True,0.42193,2,True
coco_000000120518_inpaintanything_sd2_1_None.jpg,500,333,500,333,True,0.131405,2,True
coco_000000121749_inpaintanything_sd2_1_None.jpg,640,427,640,427,True,0.048785,2,True
coco_000000121839_powerpaint_realisticvision_1_None.jpg,424,640,424,640,True,0.061391,2,True
coco_000000121875_inpaintanything_sd2_1_None.jpg,640,424,640,424,True,0.298415,2,True
coco_000000121977_inpaintanything_sd2_1_None.jpg,639,640,639,640,True,0.230027,2,True
coco_000000122436_inpaintanything_sd2_1_None.jpg,612,612,612,612,True,0.269421,2,True
coco_000000122535_powerpaint_realisticvision_1_None.jpg,640,424,640,424,True,0.285864,55,False
coco_000000123071_powerpaint_realisticvision_1_Blended.jpg,640,424,640,424,True,0.503648,200,False
coco_000000123878_inpaintanything_sd2_1_None.jpg,510,640,510,640,True,0.095784,2,True
coco_000000124188_powerpaint_realisticvision_1_None.jpg,640,480,640,480,True,0.067067,2,True
coco_000000124235_powerpaint_realisticvision_1_None.jpg,328,496,328,496,True,0.110586,207,False
coco_000000124532_powerpaint_realisticvision_1_Blended.jpg,640,424,640,424,True,0.197273,174,False
coco_000000125720_powerpaint_realisticvision_1_Blended.jpg,352,496,352,496,True,0.45411,199,False
coco_000000126437_inpaintanything_sd2_1_None.jpg,480,640,480,640,True,0.233522,2,True
coco_000000127050_inpaintanything_sd2_1_None.jpg,640,423,640,423,True,0.013852,2,True
coco_000000127751_powerpaint_realisticvision_1_None.jpg,496,368,496,368,True,0.130824,125,False
coco_000000127926_inpaintanything_sd2_1_None.jpg,640,480,640,480,True,0.265664,2,True
coco_000000127976_inpaintanything_sd2_1_None.jpg,426,640,426,640,True,0.059632,2,True
coco_000000128135_inpaintanything_sd2_1_None.jpg,426,640,426,640,True,0.069601,2,True
coco_000000128848_inpaintanything_sd2_1_None.jpg,640,480,640,480,True,0.048649,2,True
coco_000000129072_powerpaint_realisticvision_1_None.jpg,424,640,424,640,True,0.335145,186,False
coco_000000134309_inpaintanything_sd2_1_None.jpg,431,640,431,640,True,0.065012,2,True
coco_000000135122_inpaintanything_sd2_1_None.jpg,640,426,640,426,True,0.138289,2,True
coco_000000135763_inpaintanything_sd2_1_None.jpg,429,640,429,640,True,0.434681,2,True
coco_000000136894_inpaintanything_sd2_1_None.jpg,640,429,640,429,True,0.108876,2,True
coco_000000137206_inpaintanything_sd2_1_None.jpg,640,480,640,480,True,0.216533,2,True
coco_000000137595_inpaintanything_sd2_1_None.jpg,640,480,640,480,True,0.170612,2,True
coco_000000137824_inpaintanything_sd2_1_None.jpg,640,480,640,480,True,0.085469,2,True
coco_000000138742_inpaintanything_sd2_1_None.jpg,640,427,640,427,True,0.055401,2,True
coco_000000141197_inpaintanything_sd2_1_None.jpg,480,640,480,640,True,0.088174,2,True
coco_000000143095_inpaintanything_sd2_1_None.jpg,640,480,640,480,True,0.573294,2,True
coco_000000144334_inpaintanything_sd2_1_None.jpg,480,640,480,640,True,0.32026,2,True
coco_000000146436_inpaintanything_sd2_1_None.jpg,427,640,427,640,True,0.926819,2,True
coco_000000149151_inpaintanything_sd2_1_None.jpg,640,427,640,427,True,0.300523,2,True
coco_000000149641_inpaintanything_sd2_1_None.jpg,500,400,500,400,True,0.201955,2,True
coco_000000150284_inpaintanything_sd2_1_None.jpg,640,360,640,360,True,0.385955,2,True
coco_000000152915_inpaintanything_sd2_1_None.jpg,640,427,640,427,True,0.076003,2,True
coco_000000155782_inpaintanything_sd2_1_None.jpg,500,375,500,375,True,0.226725,2,True
coco_000000155839_inpaintanything_sd2_1_None.jpg,427,640,427,640,True,0.276467,2,True
coco_000000155861_inpaintanything_sd2_1_None.jpg,640,360,640,360,True,0.097556,2,True
coco_000000155897_inpaintanything_sd2_1_None.jpg,374,500,374,500,True,0.101508,2,True
coco_000000159223_inpaintanything_sd2_1_None.jpg,640,480,640,480,True,0.201029,2,True
coco_000000159715_inpaintanything_sd2_1_None.jpg,640,360,640,360,True,0.103681,2,True
coco_000000159900_inpaintanything_sd2_1_None.jpg,640,426,640,426,True,0.286411,2,True
coco_000000159971_inpaintanything_sd2_1_None.jpg,640,480,640,480,True,0.501563,2,True
coco_000000160652_inpaintanything_sd2_1_None.jpg,427,640,427,640,True,0.132311,2,True
coco_000000161308_inpaintanything_sd2_1_None.jpg,640,440,640,440,True,0.188484,2,True
coco_000000161586_inpaintanything_sd2_1_None.jpg,480,640,480,640,True,0.068835,2,True
coco_000000161974_inpaintanything_sd2_1_None.jpg,640,427,640,427,True,0.459785,2,True
coco_000000163010_inpaintanything_sd2_1_None.jpg,427,640,427,640,True,0.012204,2,True
coco_000000163497_inpaintanything_sd2_1_None.jpg,500,333,500,333,True,0.130595,2,True
coco_000000165550_inpaintanything_sd2_1_None.jpg,500,334,500,334,True,0.448156,2,True
coco_000000168022_inpaintanything_sd2_1_None.jpg,640,466,640,466,True,0.082625,2,True
coco_000000168060_inpaintanything_sd2_1_None.jpg,512,384,512,384,True,0.149078,2,True
coco_000000168355_inpaintanything_sd2_1_None.jpg,640,424,640,424,True,0.172203,2,True
coco_000000169340_inpaintanything_sd2_1_None.jpg,640,425,640,425,True,0.098676,2,True
coco_000000169937_inpaintanything_sd2_1_None.jpg,480,640,480,640,True,0.280527,2,True
coco_000000173228_inpaintanything_sd2_1_None.jpg,640,426,640,426,True,0.128198,2,True
coco_000000173596_inpaintanything_sd2_1_None.jpg,640,426,640,426,True,0.163311,2,True
coco_000000174188_inpaintanything_sd2_1_None.jpg,480,640,480,640,True,0.013965,2,True
coco_000000174303_inpaintanything_sd2_1_None.jpg,640,480,640,480,True,0.246198,2,True
coco_000000174440_inpaintanything_sd2_1_None.jpg,640,427,640,427,True,0.070752,2,True
coco_000000178006_inpaintanything_sd2_1_None.jpg,375,500,375,500,True,0.148976,2,True
coco_000000179672_inpaintanything_sd2_1_None.jpg,640,480,640,480,True,0.147972,2,True
coco_000000182028_inpaintanything_sd2_1_None.jpg,533,640,533,640,True,0.152322,2,True
coco_000000182785_inpaintanything_sd2_1_None.jpg,640,428,640,428,True,0.089402,2,True
coco_000000186336_inpaintanything_sd2_1_None.jpg,640,480,640,480,True,0.379678,2,True
coco_000000186500_inpaintanything_sd2_1_None.jpg,612,612,612,612,True,0.462274,2,True
coco_000000186558_inpaintanything_sd2_1_None.jpg,427,640,427,640,True,0.018918,2,True
coco_000000188380_inpaintanything_sd2_1_None.jpg,640,480,640,480,True,0.27596,2,True
coco_000000190942_inpaintanything_sd2_1_None.jpg,640,427,640,427,True,0.160473,2,True
coco_000000192501_inpaintanything_sd2_1_None.jpg,500,375,500,375,True,0.066843,2,True
coco_000000195073_inpaintanything_sd2_1_None.jpg,612,612,612,612,True,0.373433,2,True
coco_000000195281_inpaintanything_sd2_1_None.jpg,640,480,640,480,True,0.522106,2,True
coco_000000195721_inpaintanything_sd2_1_None.jpg,640,405,640,405,True,0.19782,2,True
coco_000000195889_inpaintanything_sd2_1_None.jpg,640,480,640,480,True,0.297396,2,True
coco_000000196981_inpaintanything_sd2_1_None.jpg,640,480,640,480,True,0.167337,2,True
coco_000000198223_inpaintanything_sd2_1_None.jpg,640,480,640,480,True,0.079759,2,True
coco_000000198981_inpaintanything_sd2_1_None.jpg,500,375,500,375,True,0.369488,2,True
coco_000000199553_inpaintanything_sd2_1_None.jpg,427,640,427,640,True,0.182575,2,True
coco_000000200840_inpaintanything_sd2_1_None.jpg,640,483,640,483,True,0.166207,2,True
coco_000000201352_inpaintanything_sd2_1_None.jpg,640,628,640,628,True,0.14892,2,True
coco_000000202343_inpaintanything_sd2_1_None.jpg,500,375,500,375,True,0.476699,2,True
coco_000000203989_inpaintanything_sd2_1_None.jpg,640,428,640,428,True,0.125077,2,True
coco_000000204674_inpaintanything_sd2_1_None.jpg,284,640,284,640,True,0.068139,2,True
coco_000000204930_inpaintanything_sd2_1_None.jpg,480,640,480,640,True,0.113662,2,True
coco_000000205253_inpaintanything_sd2_1_None.jpg,640,481,640,481,True,0.262279,2,True
coco_000000206454_inpaintanything_sd2_1_None.jpg,640,359,640,359,True,0.413536,2,True
coco_000000206700_inpaintanything_sd2_1_None.jpg,478,640,478,640,True,0.223529,2,True
coco_000000207475_inpaintanything_sd2_1_None.jpg,480,640,480,640,True,0.578239,2,True
coco_000000207734_inpaintanything_sd2_1_None.jpg,640,480,640,480,True,0.113294,2,True
coco_000000207797_inpaintanything_sd2_1_None.jpg,640,466,640,466,True,0.094176,2,True
coco_000000209720_inpaintanything_sd2_1_None.jpg,640,428,640,428,True,0.509853,2,True
coco_000000211178_inpaintanything_sd2_1_None.jpg,640,480,640,480,True,0.408356,2,True
coco_000000211347_inpaintanything_sd2_1_None.jpg,375,500,375,500,True,0.292971,2,True
copymove_0_000000001592.tif,425,640,425,640,True,0.041629,15,False
copymove_0_000000003532.tif,640,427,640,427,True,0.115691,16,False
copymove_0_000000015552.tif,640,516,640,516,True,0.022084,14,False
copymove_0_000000022415.tif,640,427,640,427,True,0.048756,15,False
copymove_0_000000022890.tif,612,612,612,612,True,0.028926,15,False
copymove_0_000000025747.tif,640,480,640,480,True,0.073089,16,False
copymove_0_000000060515.tif,500,375,500,375,True,0.004245,13,False
copymove_0_000000074617.tif,640,426,640,426,True,0.000855,12,False
copymove_0_000000097146.tif,640,480,640,480,True,0.004896,12,False
copymove_0_000000117718.tif,640,480,640,480,True,0.024456,15,False
copymove_0_000000134703.tif,640,480,640,480,True,0.005684,14,False
copymove_0_000000138618.tif,640,483,640,483,True,0.005881,14,False
copymove_0_000000143379.tif,640,427,640,427,True,0.023558,15,False
copymove_0_000000152099.tif,612,612,612,612,True,0.005714,14,False
copymove_0_000000158700.tif,640,424,640,424,True,0.008737,15,False
copymove_0_000000160848.tif,640,427,640,427,True,0.056148,16,False
copymove_0_000000168543.tif,471,640,471,640,True,0.077919,16,False
copymove_0_000000178683.tif,614,640,614,640,True,0.001341,14,False
copymove_0_000000181208.tif,640,480,640,480,True,0.024271,16,False
copymove_0_000000181627.tif,640,480,640,480,True,0.055632,15,False
copymove_0_000000190950.tif,426,640,426,640,True,0.016626,16,False
copymove_0_000000191325.tif,640,480,640,480,True,0.014935,16,False
copymove_0_000000194161.tif,375,500,375,500,True,0.000368,11,False
copymove_0_000000211204.tif,640,276,640,276,True,0.010745,14,False
copymove_0_000000211678.tif,461,640,461,640,True,0.002732,13,False
copymove_0_000000215563.tif,640,427,640,427,True,0.072095,16,False
copymove_0_000000218601.tif,500,375,500,375,True,0.004528,14,False
copymove_0_000000218874.tif,640,429,640,429,True,0.019839,15,False
copymove_0_000000223827.tif,375,500,375,500,True,0.023008,14,False
copymove_0_000000229491.tif,427,640,427,640,True,0.035081,16,False
copymove_0_000000231863.tif,640,401,640,401,True,0.015368,13,False
copymove_0_000000236571.tif,640,424,640,424,True,0.01819,15,False
copymove_0_000000245817.tif,361,640,361,640,True,0.038894,15,False
copymove_0_000000255017.tif,640,359,640,359,True,0.045813,16,False
copymove_0_000000257231.tif,640,480,640,480,True,0.004137,14,False
copymove_0_000000258528.tif,640,480,640,480,True,0.008695,14,False
copymove_0_000000293998.tif,640,480,640,480,True,0.041419,15,False
copymove_0_000000300655.tif,640,427,640,427,True,0.017586,15,False
copymove_0_000000301670.tif,640,445,640,445,True,0.001324,13,False
copymove_0_000000305480.tif,640,427,640,427,True,0.001991,12,False
copymove_0_000000305813.tif,635,640,635,640,True,0.002414,14,False
copymove_0_000000330256.tif,427,640,427,640,True,0.012683,15,False
copymove_0_000000331759.tif,640,427,640,427,True,0.003081,14,False
copymove_0_000000332420.tif,640,480,640,480,True,0.075521,16,False
copymove_0_000000345536.tif,640,426,640,426,True,0.004816,13,False
copymove_0_000000350171.tif,640,425,640,425,True,0.00079,12,False
copymove_0_000000362373.tif,480,320,480,320,True,0.006452,13,False
copymove_0_000000367896.tif,640,473,640,473,True,0.045716,14,False
copymove_0_000000409921.tif,640,480,640,480,True,0.003675,13,False
copymove_0_000000412658.tif,427,640,427,640,True,0.038422,17,False
copymove_0_000000417727.tif,500,375,500,375,True,0.012027,15,False
copymove_0_000000437440.tif,640,427,640,427,True,0.025648,15,False
copymove_0_000000449307.tif,640,427,640,427,True,0.009653,15,False
copymove_0_000000456969.tif,640,427,640,427,True,0.043523,15,False
copymove_0_000000460739.tif,500,375,500,375,True,0.008027,14,False
copymove_0_000000479617.tif,500,375,500,375,True,0.016171,15,False
copymove_0_000000481515.tif,640,404,640,404,True,0.013653,15,False
copymove_0_000000494940.tif,640,515,640,515,True,0.02547,16,False
copymove_0_000000501498.tif,640,428,640,428,True,0.154695,16,False
copymove_0_000000511577.tif,375,500,375,500,True,0.007147,13,False
copymove_0_000000520181.tif,640,426,640,426,True,0.01824,16,False
copymove_0_000000523947.tif,640,360,640,360,True,0.024097,16,False
copymove_0_000000566375.tif,640,480,640,480,True,0.00526,13,False
copymove_0_000000567224.tif,640,428,640,428,True,0.032371,15,False
copymove_0_000000578037.tif,640,427,640,427,True,0.011183,14,False
copymove_10_000000073361.tif,640,427,640,427,True,0.003619,12,False
copymove_10_000000220763.tif,500,332,500,332,True,0.003988,10,False
copymove_10_000000309615.tif,640,480,640,480,True,0.006074,16,False
copymove_11_000000302117.tif,431,640,431,640,True,0.000834,13,False
copymove_11_000000370162.tif,640,400,640,400,True,0.011371,16,False
copymove_13_000000529102.tif,612,612,612,612,True,0.07743,16,False
copymove_14_000000048451.tif,640,424,640,424,True,0.005015,14,False
copymove_14_000000351017.tif,640,425,640,425,True,0.005026,13,False
copymove_14_000000543200.tif,640,480,640,480,True,0.002497,12,False
copymove_16_000000424174.tif,480,640,480,640,True,0.010944,15,False
copymove_17_000000257685.tif,500,373,500,373,True,0.006949,14,False
copymove_1_000000017629.tif,385,500,385,500,True,0.091356,16,False
copymove_1_000000021365.tif,640,390,640,390,True,0.007833,16,False
copymove_1_000000064751.tif,640,480,640,480,True,0.002702,12,False
copymove_1_000000065208.tif,375,500,375,500,True,0.002352,12,False
copymove_1_000000079957.tif,640,427,640,427,True,0.001416,12,False
copymove_1_000000095321.tif,640,426,640,426,True,0.080634,16,False
copymove_1_000000114375.tif,640,480,640,480,True,0.008444,12,False
copymove_1_000000122786.tif,414,640,414,640,True,0.002834,13,False
copymove_1_000000125365.tif,480,640,480,640,True,0.005475,15,False
copymove_1_000000125468.tif,640,480,640,480,True,0.075518,16,False
copymove_1_000000146871.tif,640,432,640,432,True,0.003016,12,False
copymove_1_000000147058.tif,640,480,640,480,True,0.04085,15,False
copymove_1_000000155364.tif,640,423,640,423,True,0.151367,16,False
copymove_1_000000172716.tif,351,500,351,500,True,0.024142,16,False
copymove_1_000000174059.tif,640,519,640,519,True,0.070126,17,False
copymove_1_000000235537.tif,640,480,640,480,True,0.00234,14,False
copymove_1_000000242342.tif,640,427,640,427,True,0.03649,16,False
copymove_1_000000248753.tif,640,480,640,480,True,0.001549,12,False
copymove_1_000000278737.tif,511,640,511,640,True,0.018389,15,False
copymove_1_000000308343.tif,458,640,458,640,True,0.065226,16,False
copymove_1_000000335131.tif,640,337,640,337,True,0.017025,16,False
copymove_1_000000369788.tif,640,480,640,480,True,0.107568,16,False
copymove_1_000000383704.tif,480,360,480,360,True,0.01728,15,False
copymove_1_000000401816.tif,640,480,640,480,True,0.025677,16,False
copymove_1_000000423083.tif,640,480,640,480,True,0.001315,12,False
copymove_1_000000434031.tif,640,480,640,480,True,0.076162,17,False
copymove_1_000000456725.tif,500,373,500,373,True,0.050284,16,False
copymove_1_000000459793.tif,640,395,640,395,True,0.023663,14,False
copymove_1_000000473109.tif,612,612,612,612,True,0.000507,11,False
copymove_1_000000524450.tif,640,424,640,424,True,0.007566,13,False
copymove_1_000000551427.tif,640,480,640,480,True,0.010951,14,False
copymove_1_000000560552.tif,640,480,640,480,True,0.017044,14,False
copymove_20_000000230863.tif,640,424,640,424,True,0.002174,12,False
copymove_24_000000140481.tif,640,516,640,516,True,0.004624,12,False
copymove_2_000000004834.tif,640,565,640,565,True,0.002152,15,False
copymove_2_000000030526.tif,640,480,640,480,True,0.007523,16,False
copymove_2_000000039643.tif,640,480,640,480,True,0.0036,13,False
copymove_2_000000051965.tif,640,480,640,480,True,0.039388,15,False
copymove_2_000000082488.tif,640,430,640,430,True,0.001417,13,False
copymove_2_000000095039.tif,640,428,640,428,True,0.083287,15,False
copymove_2_000000100196.tif,640,426,640,426,True,0.039565,16,False
copymove_2_000000106994.tif,640,426,640,426,True,0.085681,15,False
copymove_2_000000122161.tif,640,480,640,480,True,0.001048,11,False
copymove_2_000000142890.tif,640,480,640,480,True,0.067878,15,False
copymove_2_000000155794.tif,640,427,640,427,True,0.003074,15,False
copymove_2_000000245118.tif,640,512,640,512,True,0.020483,16,False
copymove_2_000000268940.tif,640,427,640,427,True,0.02313,14,False
copymove_2_000000286569.tif,480,640,480,640,True,0.003665,14,False
copymove_2_000000302077.tif,500,332,500,332,True,0.004873,12,False
copymove_2_000000306619.tif,543,640,543,640,True,0.028962,14,False
copymove_2_000000310158.tif,640,480,640,480,True,0.01708,15,False
copymove_2_000000396791.tif,612,612,612,612,True,0.015726,16,False
copymove_2_000000405278.tif,640,480,640,480,True,0.030716,16,False
copymove_2_000000427154.tif,640,496,640,496,True,0.006011,14,False
copymove_2_000000434526.tif,640,359,640,359,True,0.00262,14,False
copymove_2_000000469853.tif,640,547,640,547,True,0.015682,14,False
copymove_2_000000471446.tif,640,426,640,426,True,0.004057,15,False
copymove_2_000000509607.tif,640,568,640,568,True,0.004355,14,False
copymove_2_000000513758.tif,640,480,640,480,True,0.001553,15,False
copymove_2_000000571575.tif,640,480,640,480,True,0.029473,17,False
copymove_31_000000132888.tif,640,427,640,427,True,0.040921,15,False
copymove_3_000000123512.tif,480,640,480,640,True,0.004684,15,False
copymove_3_000000175520.tif,640,360,640,360,True,0.018008,16,False
copymove_3_000000312559.tif,640,480,640,480,True,0.033057,14,False
copymove_3_000000326508.tif,500,281,500,281,True,0.017281,13,False
copymove_3_000000380279.tif,640,480,640,480,True,0.010173,15,False
copymove_3_000000382164.tif,640,213,640,213,True,0.017811,12,False
copymove_3_000000465844.tif,612,612,612,612,True,0.00817,2,True
copymove_3_000000562778.tif,640,599,640,599,True,0.00035,14,False
copymove_4_000000093649.tif,640,457,640,457,True,0.000458,11,False
copymove_4_000000107157.tif,640,480,640,480,True,0.005436,14,False
copymove_4_000000120241.tif,640,480,640,480,True,0.040615,16,False
copymove_4_000000216228.tif,640,425,640,425,True,0.007044,13,False
copymove_4_000000257149.tif,640,429,640,429,True,0.000677,13,False
copymove_4_000000364016.tif,640,480,640,480,True,0.017272,15,False
copymove_4_000000407017.tif,640,425,640,425,True,0.003493,13,False
copymove_4_000000436440.tif,612,612,612,612,True,0.127964,16,False
copymove_4_000000468545.tif,640,425,640,425,True,0.001235,12,False
copymove_5_000000031922.tif,640,480,640,480,True,0.001582,13,False
copymove_5_000000081481.tif,500,375,500,375,True,0.012491,15,False
copymove_5_000000223875.tif,500,500,500,500,True,0.002464,13,False
copymove_5_000000244659.tif,640,434,640,434,True,0.053755,15,False
copymove_5_000000518574.tif,480,640,480,640,True,0.00262,11,False
copymove_5_000000575469.tif,640,427,640,427,True,0.188912,14,False
copymove_6_000000025192.tif,640,480,640,480,True,0.009596,14,False
copymove_6_000000501824.tif,640,427,640,427,True,0.018238,14,False
copymove_7_000000077432.tif,480,640,480,640,True,0.003174,13,False
copymove_7_000000173252.tif,640,424,640,424,True,0.019137,15,False
copymove_7_000000225153.tif,480,640,480,640,True,0.010889,15,False
copymove_7_000000373730.tif,640,480,640,480,True,0.002884,13,False
copymove_7_000000392391.tif,640,420,640,420,True,0.003177,14,False
copymove_7_000000546773.tif,480,640,480,640,True,0.014053,16,False
copymove_8_000000024380.tif,640,426,640,426,True,0.002637,14,False
copymove_8_000000065948.tif,640,480,640,480,True,0.043691,16,False
copymove_8_000000252311.tif,426,640,426,640,True,0.008396,13,False
copymove_8_000000297495.tif,640,428,640,428,True,0.005129,15,False
copymove_8_000000491888.tif,640,427,640,427,True,0.006598,15,False
copymove_9_000000242051.tif,480,640,480,640,True,0.014932,15,False
df2023_COCO_DF_C100B00000_00404008.jpg,256,256,256,256,True,0.087784,2,True
df2023_COCO_DF_C100B00000_00410005.jpg,256,256,256,256,True,0.073486,2,True
df2023_COCO_DF_C100B00000_00410511.jpg,256,256,256,256,True,0.123901,2,True
df2023_COCO_DF_C100B00000_00412373.jpg,256,256,256,256,True,0.056519,2,True
df2023_COCO_DF_C100B00000_00415476.jpg,256,256,256,256,True,0.062012,2,True
df2023_COCO_DF_C100B00000_00416267.jpg,256,256,256,256,True,0.059219,2,True
df2023_COCO_DF_C100B00000_00422830.jpg,256,256,256,256,True,0.078354,2,True
df2023_COCO_DF_C100B00000_00426511.jpg,256,256,256,256,True,0.053818,2,True
df2023_COCO_DF_C100B00000_00433025.jpg,256,256,256,256,True,0.065552,2,True
df2023_COCO_DF_C100B00000_00437445.jpg,256,256,256,256,True,0.07338,2,True
df2023_COCO_DF_C100B00000_00439772.jpg,256,256,256,256,True,0.177612,2,True
df2023_COCO_DF_C100B00000_00445083.jpg,256,256,256,256,True,0.096771,2,True
df2023_COCO_DF_C100B00000_00447376.jpg,256,256,256,256,True,0.135132,2,True
df2023_COCO_DF_C100B00000_00449700.jpg,256,256,256,256,True,0.134338,2,True
df2023_COCO_DF_C100B00000_00451322.jpg,256,256,256,256,True,0.07019,2,True
df2023_COCO_DF_C100B00000_00459023.jpg,256,256,256,256,True,0.052795,2,True
df2023_COCO_DF_C100B00000_00464647.jpg,256,256,256,256,True,0.056732,2,True
df2023_COCO_DF_C100B00000_00464873.jpg,256,256,256,256,True,0.364868,2,True
df2023_COCO_DF_C100B00000_00466257.jpg,256,256,256,256,True,0.067749,2,True
df2023_COCO_DF_C100B00000_00471344.jpg,256,256,256,256,True,0.205002,2,True
df2023_COCO_DF_C100B00000_00472467.jpg,256,256,256,256,True,0.079681,2,True
df2023_COCO_DF_C100B00000_00472916.jpg,256,256,256,256,True,0.117279,2,True
df2023_COCO_DF_C100B00000_00474107.jpg,256,256,256,256,True,0.050842,2,True
df2023_COCO_DF_C100B00000_00475720.jpg,256,256,256,256,True,0.146484,2,True
df2023_COCO_DF_C100B00000_00482293.jpg,256,256,256,256,True,0.133728,2,True
df2023_COCO_DF_C100B00000_00484375.jpg,256,256,256,256,True,0.164001,2,True
df2023_COCO_DF_C100B00000_00484750.jpg,256,256,256,256,True,0.165436,2,True
df2023_COCO_DF_C100B00000_00486001.jpg,256,256,256,256,True,0.053391,2,True
df2023_COCO_DF_C100B00000_00486950.jpg,256,256,256,256,True,0.163818,2,True
df2023_COCO_DF_C100B00000_00491563.jpg,256,256,256,256,True,0.161453,2,True
df2023_COCO_DF_C100B00000_00493205.jpg,256,256,256,256,True,0.083084,2,True
df2023_COCO_DF_C100B00000_00495389.jpg,256,256,256,256,True,0.082321,2,True
df2023_COCO_DF_C100B00000_00497971.jpg,256,256,256,256,True,0.060272,2,True
df2023_COCO_DF_C100B00000_00501173.jpg,256,256,256,256,True,0.070923,2,True
df2023_COCO_DF_C100B00000_00501501.jpg,256,256,256,256,True,0.054504,2,True
df2023_COCO_DF_C100B00000_00506118.jpg,256,256,256,256,True,0.059006,2,True
df2023_COCO_DF_C100B00000_00507094.jpg,256,256,256,256,True,0.051193,2,True
df2023_COCO_DF_C100B00000_00509913.jpg,256,256,256,256,True,0.276947,2,True
df2023_COCO_DF_C100B00000_00512964.jpg,256,256,256,256,True,0.175446,2,True
df2023_COCO_DF_C100B00000_00513073.jpg,256,256,256,256,True,0.057983,2,True
df2023_COCO_DF_C100B00000_00514118.jpg,256,256,256,256,True,0.076813,2,True
df2023_COCO_DF_C100B00000_00520299.jpg,256,256,256,256,True,0.161926,2,True
df2023_COCO_DF_C100B00000_00520914.jpg,256,256,256,256,True,0.062439,2,True
df2023_COCO_DF_C100B00000_00523946.jpg,256,256,256,256,True,0.12468,2,True
df2023_COCO_DF_C100B00000_00525459.jpg,256,256,256,256,True,0.094315,2,True
df2023_COCO_DF_C100B00000_00530769.jpg,256,256,256,256,True,0.055084,2,True
df2023_COCO_DF_C100B00000_00536125.jpg,256,256,256,256,True,0.162964,2,True
df2023_COCO_DF_C100B00000_00538373.jpg,256,256,256,256,True,0.097748,2,True
df2023_COCO_DF_C100B00000_00539826.jpg,256,256,256,256,True,0.158981,2,True
df2023_COCO_DF_C100B00000_00540562.jpg,256,256,256,256,True,0.060242,2,True
df2023_COCO_DF_C100B00000_00543784.jpg,256,256,256,256,True,0.063202,2,True
df2023_COCO_DF_C100B00000_00544148.jpg,256,256,256,256,True,0.077957,2,True
df2023_COCO_DF_C100B00000_00551183.jpg,256,256,256,256,True,0.092361,2,True
df2023_COCO_DF_C100B00000_00552587.jpg,256,256,256,256,True,0.088135,2,True
df2023_COCO_DF_C100B00000_00553713.jpg,256,256,256,256,True,0.089233,2,True
df2023_COCO_DF_C100B00000_00553926.jpg,256,256,256,256,True,0.287766,2,True
df2023_COCO_DF_C100B00000_00559354.jpg,256,256,256,256,True,0.070236,2,True
df2023_COCO_DF_C100B00000_00559453.jpg,256,256,256,256,True,0.056274,2,True
df2023_COCO_DF_C100B00000_00559855.jpg,256,256,256,256,True,0.099976,2,True
df2023_COCO_DF_C100B00000_00560596.jpg,256,256,256,256,True,0.062378,2,True
df2023_COCO_DF_C100B00000_00561142.jpg,256,256,256,256,True,0.065933,2,True
df2023_COCO_DF_C100B00000_00561561.jpg,256,256,256,256,True,0.064743,2,True
df2023_COCO_DF_C100B00000_00563739.jpg,256,256,256,256,True,0.168228,2,True
df2023_COCO_DF_C100B00000_00567199.jpg,256,256,256,256,True,0.173477,2,True
df2023_COCO_DF_C100B00000_00568642.jpg,256,256,256,256,True,0.114548,2,True
df2023_COCO_DF_C100B00000_00572109.jpg,256,256,256,256,True,0.117828,2,True
df2023_COCO_DF_C100B00000_00572656.jpg,256,256,256,256,True,0.170471,2,True
df2023_COCO_DF_C100B00000_00576626.jpg,256,256,256,256,True,0.069382,2,True
df2023_COCO_DF_C100B00000_00577001.jpg,256,256,256,256,True,0.071487,2,True
df2023_COCO_DF_C100B00000_00580702.jpg,256,256,256,256,True,0.061829,2,True
df2023_COCO_DF_C100B00000_00584871.jpg,256,256,256,256,True,0.063721,2,True
df2023_COCO_DF_C100B00000_00585626.jpg,256,256,256,256,True,0.278702,2,True
df2023_COCO_DF_C100B00000_00586426.jpg,256,256,256,256,True,0.055405,2,True
df2023_COCO_DF_C100B00000_00591975.jpg,256,256,256,256,True,0.073059,2,True
df2023_COCO_DF_C100B00000_00592766.jpg,256,256,256,256,True,0.075867,2,True
df2023_COCO_DF_C100B00000_00593667.jpg,256,256,256,256,True,0.085175,2,True
df2023_COCO_DF_C100B00000_00601489.jpg,256,256,256,256,True,0.141159,2,True
df2023_COCO_DF_C100B00000_00608680.jpg,256,256,256,256,True,0.115524,2,True
df2023_COCO_DF_C100B00000_00614632.jpg,256,256,256,256,True,0.07959,2,True
df2023_COCO_DF_C100B00000_00619381.jpg,256,256,256,256,True,0.099121,2,True
df2023_COCO_DF_C100B00000_00625270.jpg,256,256,256,256,True,0.061386,2,True
df2023_COCO_DF_C100B00000_00629428.jpg,256,256,256,256,True,0.105682,2,True
df2023_COCO_DF_C100B00000_00630809.jpg,256,256,256,256,True,0.116211,2,True
df2023_COCO_DF_C100B00000_00635713.jpg,256,256,256,256,True,0.077225,2,True
df2023_COCO_DF_C100B00000_00639778.jpg,256,256,256,256,True,0.064667,2,True
df2023_COCO_DF_C100B00000_00640609.jpg,256,256,256,256,True,0.09343,2,True
df2023_COCO_DF_C100B00000_00642007.jpg,256,256,256,256,True,0.114761,2,True
df2023_COCO_DF_C100B00000_00645099.jpg,256,256,256,256,True,0.132248,2,True
df2023_COCO_DF_C100B00000_00646149.jpg,256,256,256,256,True,0.072922,2,True
df2023_COCO_DF_C100B00000_00647501.jpg,256,256,256,256,True,0.066299,2,True
df2023_COCO_DF_C100B00000_00650911.jpg,256,256,256,256,True,0.139877,2,True
df2023_COCO_DF_C100B00000_00652600.jpg,256,256,256,256,True,0.055664,2,True
df2023_COCO_DF_C100B00000_00655851.jpg,256,256,256,256,True,0.083557,2,True
df2023_COCO_DF_C100B00000_00656228.jpg,256,256,256,256,True,0.068283,2,True
df2023_COCO_DF_C100B00000_00658960.jpg,256,256,256,256,True,0.078812,2,True
df2023_COCO_DF_C100B00000_00659228.jpg,256,256,256,256,True,0.124969,2,True
df2023_COCO_DF_C100B00000_00659787.jpg,256,256,256,256,True,0.096695,2,True
df2023_COCO_DF_C100B00000_00662229.jpg,256,256,256,256,True,0.097733,2,True
df2023_COCO_DF_C100B00000_00662686.jpg,256,256,256,256,True,0.065369,2,True
df2023_COCO_DF_C100B00000_00663933.jpg,256,256,256,256,True,0.11676,2,True
df2023_COCO_DF_C100B00000_00668145.jpg,256,256,256,256,True,0.074524,2,True
df2023_COCO_DF_C100B00000_00678018.jpg,256,256,256,256,True,0.108841,2,True
df2023_COCO_DF_C100B00000_00679428.jpg,256,256,256,256,True,0.150238,2,True
df2023_COCO_DF_C100B00000_00681395.jpg,256,256,256,256,True,0.077652,2,True
df2023_COCO_DF_C100B00000_00681516.jpg,256,256,256,256,True,0.104294,2,True
df2023_COCO_DF_C100B00000_00683734.jpg,256,256,256,256,True,0.08046,2,True
df2023_COCO_DF_C100B00000_00685322.jpg,256,256,256,256,True,0.061554,2,True
df2023_COCO_DF_C100B00000_00695295.jpg,256,256,256,256,True,0.051666,2,True
df2023_COCO_DF_C100B00000_00697087.jpg,256,256,256,256,True,0.05806,2,True
df2023_COCO_DF_C100B00000_00697313.jpg,256,256,256,256,True,0.077362,2,True
df2023_COCO_DF_C100B00000_00697461.jpg,256,256,256,256,True,0.053986,2,True
df2023_COCO_DF_C101B00000_00421803.jpg,256,256,256,256,True,0.076767,2,True
df2023_COCO_DF_C101B00000_00431551.jpg,256,256,256,256,True,0.080566,2,True
df2023_COCO_DF_C101B00000_00444963.jpg,256,256,256,256,True,0.060623,2,True
df2023_COCO_DF_C101B00000_00474659.jpg,256,256,256,256,True,0.068436,2,True
df2023_COCO_DF_C101B00000_00485827.jpg,256,256,256,256,True,0.067993,2,True
df2023_COCO_DF_C101B00000_00569610.jpg,256,256,256,256,True,0.073303,2,True
df2023_COCO_DF_C101B00000_00582874.jpg,256,256,256,256,True,0.128662,2,True
df2023_COCO_DF_C101B00000_00640251.jpg,256,256,256,256,True,0.124817,2,True
df2023_COCO_DF_C101B00000_00652260.jpg,256,256,256,256,True,0.136841,2,True
df2023_COCO_DF_C101B00000_00655594.jpg,256,256,256,256,True,0.120422,2,True
df2023_COCO_DF_C101B00000_00698163.jpg,256,256,256,256,True,0.05896,2,True
df2023_COCO_DF_C102B00000_00417585.jpg,256,256,256,256,True,0.25354,2,True
df2023_COCO_DF_C102B00000_00422820.jpg,256,256,256,256,True,0.141556,2,True
df2023_COCO_DF_C102B00000_00457941.jpg,256,256,256,256,True,0.093079,2,True
df2023_COCO_DF_C102B00000_00674534.jpg,256,256,256,256,True,0.105927,2,True
df2023_COCO_DF_C102B00000_00682134.jpg,256,256,256,256,True,0.145691,2,True
df2023_COCO_DF_C103B00000_00404096.jpg,256,256,256,256,True,0.226639,2,True
df2023_COCO_DF_C103B00000_00409036.jpg,256,256,256,256,True,0.088806,2,True
df2023_COCO_DF_C103B00000_00414279.jpg,256,256,256,256,True,0.066437,2,True
df2023_COCO_DF_C103B00000_00430072.jpg,256,256,256,256,True,0.074402,2,True
df2023_COCO_DF_C103B00000_00521380.jpg,256,256,256,256,True,0.053665,2,True
df2023_COCO_DF_C103B00000_00540449.jpg,256,256,256,256,True,0.051331,2,True
df2023_COCO_DF_C103B00000_00541227.jpg,256,256,256,256,True,0.075058,2,True
df2023_COCO_DF_C103B00000_00580685.jpg,256,256,256,256,True,0.182327,2,True
df2023_COCO_DF_C103B00000_00698862.jpg,256,256,256,256,True,0.050323,2,True
df2023_COCO_DF_C110B00000_00400997.jpg,256,256,256,256,True,0.1297,2,True
df2023_COCO_DF_C110B00000_00417932.jpg,256,256,256,256,True,0.085724,2,True
df2023_COCO_DF_C110B00000_00423786.jpg,256,256,256,256,True,0.136978,2,True
df2023_COCO_DF_C110B00000_00423997.jpg,256,256,256,256,True,0.062958,2,True
df2023_COCO_DF_C110B00000_00425723.jpg,256,256,256,256,True,0.123306,2,True
df2023_COCO_DF_C110B00000_00426750.jpg,256,256,256,256,True,0.08165,2,True
df2023_COCO_DF_C110B00000_00427253.jpg,256,256,256,256,True,0.087219,2,True
df2023_COCO_DF_C110B00000_00427942.jpg,256,256,256,256,True,0.171967,2,True
df2023_COCO_DF_C110B00000_00428786.jpg,256,256,256,256,True,0.133926,2,True
df2023_COCO_DF_C110B00000_00432469.jpg,256,256,256,256,True,0.069489,2,True
df2023_COCO_DF_C110B00000_00433921.jpg,256,256,256,256,True,0.052139,2,True
df2023_COCO_DF_C110B00000_00443685.jpg,256,256,256,256,True,0.055801,2,True
df2023_COCO_DF_C110B00000_00444451.jpg,256,256,256,256,True,0.133408,2,True
df2023_COCO_DF_C110B00000_00444690.jpg,256,256,256,256,True,0.162476,2,True
df2023_COCO_DF_C110B00000_00445754.jpg,256,256,256,256,True,0.059219,2,True
df2023_COCO_DF_C110B00000_00446223.jpg,256,256,256,256,True,0.089355,2,True
df2023_COCO_DF_C110B00000_00448996.jpg,256,256,256,256,True,0.086121,2,True
df2023_COCO_DF_C110B00000_00449149.jpg,256,256,256,256,True,0.090576,2,True
df2023_COCO_DF_C110B00000_00449750.jpg,256,256,256,256,True,0.214325,2,True
df2023_COCO_DF_C110B00000_00450898.jpg,256,256,256,256,True,0.217804,2,True
df2023_COCO_DF_C110B00000_00452284.jpg,256,256,256,256,True,0.098236,2,True
df2023_COCO_DF_C110B00000_00457526.jpg,256,256,256,256,True,0.185593,2,True
df2023_COCO_DF_C110B00000_00457612.jpg,256,256,256,256,True,0.062607,2,True
df2023_COCO_DF_C110B00000_00465115.jpg,256,256,256,256,True,0.072098,2,True
df2023_COCO_DF_C110B00000_00466971.jpg,256,256,256,256,True,0.245361,2,True
df2023_COCO_DF_C110B00000_00467574.jpg,256,256,256,256,True,0.110687,2,True
df2023_COCO_DF_C110B00000_00469321.jpg,256,256,256,256,True,0.066986,2,True
df2023_COCO_DF_C110B00000_00470026.jpg,256,256,256,256,True,0.056274,2,True
df2023_COCO_DF_C110B00000_00470190.jpg,256,256,256,256,True,0.054413,2,True
df2023_COCO_DF_C110B00000_00470748.jpg,256,256,256,256,True,0.075424,2,True
df2023_COCO_DF_C110B00000_00474361.jpg,256,256,256,256,True,0.084839,2,True
df2023_COCO_DF_C110B00000_00476208.jpg,256,256,256,256,True,0.111328,2,True
df2023_COCO_DF_C110B00000_00478135.jpg,256,256,256,256,True,0.062927,2,True
df2023_COCO_DF_C110B00000_00484346.jpg,256,256,256,256,True,0.168503,2,True
df2023_COCO_DF_C110B00000_00487382.jpg,256,256,256,256,True,0.063339,2,True
df2023_COCO_DF_C110B00000_00490019.jpg,256,256,256,256,True,0.147461,2,True
df2023_COCO_DF_C110B00000_00492869.jpg,256,256,256,256,True,0.108307,2,True
df2023_COCO_DF_C110B00000_00506472.jpg,256,256,256,256,True,0.090042,2,True
df2023_COCO_DF_C110B00000_00514697.jpg,256,256,256,256,True,0.094482,2,True
df2023_COCO_DF_C110B00000_00517475.jpg,256,256,256,256,True,0.096848,2,True
df2023_COCO_DF_C110B00000_00519687.jpg,256,256,256,256,True,0.093994,2,True
df2023_COCO_DF_C110B00000_00523375.jpg,256,256,256,256,True,0.077881,2,True
df2023_COCO_DF_C110B00000_00525036.jpg,256,256,256,256,True,0.163269,2,True
df2023_COCO_DF_C110B00000_00533479.jpg,256,256,256,256,True,0.068085,2,True
df2023_COCO_DF_C110B00000_00534379.jpg,256,256,256,256,True,0.073868,2,True
df2023_COCO_DF_C110B00000_00536161.jpg,256,256,256,256,True,0.073273,2,True
df2023_COCO_DF_C110B00000_00544843.jpg,256,256,256,256,True,0.086716,2,True
df2023_COCO_DF_C110B00000_00545911.jpg,256,256,256,256,True,0.11438,2,True
df2023_COCO_DF_C110B00000_00546072.jpg,256,256,256,256,True,0.064224,2,True
df2023_COCO_DF_C110B00000_00548443.jpg,256,256,256,256,True,0.11557,2,True
df2023_COCO_DF_C110B00000_00548673.jpg,256,256,256,256,True,0.091705,2,True
df2023_COCO_DF_C110B00000_00549500.jpg,256,256,256,256,True,0.086044,2,True
df2023_COCO_DF_C110B00000_00551757.jpg,256,256,256,256,True,0.086258,2,True
df2023_COCO_DF_C110B00000_00554280.jpg,256,256,256,256,True,0.095459,2,True
df2023_COCO_DF_C110B00000_00554812.jpg,256,256,256,256,True,0.186066,2,True
df2023_COCO_DF_C110B00000_00555524.jpg,256,256,256,256,True,0.121185,2,True
df2023_COCO_DF_C110B00000_00555656.jpg,256,256,256,256,True,0.082993,2,True
df2023_COCO_DF_C110B00000_00558512.jpg,256,256,256,256,True,0.080383,2,True
df2023_COCO_DF_C110B00000_00558923.jpg,256,256,256,256,True,0.109192,2,True
df2023_COCO_DF_C110B00000_00559189.jpg,256,256,256,256,True,0.07193,2,True
df2023_COCO_DF_C110B00000_00565811.jpg,256,256,256,256,True,0.099564,2,True
df2023_COCO_DF_C110B00000_00566922.jpg,256,256,256,256,True,0.109375,2,True
df2023_COCO_DF_C110B00000_00569330.jpg,256,256,256,256,True,0.055298,2,True
df2023_COCO_DF_C110B00000_00570530.jpg,256,256,256,256,True,0.081879,2,True
df2023_COCO_DF_C110B00000_00574384.jpg,256,256,256,256,True,0.122589,2,True
df2023_COCO_DF_C110B00000_00579128.jpg,256,256,256,256,True,0.136551,2,True
df2023_COCO_DF_C110B00000_00581664.jpg,256,256,256,256,True,0.066299,2,True
df2023_COCO_DF_C110B00000_00584654.jpg,256,256,256,256,True,0.157532,2,True
df2023_COCO_DF_C110B00000_00587393.jpg,256,256,256,256,True,0.062653,2,True
df2023_COCO_DF_C110B00000_00588830.jpg,256,256,256,256,True,0.133789,2,True
df2023_COCO_DF_C110B00000_00592964.jpg,256,256,256,256,True,0.052795,2,True
df2023_COCO_DF_C110B00000_00597814.jpg,256,256,256,256,True,0.057175,2,True
df2023_COCO_DF_C110B00000_00605565.jpg,256,256,256,256,True,0.085281,2,True
df2023_COCO_DF_C110B00000_00608328.jpg,256,256,256,256,True,0.167969,2,True
df2023_COCO_DF_C110B00000_00611900.jpg,256,256,256,256,True,0.086273,2,True
df2023_COCO_DF_C110B00000_00612922.jpg,256,256,256,256,True,0.276932,2,True
df2023_COCO_DF_C110B00000_00614611.jpg,256,256,256,256,True,0.058716,2,True
df2023_COCO_DF_C110B00000_00615945.jpg,256,256,256,256,True,0.059143,2,True
df2023_COCO_DF_C110B00000_00617992.jpg,256,256,256,256,True,0.088211,2,True
df2023_COCO_DF_C110B00000_00622251.jpg,256,256,256,256,True,0.088043,2,True
df2023_COCO_DF_C110B00000_00623728.jpg,256,256,256,256,True,0.05101,2,True
df2023_COCO_DF_C110B00000_00627698.jpg,256,256,256,256,True,0.051514,2,True
df2023_COCO_DF_C110B00000_00631616.jpg,256,256,256,256,True,0.141846,2,True
df2023_COCO_DF_C110B00000_00634487.jpg,256,256,256,256,True,0.064026,2,True
df2023_COCO_DF_C110B00000_00644880.jpg,256,256,256,256,True,0.09877,2,True
df2023_COCO_DF_C110B00000_00645431.jpg,256,256,256,256,True,0.113388,2,True
df2023_COCO_DF_C110B00000_00649456.jpg,256,256,256,256,True,0.068436,2,True
df2023_COCO_DF_C110B00000_00651720.jpg,256,256,256,256,True,0.130463,2,True
df2023_COCO_DF_C110B00000_00654770.jpg,256,256,256,256,True,0.069382,2,True
df2023_COCO_DF_C110B00000_00658272.jpg,256,256,256,256,True,0.0625,2,True
df2023_COCO_DF_C110B00000_00658676.jpg,256,256,256,256,True,0.093155,2,True
df2023_COCO_DF_C110B00000_00662092.jpg,256,256,256,256,True,0.307175,2,True
df2023_COCO_DF_C110B00000_00667865.jpg,256,256,256,256,True,0.086639,2,True
df2023_COCO_DF_C110B00000_00671755.jpg,256,256,256,256,True,0.050995,2,True
df2023_COCO_DF_C110B00000_00674078.jpg,256,256,256,256,True,0.119019,2,True
df2023_COCO_DF_C110B00000_00687656.jpg,256,256,256,256,True,0.109573,2,True
df2023_COCO_DF_C111B00000_00430620.jpg,256,256,256,256,True,0.055328,2,True
df2023_COCO_DF_C111B00000_00435103.jpg,256,256,256,256,True,0.073547,2,True
df2023_COCO_DF_C111B00000_00445899.jpg,256,256,256,256,True,0.075806,2,True
df2023_COCO_DF_C111B00000_00475313.jpg,256,256,256,256,True,0.071075,2,True
df2023_COCO_DF_C111B00000_00501758.jpg,256,256,256,256,True,0.064758,2,True
df2023_COCO_DF_C111B00000_00555308.jpg,256,256,256,256,True,0.072723,2,True
df2023_COCO_DF_C111B00000_00561917.jpg,256,256,256,256,True,0.123932,2,True
df2023_COCO_DF_C111B00000_00572199.jpg,256,256,256,256,True,0.179688,2,True
df2023_COCO_DF_C111B00000_00574862.jpg,256,256,256,256,True,0.067291,2,True
df2023_COCO_DF_C111B00000_00617473.jpg,256,256,256,256,True,0.10228,2,True
df2023_COCO_DF_C111B00000_00644191.jpg,256,256,256,256,True,0.087952,2,True
df2023_COCO_DF_C111B00000_00653074.jpg,256,256,256,256,True,0.118027,2,True
df2023_COCO_DF_C112B00000_00425866.jpg,256,256,256,256,True,0.060059,2,True
df2023_COCO_DF_C112B00000_00431430.jpg,256,256,256,256,True,0.102631,2,True
df2023_COCO_DF_C112B00000_00567146.jpg,256,256,256,256,True,0.121048,2,True
df2023_COCO_DF_C112B00000_00584563.jpg,256,256,256,256,True,0.069412,2,True
df2023_COCO_DF_C112B00000_00659471.jpg,256,256,256,256,True,0.050323,2,True
df2023_COCO_DF_C113B00000_00405492.jpg,256,256,256,256,True,0.057312,2,True
df2023_COCO_DF_C113B00000_00409100.jpg,256,256,256,256,True,0.155655,2,True
df2023_COCO_DF_C113B00000_00410972.jpg,256,256,256,256,True,0.064468,2,True
df2023_COCO_DF_C113B00000_00445157.jpg,256,256,256,256,True,0.061859,2,True
df2023_COCO_DF_C113B00000_00450960.jpg,256,256,256,256,True,0.18605,2,True
df2023_COCO_DF_C113B00000_00464579.jpg,256,256,256,256,True,0.142578,2,True
df2023_COCO_DF_C113B00000_00575832.jpg,256,256,256,256,True,0.059586,2,True
df2023_COCO_DF_C113B00000_00633883.jpg,256,256,256,256,True,0.138351,2,True
df2023_COCO_DF_C113B00000_00647871.jpg,256,256,256,256,True,0.066544,2,True
df2023_COCO_DF_E000B00000_00719205.jpg,256,256,256,256,True,0.130508,2,True
df2023_COCO_DF_E000B00000_00745939.jpg,256,256,256,256,True,0.089569,2,True
df2023_COCO_DF_E000B00000_00754142.jpg,256,256,256,256,True,0.098206,2,True
df2023_COCO_DF_E000B00000_00762486.jpg,256,256,256,256,True,0.070801,2,True
df2023_COCO_DF_E000B00000_00767755.jpg,256,256,256,256,True,0.072556,2,True
df2023_COCO_DF_E000B00000_00775607.jpg,256,256,256,256,True,0.064682,2,True
df2023_COCO_DF_E000B00000_00787339.jpg,256,256,256,256,True,0.06311,2,True
df2023_COCO_DF_E000B00000_00790647.jpg,256,256,256,256,True,0.090652,2,True
df2023_COCO_DF_E000B00000_00806038.jpg,256,256,256,256,True,0.21048,2,True
df2023_COCO_DF_E000B00000_00850845.jpg,256,256,256,256,True,0.091248,2,True
df2023_COCO_DF_E000B00000_00851688.jpg,256,256,256,256,True,0.065155,2,True
df2023_COCO_DF_E000B00000_00887762.jpg,256,256,256,256,True,0.079742,2,True
df2023_COCO_DF_E000B00000_00894666.jpg,256,256,256,256,True,0.062302,2,True
df2023_COCO_DF_E000B00001_00877311.jpg,256,256,256,256,True,0.057709,2,True
df2023_COCO_DF_E000B00005_00822168.jpg,256,256,256,256,True,0.083038,2,True
df2023_COCO_DF_E000B00005_00846027.jpg,256,256,256,256,True,0.067551,2,True
df2023_COCO_DF_E000B00005_00872273.jpg,256,256,256,256,True,0.052734,2,True
df2023_COCO_DF_E000B00005_00881843.jpg,256,256,256,256,True,0.064072,2,True
df2023_COCO_DF_E000B00007_00772143.jpg,256,256,256,256,True,0.077362,2,True
df2023_COCO_DF_E000B00007_00854924.jpg,256,256,256,256,True,0.052917,2,True
df2023_COCO_DF_E000B00010_00707127.jpg,256,256,256,256,True,0.072052,2,True
df2023_COCO_DF_E000B00010_00709744.jpg,256,256,256,256,True,0.351791,2,True
df2023_COCO_DF_E000B00010_00710545.jpg,256,256,256,256,True,0.17955,2,True
df2023_COCO_DF_E000B00010_00724008.jpg,256,256,256,256,True,0.102371,2,True
df2023_COCO_DF_E000B00010_00727015.jpg,256,256,256,256,True,0.113022,2,True
df2023_COCO_DF_E000B00010_00746270.jpg,256,256,256,256,True,0.083908,2,True
df2023_COCO_DF_E000B00010_00748442.jpg,256,256,256,256,True,0.277298,2,True
df2023_COCO_DF_E000B00010_00759075.jpg,256,256,256,256,True,0.105225,2,True
df2023_COCO_DF_E000B00010_00776782.jpg,256,256,256,256,True,0.250076,2,True
df2023_COCO_DF_E000B00010_00797801.jpg,256,256,256,256,True,0.171143,2,True
df2023_COCO_DF_E000B00010_00799886.jpg,256,256,256,256,True,0.161484,2,True
df2023_COCO_DF_E000B00010_00822709.jpg,256,256,256,256,True,0.139679,2,True
df2023_COCO_DF_E000B00010_00858346.jpg,256,256,256,256,True,0.075989,2,True
df2023_COCO_DF_E000B00010_00875071.jpg,256,256,256,256,True,0.091675,2,True
df2023_COCO_DF_E000B00010_00881011.jpg,256,256,256,256,True,0.112305,2,True
df2023_COCO_DF_E000B00011_00729376.jpg,256,256,256,256,True,0.08287,2,True
df2023_COCO_DF_E000B00012_00700620.jpg,256,256,256,256,True,0.079025,2,True
df2023_COCO_DF_E000B00012_00790284.jpg,256,256,256,256,True,0.244919,2,True
df2023_COCO_DF_E000B00012_00851925.jpg,256,256,256,256,True,0.110565,2,True
df2023_COCO_DF_E000B00013_00732518.jpg,256,256,256,256,True,0.059067,2,True
df2023_COCO_DF_E000B00013_00742212.jpg,256,256,256,256,True,0.064301,2,True
df2023_COCO_DF_E000B00013_00757650.jpg,256,256,256,256,True,0.076538,2,True
df2023_COCO_DF_E000B00013_00887282.jpg,256,256,256,256,True,0.105499,2,True
df2023_COCO_DF_E000B00014_00816571.jpg,256,256,256,256,True,0.073212,2,True
df2023_COCO_DF_E000B00014_00897254.jpg,256,256,256,256,True,0.144196,2,True
df2023_COCO_DF_E000B00017_00713104.jpg,256,256,256,256,True,0.098694,2,True
df2023_COCO_DF_E000B00100_00710126.jpg,256,256,256,256,True,0.050659,2,True
df2023_COCO_DF_E000B00100_00715341.jpg,256,256,256,256,True,0.230804,2,True
df2023_COCO_DF_E000B00100_00766540.jpg,256,256,256,256,True,0.177429,2,True
df2023_COCO_DF_E000B00100_00771117.jpg,256,256,256,256,True,0.12738,2,True
df2023_COCO_DF_E000B00102_00723905.jpg,256,256,256,256,True,0.117249,2,True
df2023_COCO_DF_E000B00103_00734943.jpg,256,256,256,256,True,0.061264,2,True
df2023_COCO_DF_E000B00104_00860312.jpg,256,256,256,256,True,0.056442,2,True
df2023_COCO_DF_E000B00110_00703933.jpg,256,256,256,256,True,0.216217,2,True
df2023_COCO_DF_E000B00110_00753761.jpg,256,256,256,256,True,0.096313,2,True
df2023_COCO_DF_E000B00110_00830071.jpg,256,256,256,256,True,0.275345,2,True
df2023_COCO_DF_E000B00110_00847600.jpg,256,256,256,256,True,0.071106,2,True
df2023_COCO_DF_E000B00110_00875241.jpg,256,256,256,256,True,0.055313,2,True
df2023_COCO_DF_E000B00110_00887197.jpg,256,256,256,256,True,0.257782,2,True
df2023_COCO_DF_E000B00110_00888518.jpg,256,256,256,256,True,0.184097,2,True
df2023_COCO_DF_E000B00111_00804918.jpg,256,256,256,256,True,0.171295,2,True
df2023_COCO_DF_E000B00115_00856855.jpg,256,256,256,256,True,0.090714,2,True
df2023_COCO_DF_E000B00117_00875394.jpg,256,256,256,256,True,0.086517,2,True
df2023_COCO_DF_E000B01000_00738731.jpg,256,256,256,256,True,0.173752,2,True
df2023_COCO_DF_E000B01000_00741113.jpg,256,256,256,256,True,0.138153,2,True
df2023_COCO_DF_E000B01000_00851522.jpg,256,256,256,256,True,0.175781,2,True
df2023_COCO_DF_E000B01000_00884277.jpg,256,256,256,256,True,0.089233,2,True
df2023_COCO_DF_E000B01000_00894736.jpg,256,256,256,256,True,0.083878,2,True
df2023_COCO_DF_E000B01003_00879845.jpg,256,256,256,256,True,0.070068,2,True
df2023_COCO_DF_E000B01010_00864517.jpg,256,256,256,256,True,0.121643,2,True
df2023_COCO_DF_E000B01010_00865400.jpg,256,256,256,256,True,0.155243,2,True
df2023_COCO_DF_E000B01011_00857291.jpg,256,256,256,256,True,0.115097,2,True
df2023_COCO_DF_E000B01014_00799422.jpg,256,256,256,256,True,0.22963,2,True
df2023_COCO_DF_E000B01100_00801693.jpg,256,256,256,256,True,0.09314,2,True
df2023_COCO_DF_E000B01100_00855714.jpg,256,256,256,256,True,0.312057,2,True
df2023_COCO_DF_E000B01107_00887336.jpg,256,256,256,256,True,0.062027,2,True
df2023_COCO_DF_E000B01110_00836180.jpg,256,256,256,256,True,0.171265,2,True
df2023_COCO_DF_E000B01115_00870649.jpg,256,256,256,256,True,0.157928,2,True
df2023_COCO_DF_E000B02000_00789879.jpg,256,256,256,256,True,0.082993,2,True
df2023_COCO_DF_E000B02000_00794689.jpg,256,256,256,256,True,0.142059,2,True
df2023_COCO_DF_E000B02002_00754821.jpg,256,256,256,256,True,0.098145,2,True
df2023_COCO_DF_E000B02005_00794832.jpg,256,256,256,256,True,0.087708,2,True
df2023_COCO_DF_E000B02010_00729869.jpg,256,256,256,256,True,0.153473,2,True
df2023_COCO_DF_E000B02010_00794776.jpg,256,256,256,256,True,0.086792,2,True
df2023_COCO_DF_E000B02010_00824076.jpg,256,256,256,256,True,0.135071,2,True
df2023_COCO_DF_E000B02010_00862622.jpg,256,256,256,256,True,0.094666,2,True
df2023_COCO_DF_E000B02010_00867886.jpg,256,256,256,256,True,0.124161,2,True
df2023_COCO_DF_E000B02010_00881708.jpg,256,256,256,256,True,0.053787,2,True
df2023_COCO_DF_E000B02011_00865199.jpg,256,256,256,256,True,0.06781,2,True
df2023_COCO_DF_E000B02011_00891119.jpg,256,256,256,256,True,0.081879,2,True
df2023_COCO_DF_E000B02015_00751649.jpg,256,256,256,256,True,0.159576,2,True
df2023_COCO_DF_E000B02015_00827702.jpg,256,256,256,256,True,0.081039,2,True
df2023_COCO_DF_E000B02016_00773193.jpg,256,256,256,256,True,0.079041,2,True
df2023_COCO_DF_E000B02100_00859017.jpg,256,256,256,256,True,0.107269,2,True
df2023_COCO_DF_E000B02102_00733766.jpg,256,256,256,256,True,0.075699,2,True
df2023_COCO_DF_E000B02110_00842142.jpg,256,256,256,256,True,0.076431,2,True
df2023_COCO_DF_E000B02110_00862108.jpg,256,256,256,256,True,0.075684,2,True
df2023_COCO_DF_E000B02110_00876170.jpg,256,256,256,256,True,0.065094,2,True
df2023_COCO_DF_E000B03000_00725775.jpg,256,256,256,256,True,0.151245,2,True
df2023_COCO_DF_E000B03000_00726255.jpg,256,256,256,256,True,0.086746,2,True
df2023_COCO_DF_E000B03000_00762231.jpg,256,256,256,256,True,0.064346,2,True
df2023_COCO_DF_E000B03000_00782285.jpg,256,256,256,256,True,0.094223,2,True
df2023_COCO_DF_E000B03004_00799097.jpg,256,256,256,256,True,0.117828,2,True
df2023_COCO_DF_E000B03007_00819818.jpg,256,256,256,256,True,0.109192,2,True
df2023_COCO_DF_E000B03010_00720106.jpg,256,256,256,256,True,0.071274,2,True
df2023_COCO_DF_E000B03010_00723237.jpg,256,256,256,256,True,0.126221,2,True
df2023_COCO_DF_E000B03010_00729155.jpg,256,256,256,256,True,0.090561,2,True
df2023_COCO_DF_E000B03010_00789538.jpg,256,256,256,256,True,0.075287,2,True
df2023_COCO_DF_E000B03010_00801683.jpg,256,256,256,256,True,0.125092,2,True
df2023_COCO_DF_E000B03010_00814008.jpg,256,256,256,256,True,0.099823,2,True
df2023_COCO_DF_E000B03010_00853382.jpg,256,256,256,256,True,0.112717,2,True
df2023_COCO_DF_E000B03010_00865868.jpg,256,256,256,256,True,0.083481,2,True
df2023_COCO_DF_E000B03015_00743258.jpg,256,256,256,256,True,0.102814,2,True
df2023_COCO_DF_E000B03015_00791479.jpg,256,256,256,256,True,0.059921,2,True
df2023_COCO_DF_E000B03103_00728221.jpg,256,256,256,256,True,0.138428,2,True
df2023_COCO_DF_E000B03103_00875715.jpg,256,256,256,256,True,0.085449,2,True
df2023_COCO_DF_E000B03110_00715494.jpg,256,256,256,256,True,0.058517,2,True
df2023_COCO_DF_E000B03111_00843924.jpg,256,256,256,256,True,0.05835,2,True
df2023_COCO_DF_E000B03114_00794794.jpg,256,256,256,256,True,0.193527,2,True
df2023_COCO_DF_E000B04000_00883143.jpg,256,256,256,256,True,0.102768,2,True
df2023_COCO_DF_E000B04001_00717479.jpg,256,256,256,256,True,0.055908,2,True
df2023_COCO_DF_E000B04001_00821814.jpg,256,256,256,256,True,0.118744,2,True
df2023_COCO_DF_E000B04002_00733077.jpg,256,256,256,256,True,0.073486,2,True
df2023_COCO_DF_E000B04005_00883790.jpg,256,256,256,256,True,0.07373,2,True
df2023_COCO_DF_E000B04010_00703927.jpg,256,256,256,256,True,0.123459,2,True
df2023_COCO_DF_E000B04010_00730148.jpg,256,256,256,256,True,0.153595,2,True
df2023_COCO_DF_E000B04010_00749621.jpg,256,256,256,256,True,0.094482,2,True
df2023_COCO_DF_E000B04010_00786273.jpg,256,256,256,256,True,0.091797,2,True
df2023_COCO_DF_E000B04010_00800668.jpg,256,256,256,256,True,0.150757,2,True
df2023_COCO_DF_E000B04013_00826932.jpg,256,256,256,256,True,0.137634,2,True
df2023_COCO_DF_E000B04014_00784426.jpg,256,256,256,256,True,0.103485,2,True
df2023_COCO_DF_E000B04100_00782514.jpg,256,256,256,256,True,0.069641,2,True
df2023_COCO_DF_E000B04103_00714217.jpg,256,256,256,256,True,0.21579,2,True
df2023_COCO_DF_E000B04106_00709783.jpg,256,256,256,256,True,0.171143,2,True
df2023_COCO_DF_E000B04110_00867953.jpg,256,256,256,256,True,0.060913,2,True
df2023_COCO_DF_E000B04113_00715174.jpg,256,256,256,256,True,0.137878,2,True
df2023_COCO_DF_E000B04113_00751923.jpg,256,256,256,256,True,0.2491,2,True
df2023_COCO_DF_E000B05000_00805297.jpg,256,256,256,256,True,0.05722,2,True
df2023_COCO_DF_E000B05002_00883537.jpg,256,256,256,256,True,0.065613,2,True
df2023_COCO_DF_E000B05010_00725255.jpg,256,256,256,256,True,0.055603,2,True
df2023_COCO_DF_E000B05010_00732913.jpg,256,256,256,256,True,0.140762,2,True
df2023_COCO_DF_E000B05010_00787942.jpg,256,256,256,256,True,0.090195,2,True
df2023_COCO_DF_E000B05010_00817747.jpg,256,256,256,256,True,0.05127,2,True
df2023_COCO_DF_E000B05010_00822539.jpg,256,256,256,256,True,0.079926,2,True
df2023_COCO_DF_E000B05010_00838347.jpg,256,256,256,256,True,0.124237,2,True
df2023_COCO_DF_E000B05010_00859319.jpg,256,256,256,256,True,0.126053,2,True
df2023_COCO_DF_E000B05011_00761879.jpg,256,256,256,256,True,0.129105,2,True
df2023_COCO_DF_E000B05013_00786664.jpg,256,256,256,256,True,0.127563,2,True
df2023_COCO_DF_E000B05015_00836400.jpg,256,256,256,256,True,0.185043,2,True
df2023_COCO_DF_E000B05100_00875228.jpg,256,256,256,256,True,0.150879,2,True
df2023_COCO_DF_E000B05106_00819938.jpg,256,256,256,256,True,0.158569,2,True
df2023_COCO_DF_E000B05110_00760117.jpg,256,256,256,256,True,0.089355,2,True
df2023_COCO_DF_E000B05113_00890737.jpg,256,256,256,256,True,0.066925,2,True
df2023_COCO_DF_E000B05115_00883124.jpg,256,256,256,256,True,0.073853,2,True
df2023_COCO_DF_E000B05116_00761659.jpg,256,256,256,256,True,0.069458,2,True
df2023_COCO_DF_E000B20000_00805932.jpg,256,256,256,256,True,0.117111,2,True
df2023_COCO_DF_E000B20010_00766353.jpg,256,256,256,256,True,0.282791,2,True
df2023_COCO_DF_E000B20010_00839239.jpg,256,256,256,256,True,0.066315,2,True
df2023_COCO_DF_E000B20017_00702447.jpg,256,256,256,256,True,0.074997,2,True
df2023_COCO_DF_E000B20112_00760724.jpg,256,256,256,256,True,0.154678,2,True
df2023_COCO_DF_E000B30001_00898450.jpg,256,256,256,256,True,0.099945,2,True
df2023_COCO_DF_E000B30010_00874289.jpg,256,256,256,256,True,0.081711,2,True
df2023_COCO_DF_E000B30012_00860155.jpg,256,256,256,256,True,0.108475,2,True
df2023_COCO_DF_E000B30014_00854008.jpg,256,256,256,256,True,0.068665,2,True
df2023_COCO_DF_E000B40002_00885525.jpg,256,256,256,256,True,0.066315,2,True
df2023_COCO_DF_E000B40006_00893967.jpg,256,256,256,256,True,0.106857,2,True
df2023_COCO_DF_E000B40010_00868083.jpg,256,256,256,256,True,0.060257,2,True
df2023_COCO_DF_E000B40010_00870817.jpg,256,256,256,256,True,0.11322,2,True
df2023_COCO_DF_E000B40010_00892404.jpg,256,256,256,256,True,0.078369,2,True
df2023_COCO_DF_E000B40116_00785670.jpg,256,256,256,256,True,0.060074,2,True
df2023_COCO_DF_E000B50010_00872557.jpg,256,256,256,256,True,0.122162,2,True
df2023_COCO_DF_E000B50100_00817431.jpg,256,256,256,256,True,0.075974,2,True
df2023_COCO_DF_E000B60007_00751412.jpg,256,256,256,256,True,0.150391,2,True
df2023_COCO_DF_E000B60107_00827137.jpg,256,256,256,256,True,0.079376,2,True
df2023_COCO_DF_E000B70003_00705240.jpg,256,256,256,256,True,0.158173,2,True
df2023_COCO_DF_E000B70004_00704265.jpg,256,256,256,256,True,0.205963,2,True
df2023_COCO_DF_E000B70107_00816495.jpg,256,256,256,256,True,0.103394,2,True
df2023_COCO_DF_E000G20000_00757763.jpg,256,256,256,256,True,0.063019,2,True
df2023_COCO_DF_E000G20013_00854790.jpg,256,256,256,256,True,0.181732,2,True
df2023_COCO_DF_E000G20017_00808409.jpg,256,256,256,256,True,0.081482,2,True
df2023_COCO_DF_E000G20100_00744893.jpg,256,256,256,256,True,0.084839,2,True
df2023_COCO_DF_E000G30003_00898460.jpg,256,256,256,256,True,0.209808,2,True
df2023_COCO_DF_E000G30015_00857725.jpg,256,256,256,256,True,0.053589,2,True
df2023_COCO_DF_E000G40000_00710567.jpg,256,256,256,256,True,0.165695,2,True
df2023_COCO_DF_E000G40010_00846375.jpg,256,256,256,256,True,0.237,2,True
df2023_COCO_DF_E000G40114_00795858.jpg,256,256,256,256,True,0.065582,2,True
df2023_COCO_DF_E000G50000_00729852.jpg,256,256,256,256,True,0.140198,2,True
df2023_COCO_DF_E000G50112_00816164.jpg,256,256,256,256,True,0.122314,2,True
df2023_COCO_DF_E000G60000_00750738.jpg,256,256,256,256,True,0.051407,2,True
df2023_COCO_DF_E000G60000_00860796.jpg,256,256,256,256,True,0.086639,2,True
df2023_COCO_DF_E000G60003_00771472.jpg,256,256,256,256,True,0.11824,2,True
df2023_COCO_DF_E000G60011_00800292.jpg,256,256,256,256,True,0.075439,2,True
df2023_COCO_DF_E000G70000_00743484.jpg,256,256,256,256,True,0.148438,2,True
df2023_COCO_DF_E000G70000_00858801.jpg,256,256,256,256,True,0.113708,2,True
df2023_COCO_DF_E000G70000_00877239.jpg,256,256,256,256,True,0.150803,2,True
df2023_COCO_DF_E000G70010_00767845.jpg,256,256,256,256,True,0.056335,2,True
df2023_COCO_DF_E000G70010_00885793.jpg,256,256,256,256,True,0.110703,2,True
df2023_COCO_DF_E000G70014_00881133.jpg,256,256,256,256,True,0.105225,2,True
df2023_COCO_DF_E000G70102_00807647.jpg,256,256,256,256,True,0.079208,2,True
df2023_COCO_DF_E000G70117_00871367.jpg,256,256,256,256,True,0.161407,2,True
df2023_COCO_DF_I000B00000_00900007.jpg,256,256,256,256,True,0.14592,2,True
df2023_COCO_DF_I000B00000_00900613.jpg,256,256,256,256,True,0.065048,2,True
df2023_COCO_DF_I000B00000_00901441.jpg,256,256,256,256,True,0.144608,2,True
df2023_COCO_DF_I000B00000_00903647.jpg,256,256,256,256,True,0.09346,2,True
df2023_COCO_DF_I000B00000_00903736.jpg,256,256,256,256,True,0.076904,2,True
df2023_COCO_DF_I000B00000_00903947.jpg,256,256,256,256,True,0.113739,2,True
df2023_COCO_DF_I000B00000_00904313.jpg,256,256,256,256,True,0.09967,2,True
df2023_COCO_DF_I000B00000_00904985.jpg,256,256,256,256,True,0.172043,2,True
df2023_COCO_DF_I000B00000_00907581.jpg,256,256,256,256,True,0.058929,2,True
df2023_COCO_DF_I000B00000_00908879.jpg,256,256,256,256,True,0.074249,2,True
df2023_COCO_DF_I000B00000_00909021.jpg,256,256,256,256,True,0.094986,2,True
df2023_COCO_DF_I000B00000_00910083.jpg,256,256,256,256,True,0.321747,2,True
df2023_COCO_DF_I000B00000_00911936.jpg,256,256,256,256,True,0.075928,2,True
df2023_COCO_DF_I000B00000_00912697.jpg,256,256,256,256,True,0.114288,2,True
df2023_COCO_DF_I000B00000_00913392.jpg,256,256,256,256,True,0.085083,2,True
df2023_COCO_DF_I000B00000_00913720.jpg,256,256,256,256,True,0.062088,2,True
df2023_COCO_DF_I000B00000_00915597.jpg,256,256,256,256,True,0.083084,2,True
df2023_COCO_DF_I000B00000_00918052.jpg,256,256,256,256,True,0.089615,2,True
df2023_COCO_DF_I000B00000_00920121.jpg,256,256,256,256,True,0.102112,2,True
df2023_COCO_DF_I000B00000_00920331.jpg,256,256,256,256,True,0.084351,2,True
df2023_COCO_DF_I000B00000_00921923.jpg,256,256,256,256,True,0.097,2,True
df2023_COCO_DF_I000B00000_00922299.jpg,256,256,256,256,True,0.086746,2,True
df2023_COCO_DF_I000B00000_00923048.jpg,256,256,256,256,True,0.087479,2,True
df2023_COCO_DF_I000B00000_00923594.jpg,256,256,256,256,True,0.117645,2,True
df2023_COCO_DF_I000B00000_00923620.jpg,256,256,256,256,True,0.082916,2,True
df2023_COCO_DF_I000B00000_00924234.jpg,256,256,256,256,True,0.306763,2,True
df2023_COCO_DF_I000B00000_00926599.jpg,256,256,256,256,True,0.060715,2,True
df2023_COCO_DF_I000B00000_00926922.jpg,256,256,256,256,True,0.207565,2,True
df2023_COCO_DF_I000B00000_00927137.jpg,256,256,256,256,True,0.050598,2,True
df2023_COCO_DF_I000B00000_00927762.jpg,256,256,256,256,True,0.112793,2,True
df2023_COCO_DF_I000B00000_00928346.jpg,256,256,256,256,True,0.192261,2,True
df2023_COCO_DF_I000B00000_00929144.jpg,256,256,256,256,True,0.114426,2,True
df2023_COCO_DF_I000B00000_00929528.jpg,256,256,256,256,True,0.088135,2,True
df2023_COCO_DF_I000B00000_00930525.jpg,256,256,256,256,True,0.21521,2,True
df2023_COCO_DF_I000B00000_00930847.jpg,256,256,256,256,True,0.085724,2,True
df2023_COCO_DF_I000B00000_00931393.jpg,256,256,256,256,True,0.095795,2,True
df2023_COCO_DF_I000B00000_00932776.jpg,256,256,256,256,True,0.05162,2,True
df2023_COCO_DF_I000B00000_00935095.jpg,256,256,256,256,True,0.092819,2,True
df2023_COCO_DF_I000B00000_00938732.jpg,256,256,256,256,True,0.070694,2,True
df2023_COCO_DF_I000B00000_00945977.jpg,256,256,256,256,True,0.061127,2,True
df2023_COCO_DF_I000B00000_00946236.jpg,256,256,256,256,True,0.132111,2,True
df2023_COCO_DF_I000B00000_00947491.jpg,256,256,256,256,True,0.061172,2,True
df2023_COCO_DF_I000B00000_00949511.jpg,256,256,256,256,True,0.066635,2,True
df2023_COCO_DF_I000B00000_00950521.jpg,256,256,256,256,True,0.052155,2,True
df2023_COCO_DF_I000B00000_00954650.jpg,256,256,256,256,True,0.130569,2,True
df2023_COCO_DF_I000B00000_00954708.jpg,256,256,256,256,True,0.094482,2,True
df2023_COCO_DF_I000B00000_00955137.jpg,256,256,256,256,True,0.059753,2,True
df2023_COCO_DF_I000B00000_00956090.jpg,256,256,256,256,True,0.117554,2,True
df2023_COCO_DF_I000B00000_00957058.jpg,256,256,256,256,True,0.075226,2,True
df2023_COCO_DF_I000B00000_00957464.jpg,256,256,256,256,True,0.057693,2,True
df2023_COCO_DF_I000B00000_00957622.jpg,256,256,256,256,True,0.088806,2,True
df2023_COCO_DF_I000B00000_00959839.jpg,256,256,256,256,True,0.061218,2,True
df2023_COCO_DF_I000B00000_00962403.jpg,256,256,256,256,True,0.098175,2,True
df2023_COCO_DF_I000B00000_00964092.jpg,256,256,256,256,True,0.065125,2,True
df2023_COCO_DF_I000B00000_00964333.jpg,256,256,256,256,True,0.309845,2,True
df2023_COCO_DF_I000B00000_00964569.jpg,256,256,256,256,True,0.131775,2,True
df2023_COCO_DF_I000B00000_00964659.jpg,256,256,256,256,True,0.069977,2,True
df2023_COCO_DF_I000B00000_00964895.jpg,256,256,256,256,True,0.069214,2,True
df2023_COCO_DF_I000B00000_00965031.jpg,256,256,256,256,True,0.079376,2,True
df2023_COCO_DF_I000B00000_00966191.jpg,256,256,256,256,True,0.15239,2,True
df2023_COCO_DF_I000B00000_00966372.jpg,256,256,256,256,True,0.077728,2,True
df2023_COCO_DF_I000B00000_00966890.jpg,256,256,256,256,True,0.07518,2,True
df2023_COCO_DF_I000B00000_00967585.jpg,256,256,256,256,True,0.141525,2,True
df2023_COCO_DF_I000B00000_00968160.jpg,256,256,256,256,True,0.059052,2,True
df2023_COCO_DF_I000B00000_00968671.jpg,256,256,256,256,True,0.096207,2,True
df2023_COCO_DF_I000B00000_00969118.jpg,256,256,256,256,True,0.097687,2,True
df2023_COCO_DF_I000B00000_00972584.jpg,256,256,256,256,True,0.092575,2,True
df2023_COCO_DF_I000B00000_00973334.jpg,256,256,256,256,True,0.110413,2,True
df2023_COCO_DF_I000B00000_00973893.jpg,256,256,256,256,True,0.114105,2,True
df2023_COCO_DF_I000B00000_00974126.jpg,256,256,256,256,True,0.099548,2,True
df2023_COCO_DF_I000B00000_00974168.jpg,256,256,256,256,True,0.077484,2,True
df2023_COCO_DF_I000B00000_00975714.jpg,256,256,256,256,True,0.082718,2,True
df2023_COCO_DF_I000B00000_00976736.jpg,256,256,256,256,True,0.138275,2,True
df2023_COCO_DF_I000B00000_00980088.jpg,256,256,256,256,True,0.105865,2,True
df2023_COCO_DF_I000B00000_00981380.jpg,256,256,256,256,True,0.081024,2,True
df2023_COCO_DF_I000B00000_00982174.jpg,256,256,256,256,True,0.066116,2,True
df2023_COCO_DF_I000B00000_00983502.jpg,256,256,256,256,True,0.119019,2,True
df2023_COCO_DF_I000B00000_00983623.jpg,256,256,256,256,True,0.072357,2,True
df2023_COCO_DF_I000B00000_00983695.jpg,256,256,256,256,True,0.113937,2,True
df2023_COCO_DF_I000B00000_00986073.jpg,256,256,256,256,True,0.217438,2,True
df2023_COCO_DF_I000B00000_00986622.jpg,256,256,256,256,True,0.174301,2,True
df2023_COCO_DF_I000B00000_00987479.jpg,256,256,256,256,True,0.071152,2,True
df2023_COCO_DF_I000B00000_00987534.jpg,256,256,256,256,True,0.153992,2,True
df2023_COCO_DF_I000B00000_00987826.jpg,256,256,256,256,True,0.182648,2,True
df2023_COCO_DF_I000B00000_00987845.jpg,256,256,256,256,True,0.077866,2,True
df2023_COCO_DF_I000B00000_00987979.jpg,256,256,256,256,True,0.06366,2,True
df2023_COCO_DF_I000B00000_00988534.jpg,256,256,256,256,True,0.060257,2,True
df2023_COCO_DF_I000B00000_00989908.jpg,256,256,256,256,True,0.096588,2,True
df2023_COCO_DF_I000B00000_00990020.jpg,256,256,256,256,True,0.065155,2,True
df2023_COCO_DF_I000B00000_00990263.jpg,256,256,256,256,True,0.073135,2,True
df2023_COCO_DF_I000B00000_00990813.jpg,256,256,256,256,True,0.122131,2,True
df2023_COCO_DF_I000B00000_00991405.jpg,256,256,256,256,True,0.052979,2,True
df2023_COCO_DF_I000B00000_00992845.jpg,256,256,256,256,True,0.141159,2,True
df2023_COCO_DF_I000B00000_00995254.jpg,256,256,256,256,True,0.20105,2,True
df2023_COCO_DF_I000B00000_00995402.jpg,256,256,256,256,True,0.210831,2,True
df2023_COCO_DF_I000B00000_00996141.jpg,256,256,256,256,True,0.101761,2,True
df2023_COCO_DF_I000B00000_00998452.jpg,256,256,256,256,True,0.08316,2,True
df2023_COCO_DF_S000B00000_00000629.jpg,256,256,256,256,True,0.06546,2,True
df2023_COCO_DF_S000B00000_00001070.jpg,256,256,256,256,True,0.37674,2,True
df2023_COCO_DF_S000B00000_00001672.jpg,256,256,256,256,True,0.125656,2,True
df2023_COCO_DF_S000B00000_00002010.jpg,256,256,256,256,True,0.142426,2,True
df2023_COCO_DF_S000B00000_00002434.jpg,256,256,256,256,True,0.247528,2,True
df2023_COCO_DF_S000B00000_00002734.jpg,256,256,256,256,True,0.187531,2,True
df2023_COCO_DF_S000B00000_00003265.jpg,256,256,256,256,True,0.291428,2,True
df2023_COCO_DF_S000B00000_00004511.jpg,256,256,256,256,True,0.26915,2,True
df2023_COCO_DF_S000B00000_00005210.jpg,256,256,256,256,True,0.326782,2,True
df2023_COCO_DF_S000B00000_00008961.jpg,256,256,256,256,True,0.363281,2,True
df2023_COCO_DF_S000B00000_00010624.jpg,256,256,256,256,True,0.287125,2,True
df2023_COCO_DF_S000B00000_00010734.jpg,256,256,256,256,True,0.293365,2,True
df2023_COCO_DF_S000B00000_00011977.jpg,256,256,256,256,True,0.110245,2,True
df2023_COCO_DF_S000B00000_00012646.jpg,256,256,256,256,True,0.19957,2,True
df2023_COCO_DF_S000B00000_00012715.jpg,256,256,256,256,True,0.058884,2,True
df2023_COCO_DF_S000B00000_00013878.jpg,256,256,256,256,True,0.170258,2,True
df2023_COCO_DF_S000B00000_00014072.jpg,256,256,256,256,True,0.089325,2,True
df2023_COCO_DF_S000B00000_00014985.jpg,256,256,256,256,True,0.060028,2,True
df2023_COCO_DF_S000B00000_00016253.jpg,256,256,256,256,True,0.296204,2,True
df2023_COCO_DF_S000B00000_00016538.jpg,256,256,256,256,True,0.275925,2,True
df2023_COCO_DF_S000B00000_00017070.jpg,256,256,256,256,True,0.39798,2,True
df2023_COCO_DF_S000B00000_00018248.jpg,256,256,256,256,True,0.141495,2,True
df2023_COCO_DF_S000B00000_00019416.jpg,256,256,256,256,True,0.179474,2,True
df2023_COCO_DF_S000B00000_00021182.jpg,256,256,256,256,True,0.11673,2,True
df2023_COCO_DF_S000B00000_00021305.jpg,256,256,256,256,True,0.356918,2,True
df2023_COCO_DF_S000B00000_00021431.jpg,256,256,256,256,True,0.053543,2,True
df2023_COCO_DF_S000B00000_00021683.jpg,256,256,256,256,True,0.117279,2,True
df2023_COCO_DF_S000B00000_00022253.jpg,256,256,256,256,True,0.101456,2,True
df2023_COCO_DF_S000B00000_00022699.jpg,256,256,256,256,True,0.158676,2,True
df2023_COCO_DF_S000B00000_00023119.jpg,256,256,256,256,True,0.28981,2,True
df2023_COCO_DF_S000B00000_00023630.jpg,256,256,256,256,True,0.055511,2,True
df2023_COCO_DF_S000B00000_00023664.jpg,256,256,256,256,True,0.172607,2,True
df2023_COCO_DF_S000B00000_00024455.jpg,256,256,256,256,True,0.163818,2,True
df2023_COCO_DF_S000B00000_00024779.jpg,256,256,256,256,True,0.139236,2,True
df2023_COCO_DF_S000B00000_00025490.jpg,256,256,256,256,True,0.210449,2,True
df2023_COCO_DF_S000B00000_00025526.jpg,256,256,256,256,True,0.265915,2,True
df2023_COCO_DF_S000B00000_00026281.jpg,256,256,256,256,True,0.055466,2,True
df2023_COCO_DF_S000B00000_00026389.jpg,256,256,256,256,True,0.172394,2,True
df2023_COCO_DF_S000B00000_00027827.jpg,256,256,256,256,True,0.068527,2,True
df2023_COCO_DF_S000B00000_00028084.jpg,256,256,256,256,True,0.247559,2,True
df2023_COCO_DF_S000B00000_00028211.jpg,256,256,256,256,True,0.261444,2,True
df2023_COCO_DF_S000B00000_00028562.jpg,256,256,256,256,True,0.330612,2,True
df2023_COCO_DF_S000B00000_00029413.jpg,256,256,256,256,True,0.085785,2,True
df2023_COCO_DF_S000B00000_00030920.jpg,256,256,256,256,True,0.108643,2,True
df2023_COCO_DF_S000B00000_00031376.jpg,256,256,256,256,True,0.171783,2,True
df2023_COCO_DF_S000B00000_00033375.jpg,256,256,256,256,True,0.278366,2,True
df2023_COCO_DF_S000B00000_00034467.jpg,256,256,256,256,True,0.115005,2,True
df2023_COCO_DF_S000B00000_00035572.jpg,256,256,256,256,True,0.348587,2,True
df2023_COCO_DF_S000B00000_00036025.jpg,256,256,256,256,True,0.139206,2,True
df2023_COCO_DF_S000B00000_00036629.jpg,256,256,256,256,True,0.053757,2,True
df2023_COCO_DF_S000B00000_00037462.jpg,256,256,256,256,True,0.332642,2,True
df2023_COCO_DF_S000B00000_00038634.jpg,256,256,256,256,True,0.101974,2,True
df2023_COCO_DF_S000B00000_00038749.jpg,256,256,256,256,True,0.397385,2,True
df2023_COCO_DF_S000B00000_00038823.jpg,256,256,256,256,True,0.306427,2,True
df2023_COCO_DF_S000B00000_00039835.jpg,256,256,256,256,True,0.378662,2,True
df2023_COCO_DF_S000B00000_00040017.jpg,256,256,256,256,True,0.279144,2,True
df2023_COCO_DF_S000B00000_00041092.jpg,256,256,256,256,True,0.053009,2,True
df2023_COCO_DF_S000B00000_00041572.jpg,256,256,256,256,True,0.299576,2,True
df2023_COCO_DF_S000B00000_00044103.jpg,256,256,256,256,True,0.058609,2,True
df2023_COCO_DF_S000B00000_00044503.jpg,256,256,256,256,True,0.108856,2,True
df2023_COCO_DF_S000B00000_00045752.jpg,256,256,256,256,True,0.374786,2,True
df2023_COCO_DF_S000B00000_00046449.jpg,256,256,256,256,True,0.282455,2,True
df2023_COCO_DF_S000B00000_00049194.jpg,256,256,256,256,True,0.272766,2,True
df2023_COCO_DF_S000B00000_00052634.jpg,256,256,256,256,True,0.347382,2,True
df2023_COCO_DF_S000B00000_00052739.jpg,256,256,256,256,True,0.073593,2,True
df2023_COCO_DF_S000B00000_00055041.jpg,256,256,256,256,True,0.074875,2,True
df2023_COCO_DF_S000B00000_00056672.jpg,256,256,256,256,True,0.108307,2,True
df2023_COCO_DF_S000B00000_00058249.jpg,256,256,256,256,True,0.382889,2,True
df2023_COCO_DF_S000B00000_00058394.jpg,256,256,256,256,True,0.234833,2,True
df2023_COCO_DF_S000B00000_00060014.jpg,256,256,256,256,True,0.240463,2,True
df2023_COCO_DF_S000B00000_00062625.jpg,256,256,256,256,True,0.167511,2,True
df2023_COCO_DF_S000B00000_00062970.jpg,256,256,256,256,True,0.057404,2,True
df2023_COCO_DF_S000B00000_00063231.jpg,256,256,256,256,True,0.373322,2,True
df2023_COCO_DF_S000B00000_00063466.jpg,256,256,256,256,True,0.176361,2,True
df2023_COCO_DF_S000B00000_00066159.jpg,256,256,256,256,True,0.247437,2,True
df2023_COCO_DF_S000B00000_00066333.jpg,256,256,256,256,True,0.259659,2,True
df2023_COCO_DF_S000B00000_00068338.jpg,256,256,256,256,True,0.13826,2,True
df2023_COCO_DF_S000B00000_00068978.jpg,256,256,256,256,True,0.091171,2,True
df2023_COCO_DF_S000B00000_00069818.jpg,256,256,256,256,True,0.304977,2,True
df2023_COCO_DF_S000B00000_00070479.jpg,256,256,256,256,True,0.202637,2,True
df2023_COCO_DF_S000B00000_00070781.jpg,256,256,256,256,True,0.30571,2,True
df2023_COCO_DF_S000B00000_00073452.jpg,256,256,256,256,True,0.359329,2,True
df2023_COCO_DF_S000B00000_00077529.jpg,256,256,256,256,True,0.147781,2,True
df2023_COCO_DF_S000B00000_00078525.jpg,256,256,256,256,True,0.080292,2,True
df2023_COCO_DF_S000B00000_00080067.jpg,256,256,256,256,True,0.339966,2,True
df2023_COCO_DF_S000B00000_00080227.jpg,256,256,256,256,True,0.358276,2,True
df2023_COCO_DF_S000B00000_00080344.jpg,256,256,256,256,True,0.255875,2,True
df2023_COCO_DF_S000B00000_00080573.jpg,256,256,256,256,True,0.21196,2,True
df2023_COCO_DF_S000B00000_00081154.jpg,256,256,256,256,True,0.114944,2,True
df2023_COCO_DF_S000B00000_00081306.jpg,256,256,256,256,True,0.324203,2,True
df2023_COCO_DF_S000B00000_00085122.jpg,256,256,256,256,True,0.229675,2,True
df2023_COCO_DF_S000B00000_00085142.jpg,256,256,256,256,True,0.180206,2,True
df2023_COCO_DF_S000B00000_00085563.jpg,256,256,256,256,True,0.229614,2,True
df2023_COCO_DF_S000B00000_00086611.jpg,256,256,256,256,True,0.186646,2,True
df2023_COCO_DF_S000B00000_00087493.jpg,256,256,256,256,True,0.243698,2,True
df2023_COCO_DF_S000B00000_00087925.jpg,256,256,256,256,True,0.390457,2,True
df2023_COCO_DF_S000B00000_00089483.jpg,256,256,256,256,True,0.222565,2,True
df2023_COCO_DF_S000B00000_00091096.jpg,256,256,256,256,True,0.321289,2,True
df2023_COCO_DF_S000B00000_00092765.jpg,256,256,256,256,True,0.187729,2,True
df2023_COCO_DF_S000B00000_00096469.jpg,256,256,256,256,True,0.311508,2,True
df2023_COCO_DF_S000B00000_00097153.jpg,256,256,256,256,True,0.353348,2,True
df2023_COCO_DF_S000B00000_00098197.jpg,256,256,256,256,True,0.175613,2,True
df2023_COCO_DF_S000B00000_00099998.jpg,256,256,256,256,True,0.241135,2,True
df2023_COCO_DF_S000B00000_00101019.jpg,256,256,256,256,True,0.107147,2,True
df2023_COCO_DF_S000B00000_00104012.jpg,256,256,256,256,True,0.064728,2,True
df2023_COCO_DF_S000B00000_00104500.jpg,256,256,256,256,True,0.182556,2,True
df2023_COCO_DF_S000B00000_00107046.jpg,256,256,256,256,True,0.172974,2,True
df2023_COCO_DF_S000B00000_00108284.jpg,256,256,256,256,True,0.22348,2,True
df2023_COCO_DF_S000B00000_00112394.jpg,256,256,256,256,True,0.320908,2,True
df2023_COCO_DF_S000B00000_00112578.jpg,256,256,256,256,True,0.268356,2,True
df2023_COCO_DF_S000B00000_00113284.jpg,256,256,256,256,True,0.192291,2,True
df2023_COCO_DF_S000B00000_00113306.jpg,256,256,256,256,True,0.318298,2,True
df2023_COCO_DF_S000B00000_00114219.jpg,256,256,256,256,True,0.118011,2,True
df2023_COCO_DF_S000B00000_00115506.jpg,256,256,256,256,True,0.181183,2,True
df2023_COCO_DF_S000B00000_00116050.jpg,256,256,256,256,True,0.22644,2,True
df2023_COCO_DF_S000B00000_00118127.jpg,256,256,256,256,True,0.116104,2,True
df2023_COCO_DF_S000B00000_00118174.jpg,256,256,256,256,True,0.105209,2,True
df2023_COCO_DF_S000B00000_00118624.jpg,256,256,256,256,True,0.088608,2,True
df2023_COCO_DF_S000B00000_00119388.jpg,256,256,256,256,True,0.259277,2,True
df2023_COCO_DF_S000B00000_00122163.jpg,256,256,256,256,True,0.337402,2,True
df2023_COCO_DF_S000B00000_00122643.jpg,256,256,256,256,True,0.054062,2,True
df2023_COCO_DF_S000B00000_00122966.jpg,256,256,256,256,True,0.078949,2,True
df2023_COCO_DF_S000B00000_00125663.jpg,256,256,256,256,True,0.292679,2,True
df2023_COCO_DF_S000B00000_00126484.jpg,256,256,256,256,True,0.206543,2,True
df2023_COCO_DF_S000B00000_00127989.jpg,256,256,256,256,True,0.185059,2,True
df2023_COCO_DF_S000B00000_00128503.jpg,256,256,256,256,True,0.298935,2,True
df2023_COCO_DF_S000B00000_00129763.jpg,256,256,256,256,True,0.137939,2,True
df2023_COCO_DF_S000B00000_00129918.jpg,256,256,256,256,True,0.275818,2,True
df2023_COCO_DF_S000B00000_00132898.jpg,256,256,256,256,True,0.377548,2,True
df2023_COCO_DF_S000B00000_00133951.jpg,256,256,256,256,True,0.193573,2,True
df2023_COCO_DF_S000B00000_00135228.jpg,256,256,256,256,True,0.129395,2,True
df2023_COCO_DF_S000B00000_00135350.jpg,256,256,256,256,True,0.363327,2,True
df2023_COCO_DF_S000B00000_00137301.jpg,256,256,256,256,True,0.151871,2,True
df2023_COCO_DF_S000B00000_00137972.jpg,256,256,256,256,True,0.251678,2,True
df2023_COCO_DF_S000B00000_00140916.jpg,256,256,256,256,True,0.321762,2,True
df2023_COCO_DF_S000B00000_00141487.jpg,256,256,256,256,True,0.100616,2,True
df2023_COCO_DF_S000B00000_00144109.jpg,256,256,256,256,True,0.151291,2,True
df2023_COCO_DF_S000B00000_00145786.jpg,256,256,256,256,True,0.170914,2,True
df2023_COCO_DF_S000B00000_00145942.jpg,256,256,256,256,True,0.174225,2,True
df2023_COCO_DF_S000B00000_00146518.jpg,256,256,256,256,True,0.253128,2,True
df2023_COCO_DF_S000B00000_00147066.jpg,256,256,256,256,True,0.213913,2,True
df2023_COCO_DF_S000B00000_00149642.jpg,256,256,256,256,True,0.172363,2,True
df2023_COCO_DF_S000B00000_00151483.jpg,256,256,256,256,True,0.318756,2,True
df2023_COCO_DF_S000B00000_00153108.jpg,256,256,256,256,True,0.084198,2,True
df2023_COCO_DF_S000B00000_00154070.jpg,256,256,256,256,True,0.106583,2,True
df2023_COCO_DF_S000B00000_00154252.jpg,256,256,256,256,True,0.163177,2,True
df2023_COCO_DF_S000B00000_00154560.jpg,256,256,256,256,True,0.246307,2,True
df2023_COCO_DF_S000B00000_00155662.jpg,256,256,256,256,True,0.331604,2,True
df2023_COCO_DF_S000B00000_00155866.jpg,256,256,256,256,True,0.210648,2,True
df2023_COCO_DF_S000B00000_00156843.jpg,256,256,256,256,True,0.381836,2,True
df2023_COCO_DF_S000B00000_00159051.jpg,256,256,256,256,True,0.3013,2,True
df2023_COCO_DF_S000B00000_00159162.jpg,256,256,256,256,True,0.23468,2,True
df2023_COCO_DF_S000B00000_00159355.jpg,256,256,256,256,True,0.20694,2,True
df2023_COCO_DF_S000B00000_00161602.jpg,256,256,256,256,True,0.169708,2,True
df2023_COCO_DF_S000B00000_00166093.jpg,256,256,256,256,True,0.210464,2,True
df2023_COCO_DF_S000B00000_00171869.jpg,256,256,256,256,True,0.321548,2,True
df2023_COCO_DF_S000B00000_00174499.jpg,256,256,256,256,True,0.123779,2,True
df2023_COCO_DF_S000B00000_00174934.jpg,256,256,256,256,True,0.197388,2,True
df2023_COCO_DF_S000B00000_00178228.jpg,256,256,256,256,True,0.174133,2,True
df2023_COCO_DF_S000B00000_00178569.jpg,256,256,256,256,True,0.153244,2,True
df2023_COCO_DF_S000B00000_00179535.jpg,256,256,256,256,True,0.069061,2,True
df2023_COCO_DF_S000B00000_00180790.jpg,256,256,256,256,True,0.336838,2,True
df2023_COCO_DF_S000B00000_00181535.jpg,256,256,256,256,True,0.24176,2,True
df2023_COCO_DF_S000B00000_00183276.jpg,256,256,256,256,True,0.362564,2,True
df2023_COCO_DF_S000B00000_00183300.jpg,256,256,256,256,True,0.059845,2,True
df2023_COCO_DF_S000B00000_00183729.jpg,256,256,256,256,True,0.147339,2,True
df2023_COCO_DF_S000B00000_00186001.jpg,256,256,256,256,True,0.196106,2,True
df2023_COCO_DF_S000B00000_00186184.jpg,256,256,256,256,True,0.304184,2,True
df2023_COCO_DF_S000B00000_00187609.jpg,256,256,256,256,True,0.183731,2,True
df2023_COCO_DF_S000B00000_00190544.jpg,256,256,256,256,True,0.349426,2,True
df2023_COCO_DF_S000B00000_00191617.jpg,256,256,256,256,True,0.252167,2,True
df2023_COCO_DF_S000B00000_00192981.jpg,256,256,256,256,True,0.140991,2,True
df2023_COCO_DF_S000B00000_00194185.jpg,256,256,256,256,True,0.276077,2,True
df2023_COCO_DF_S000B00000_00194421.jpg,256,256,256,256,True,0.383896,2,True
df2023_COCO_DF_S000B00000_00195492.jpg,256,256,256,256,True,0.202652,2,True
df2023_COCO_DF_S000B00000_00195522.jpg,256,256,256,256,True,0.106781,2,True
df2023_COCO_DF_S000B00000_00195735.jpg,256,256,256,256,True,0.265137,2,True
df2023_COCO_DF_S000B00000_00196199.jpg,256,256,256,256,True,0.121948,2,True
df2023_COCO_DF_S000B00000_00197864.jpg,256,256,256,256,True,0.07074,2,True
df2023_COCO_DF_S000B00000_00200856.jpg,256,256,256,256,True,0.218979,2,True
df2023_COCO_DF_S000B00000_00203982.jpg,256,256,256,256,True,0.198639,2,True
df2023_COCO_DF_S000B00000_00205052.jpg,256,256,256,256,True,0.279541,2,True
df2023_COCO_DF_S000B00000_00207810.jpg,256,256,256,256,True,0.191605,2,True
df2023_COCO_DF_S000B00000_00209800.jpg,256,256,256,256,True,0.145294,2,True
df2023_COCO_DF_S000B00000_00210510.jpg,256,256,256,256,True,0.203568,2,True
df2023_COCO_DF_S000B00000_00211165.jpg,256,256,256,256,True,0.103867,2,True
df2023_COCO_DF_S000B00000_00212072.jpg,256,256,256,256,True,0.114197,2,True
df2023_COCO_DF_S000B00000_00216362.jpg,256,256,256,256,True,0.330872,2,True
df2023_COCO_DF_S000B00000_00216550.jpg,256,256,256,256,True,0.294128,2,True
df2023_COCO_DF_S000B00000_00217881.jpg,256,256,256,256,True,0.359055,2,True
df2023_COCO_DF_S000B00000_00219127.jpg,256,256,256,256,True,0.335449,2,True
df2023_COCO_DF_S000B00000_00219368.jpg,256,256,256,256,True,0.313919,2,True
df2023_COCO_DF_S000B00000_00219477.jpg,256,256,256,256,True,0.181625,2,True
df2023_COCO_DF_S000B00000_00219503.jpg,256,256,256,256,True,0.125214,2,True
df2023_COCO_DF_S000B00000_00220214.jpg,256,256,256,256,True,0.175278,2,True
df2023_COCO_DF_S000B00000_00220340.jpg,256,256,256,256,True,0.323914,2,True
df2023_COCO_DF_S000B00000_00221427.jpg,256,256,256,256,True,0.399139,2,True
df2023_COCO_DF_S000B00000_00221692.jpg,256,256,256,256,True,0.212204,2,True
df2023_COCO_DF_S000B00000_00221978.jpg,256,256,256,256,True,0.323166,2,True
df2023_COCO_DF_S000B00000_00222734.jpg,256,256,256,256,True,0.084259,2,True
df2023_COCO_DF_S000B00000_00223105.jpg,256,256,256,256,True,0.166458,2,True
df2023_COCO_DF_S000B00000_00224132.jpg,256,256,256,256,True,0.124847,2,True
df2023_COCO_DF_S000B00000_00224198.jpg,256,256,256,256,True,0.120789,2,True
df2023_COCO_DF_S000B00000_00224512.jpg,256,256,256,256,True,0.366348,2,True
df2023_COCO_DF_S000B00000_00226656.jpg,256,256,256,256,True,0.162033,2,True
df2023_COCO_DF_S000B00000_00228004.jpg,256,256,256,256,True,0.064774,2,True
df2023_COCO_DF_S000B00000_00228425.jpg,256,256,256,256,True,0.153641,2,True
df2023_COCO_DF_S000B00000_00229831.jpg,256,256,256,256,True,0.216034,2,True
df2023_COCO_DF_S000B00000_00230483.jpg,256,256,256,256,True,0.166702,2,True
df2023_COCO_DF_S000B00000_00237956.jpg,256,256,256,256,True,0.164612,2,True
df2023_COCO_DF_S000B00000_00238820.jpg,256,256,256,256,True,0.072586,2,True
df2023_COCO_DF_S000B00000_00241116.jpg,256,256,256,256,True,0.357819,2,True
df2023_COCO_DF_S000B00000_00241711.jpg,256,256,256,256,True,0.12178,2,True
df2023_COCO_DF_S000B00000_00242500.jpg,256,256,256,256,True,0.353333,2,True
df2023_COCO_DF_S000B00000_00244956.jpg,256,256,256,256,True,0.139954,2,True
df2023_COCO_DF_S000B00000_00247965.jpg,256,256,256,256,True,0.213104,2,True
df2023_COCO_DF_S000B00000_00249772.jpg,256,256,256,256,True,0.136322,2,True
df2023_COCO_DF_S000B00000_00250206.jpg,256,256,256,256,True,0.127121,2,True
df2023_COCO_DF_S000B00000_00253126.jpg,256,256,256,256,True,0.266983,2,True
df2023_COCO_DF_S000B00000_00253324.jpg,256,256,256,256,True,0.293335,2,True
df2023_COCO_DF_S000B00000_00253463.jpg,256,256,256,256,True,0.117859,2,True
df2023_COCO_DF_S000B00000_00258167.jpg,256,256,256,256,True,0.367279,2,True
df2023_COCO_DF_S000B00000_00261042.jpg,256,256,256,256,True,0.205826,2,True
df2023_COCO_DF_S000B00000_00261419.jpg,256,256,256,256,True,0.183228,2,True
df2023_COCO_DF_S000B00000_00261849.jpg,256,256,256,256,True,0.372223,2,True
df2023_COCO_DF_S000B00000_00262280.jpg,256,256,256,256,True,0.183273,2,True
df2023_COCO_DF_S000B00000_00263848.jpg,256,256,256,256,True,0.080399,2,True
df2023_COCO_DF_S000B00000_00265142.jpg,256,256,256,256,True,0.113907,2,True
df2023_COCO_DF_S000B00000_00269655.jpg,256,256,256,256,True,0.230408,2,True
df2023_COCO_DF_S000B00000_00270755.jpg,256,256,256,256,True,0.350403,2,True
df2023_COCO_DF_S000B00000_00273145.jpg,256,256,256,256,True,0.290009,2,True
df2023_COCO_DF_S000B00000_00273152.jpg,256,256,256,256,True,0.205826,2,True
df2023_COCO_DF_S000B00000_00274445.jpg,256,256,256,256,True,0.30777,2,True
df2023_COCO_DF_S000B00000_00274814.jpg,256,256,256,256,True,0.167801,2,True
df2023_COCO_DF_S000B00000_00277159.jpg,256,256,256,256,True,0.173645,2,True
df2023_COCO_DF_S000B00000_00277434.jpg,256,256,256,256,True,0.227432,2,True
df2023_COCO_DF_S000B00000_00277759.jpg,256,256,256,256,True,0.242676,2,True
df2023_COCO_DF_S000B00000_00278219.jpg,256,256,256,256,True,0.052109,2,True
df2023_COCO_DF_S000B00000_00279124.jpg,256,256,256,256,True,0.198944,2,True
df2023_COCO_DF_S000B00000_00281777.jpg,256,256,256,256,True,0.172729,2,True
df2023_COCO_DF_S000B00000_00283837.jpg,256,256,256,256,True,0.316483,2,True
df2023_COCO_DF_S000B00000_00283981.jpg,256,256,256,256,True,0.231323,2,True
df2023_COCO_DF_S000B00000_00285574.jpg,256,256,256,256,True,0.236115,2,True
df2023_COCO_DF_S000B00000_00285735.jpg,256,256,256,256,True,0.062241,2,True
df2023_COCO_DF_S000B00000_00286533.jpg,256,256,256,256,True,0.147736,2,True
df2023_COCO_DF_S000B00000_00287548.jpg,256,256,256,256,True,0.08931,2,True
df2023_COCO_DF_S000B00000_00288767.jpg,256,256,256,256,True,0.179367,2,True
df2023_COCO_DF_S000B00000_00289053.jpg,256,256,256,256,True,0.105331,2,True
df2023_COCO_DF_S000B00000_00289321.jpg,256,256,256,256,True,0.154312,2,True
df2023_COCO_DF_S000B00000_00289650.jpg,256,256,256,256,True,0.084244,2,True
df2023_COCO_DF_S000B00000_00290320.jpg,256,256,256,256,True,0.178864,2,True
df2023_COCO_DF_S000B00000_00290494.jpg,256,256,256,256,True,0.093826,2,True
df2023_COCO_DF_S000B00000_00290711.jpg,256,256,256,256,True,0.38739,2,True
df2023_COCO_DF_S000B00000_00291059.jpg,256,256,256,256,True,0.08931,2,True
df2023_COCO_DF_S000B00000_00291746.jpg,256,256,256,256,True,0.274292,2,True
df2023_COCO_DF_S000B00000_00292618.jpg,256,256,256,256,True,0.070023,2,True
df2023_COCO_DF_S000B00000_00294683.jpg,256,256,256,256,True,0.315872,2,True
df2023_COCO_DF_S000B00000_00295084.jpg,256,256,256,256,True,0.17157,2,True
df2023_COCO_DF_S000B00000_00295698.jpg,256,256,256,256,True,0.160629,2,True
df2023_COCO_DF_S000B00000_00296041.jpg,256,256,256,256,True,0.083099,2,True
df2023_COCO_DF_S000B00000_00296064.jpg,256,256,256,256,True,0.106873,2,True
df2023_COCO_DF_S000B00000_00297817.jpg,256,256,256,256,True,0.05542,2,True
df2023_COCO_DF_S000B00000_00300567.jpg,256,256,256,256,True,0.209671,2,True
df2023_COCO_DF_S000B00000_00300800.jpg,256,256,256,256,True,0.089813,2,True
df2023_COCO_DF_S000B00000_00301017.jpg,256,256,256,256,True,0.397202,2,True
df2023_COCO_DF_S000B00000_00302975.jpg,256,256,256,256,True,0.166061,2,True
df2023_COCO_DF_S000B00000_00303916.jpg,256,256,256,256,True,0.312836,2,True
df2023_COCO_DF_S000B00000_00304513.jpg,256,256,256,256,True,0.155991,2,True
df2023_COCO_DF_S000B00000_00309580.jpg,256,256,256,256,True,0.383209,2,True
df2023_COCO_DF_S000B00000_00309649.jpg,256,256,256,256,True,0.257935,2,True
df2023_COCO_DF_S000B00000_00310539.jpg,256,256,256,256,True,0.289917,2,True
df2023_COCO_DF_S000B00000_00310654.jpg,256,256,256,256,True,0.153458,2,True
df2023_COCO_DF_S000B00000_00311163.jpg,256,256,256,256,True,0.307297,2,True
df2023_COCO_DF_S000B00000_00311322.jpg,256,256,256,256,True,0.109833,2,True
df2023_COCO_DF_S000B00000_00314954.jpg,256,256,256,256,True,0.356857,2,True
df2023_COCO_DF_S000B00000_00316532.jpg,256,256,256,256,True,0.239334,2,True
df2023_COCO_DF_S000B00000_00318446.jpg,256,256,256,256,True,0.096664,2,True
df2023_COCO_DF_S000B00000_00318906.jpg,256,256,256,256,True,0.297165,2,True
df2023_COCO_DF_S000B00000_00319271.jpg,256,256,256,256,True,0.101883,2,True
df2023_COCO_DF_S000B00000_00322467.jpg,256,256,256,256,True,0.243073,2,True
df2023_COCO_DF_S000B00000_00322634.jpg,256,256,256,256,True,0.064026,2,True
df2023_COCO_DF_S000B00000_00326819.jpg,256,256,256,256,True,0.077362,2,True
df2023_COCO_DF_S000B00000_00327823.jpg,256,256,256,256,True,0.300232,2,True
df2023_COCO_DF_S000B00000_00329868.jpg,256,256,256,256,True,0.051361,2,True
df2023_COCO_DF_S000B00000_00330898.jpg,256,256,256,256,True,0.101456,2,True
df2023_COCO_DF_S000B00000_00331071.jpg,256,256,256,256,True,0.246414,2,True
df2023_COCO_DF_S000B00000_00332209.jpg,256,256,256,256,True,0.088379,2,True
df2023_COCO_DF_S000B00000_00332816.jpg,256,256,256,256,True,0.271225,2,True
df2023_COCO_DF_S000B00000_00333173.jpg,256,256,256,256,True,0.300186,2,True
df2023_COCO_DF_S000B00000_00333496.jpg,256,256,256,256,True,0.106415,2,True
df2023_COCO_DF_S000B00000_00333706.jpg,256,256,256,256,True,0.056061,2,True
df2023_COCO_DF_S000B00000_00334610.jpg,256,256,256,256,True,0.092896,2,True
df2023_COCO_DF_S000B00000_00336511.jpg,256,256,256,256,True,0.283203,2,True
df2023_COCO_DF_S000B00000_00337482.jpg,256,256,256,256,True,0.083389,2,True
df2023_COCO_DF_S000B00000_00337532.jpg,256,256,256,256,True,0.170349,2,True
df2023_COCO_DF_S000B00000_00338441.jpg,256,256,256,256,True,0.090683,2,True
df2023_COCO_DF_S000B00000_00339609.jpg,256,256,256,256,True,0.25531,2,True
df2023_COCO_DF_S000B00000_00340798.jpg,256,256,256,256,True,0.344879,2,True
df2023_COCO_DF_S000B00000_00341485.jpg,256,256,256,256,True,0.244385,2,True
df2023_COCO_DF_S000B00000_00342390.jpg,256,256,256,256,True,0.089188,2,True
df2023_COCO_DF_S000B00000_00344733.jpg,256,256,256,256,True,0.106003,2,True
df2023_COCO_DF_S000B00000_00347200.jpg,256,256,256,256,True,0.220581,2,True
df2023_COCO_DF_S000B00000_00347364.jpg,256,256,256,256,True,0.145004,2,True
df2023_COCO_DF_S000B00000_00348659.jpg,256,256,256,256,True,0.119949,2,True
df2023_COCO_DF_S000B00000_00349214.jpg,256,256,256,256,True,0.166931,2,True
df2023_COCO_DF_S000B00000_00351218.jpg,256,256,256,256,True,0.147415,2,True
df2023_COCO_DF_S000B00000_00354289.jpg,256,256,256,256,True,0.07608,2,True
df2023_COCO_DF_S000B00000_00355648.jpg,256,256,256,256,True,0.294296,2,True
df2023_COCO_DF_S000B00000_00356082.jpg,256,256,256,256,True,0.18779,2,True
df2023_COCO_DF_S000B00000_00356261.jpg,256,256,256,256,True,0.061478,2,True
df2023_COCO_DF_S000B00000_00356587.jpg,256,256,256,256,True,0.308014,2,True
df2023_COCO_DF_S000B00000_00358930.jpg,256,256,256,256,True,0.301498,2,True
df2023_COCO_DF_S000B00000_00361138.jpg,256,256,256,256,True,0.207214,2,True
df2023_COCO_DF_S000B00000_00361913.jpg,256,256,256,256,True,0.168579,2,True
df2023_COCO_DF_S000B00000_00363322.jpg,256,256,256,256,True,0.069275,2,True
df2023_COCO_DF_S000B00000_00363928.jpg,256,256,256,256,True,0.086273,2,True
df2023_COCO_DF_S000B00000_00363957.jpg,256,256,256,256,True,0.153656,2,True
df2023_COCO_DF_S000B00000_00367269.jpg,256,256,256,256,True,0.071518,2,True
df2023_COCO_DF_S000B00000_00368164.jpg,256,256,256,256,True,0.163528,2,True
df2023_COCO_DF_S000B00000_00370248.jpg,256,256,256,256,True,0.099289,2,True
df2023_COCO_DF_S000B00000_00371029.jpg,256,256,256,256,True,0.358109,2,True
df2023_COCO_DF_S000B00000_00371280.jpg,256,256,256,256,True,0.337982,2,True
df2023_COCO_DF_S000B00000_00371827.jpg,256,256,256,256,True,0.163727,2,True
df2023_COCO_DF_S000B00000_00377072.jpg,256,256,256,256,True,0.201767,2,True
df2023_COCO_DF_S000B00000_00379016.jpg,256,256,256,256,True,0.314438,2,True
df2023_COCO_DF_S000B00000_00381965.jpg,256,256,256,256,True,0.186829,2,True
df2023_COCO_DF_S000B00000_00384332.jpg,256,256,256,256,True,0.309402,2,True
df2023_COCO_DF_S000B00000_00385699.jpg,256,256,256,256,True,0.149826,2,True
df2023_COCO_DF_S000B00000_00386622.jpg,256,256,256,256,True,0.156403,2,True
df2023_COCO_DF_S000B00000_00387233.jpg,256,256,256,256,True,0.396866,2,True
df2023_COCO_DF_S000B00000_00388402.jpg,256,256,256,256,True,0.328659,2,True
df2023_COCO_DF_S000B00000_00388977.jpg,256,256,256,256,True,0.374847,2,True
df2023_COCO_DF_S000B00000_00391793.jpg,256,256,256,256,True,0.197617,2,True
df2023_COCO_DF_S000B00000_00392468.jpg,256,256,256,256,True,0.143509,2,True
df2023_COCO_DF_S000B00000_00394626.jpg,256,256,256,256,True,0.344955,2,True
df2023_COCO_DF_S000B00000_00395200.jpg,256,256,256,256,True,0.122177,2,True
df2023_COCO_DF_S000B00000_00395753.jpg,256,256,256,256,True,0.06366,2,True
df2023_COCO_DF_S000B00000_00396167.jpg,256,256,256,256,True,0.142105,2,True
df2023_COCO_DF_S000B00000_00396810.jpg,256,256,256,256,True,0.335312,2,True
df2023_COCO_DF_S000B00000_00399156.jpg,256,256,256,256,True,0.126282,2,True
df2023_COCO_DF_S000B00000_00399817.jpg,256,256,256,256,True,0.163589,2,True
morphing_1.jpg_IN_78.tif,500,652,500,652,True,0.189144,17,False
morphing_10.jpg_IN_92.tif,500,652,500,652,True,0.177561,17,False
morphing_100.jpg_IN_122.tif,500,652,500,652,True,0.210387,16,False
morphing_100.jpg_IN_144.tif,500,652,500,652,True,0.221212,16,False
morphing_100.jpg_IN_199.tif,500,652,500,652,True,0.21469,16,False
morphing_100.jpg_IN_91.tif,500,652,500,652,True,0.164368,17,False
morphing_101.jpg_IN_147.tif,500,652,500,652,True,0.190248,16,False
morphing_101.jpg_IN_180.tif,500,652,500,652,True,0.207951,16,False
morphing_101.jpg_IN_83.tif,500,652,500,652,True,0.211994,16,False
morphing_102.jpg_IN_44.tif,500,652,500,652,True,0.199785,17,False
morphing_104.jpg_IN_189.tif,500,652,500,652,True,0.207813,16,False
morphing_104.jpg_IN_86.tif,500,652,500,652,True,0.215144,17,False
morphing_106.jpg_IN_66.tif,500,652,500,652,True,0.242552,16,False
morphing_107.jpg_IN_80.tif,500,652,500,652,True,0.219785,16,False
morphing_107.jpg_IN_99.tif,500,652,500,652,True,0.194411,16,False
morphing_108.jpg_IN_16.tif,500,652,500,652,True,0.239684,16,False
morphing_108.jpg_IN_174.tif,500,652,500,652,True,0.221248,16,False
morphing_108.jpg_IN_193.tif,500,652,500,652,True,0.211276,16,False
morphing_109.jpg_IN_112.tif,500,652,500,652,True,0.21316,18,False
morphing_109.jpg_IN_196.tif,500,652,500,652,True,0.219107,17,False
morphing_11.jpg_IN_109.tif,500,652,500,652,True,0.201847,16,False
morphing_11.jpg_IN_177.tif,500,652,500,652,True,0.225319,17,False
morphing_111.jpg_IN_187.tif,500,652,500,652,True,0.186702,16,False
morphing_111.jpg_IN_189.tif,500,652,500,652,True,0.207813,16,False
morphing_112.jpg_IN_124.tif,500,652,500,652,True,0.222184,16,False
morphing_112.jpg_IN_158.tif,500,652,500,652,True,0.235926,16,False
morphing_112.jpg_IN_184.tif,500,652,500,652,True,0.193209,16,False
morphing_112.jpg_IN_27.tif,500,652,500,652,True,0.201758,16,False
morphing_113.jpg_IN_15.tif,500,652,500,652,True,0.210567,16,False
morphing_113.jpg_IN_43.tif,500,652,500,652,True,0.198755,16,False
morphing_113.jpg_IN_74.tif,500,652,500,652,True,0.22769,16,False
morphing_115.jpg_IN_149.tif,500,652,500,652,True,0.215528,17,False
morphing_115.jpg_IN_23.tif,500,652,500,652,True,0.185206,16,False
morphing_115.jpg_IN_33.tif,500,652,500,652,True,0.216126,16,False
morphing_116.jpg_IN_175.tif,500,652,500,652,True,0.223071,16,False
morphing_118.jpg_IN_10.tif,500,652,500,652,True,0.181043,16,False
morphing_118.jpg_IN_15.tif,500,652,500,652,True,0.210567,16,False
morphing_119.jpg_IN_152.tif,500,652,500,652,True,0.19777,16,False
morphing_119.jpg_IN_52.tif,500,652,500,652,True,0.180715,16,False
morphing_119.jpg_IN_62.tif,500,652,500,652,True,0.248905,16,False
morphing_12.jpg_IN_131.tif,500,652,500,652,True,0.274328,16,False
morphing_12.jpg_IN_197.tif,500,652,500,652,True,0.198411,16,False
morphing_120.jpg_IN_66.tif,500,652,500,652,True,0.242552,16,False
morphing_120.jpg_IN_91.tif,500,652,500,652,True,0.164368,17,False
morphing_121.jpg_IN_160.tif,500,652,500,652,True,0.177439,16,False
morphing_121.jpg_IN_23.tif,500,652,500,652,True,0.185206,16,False
morphing_121.jpg_IN_52.tif,500,652,500,652,True,0.180715,16,False
morphing_122.jpg_IN_118.tif,500,652,500,652,True,0.206298,17,False
morphing_122.jpg_IN_121.tif,500,652,500,652,True,0.214868,16,False
morphing_122.jpg_IN_130.tif,500,652,500,652,True,0.234107,16,False
morphing_122.jpg_IN_139.tif,500,652,500,652,True,0.218015,16,False
morphing_122.jpg_IN_168.tif,500,652,500,652,True,0.198098,16,False
morphing_122.jpg_IN_4.tif,500,652,500,652,True,0.206684,16,False
morphing_122.jpg_IN_88.tif,500,652,500,652,True,0.237767,16,False
morphing_124.jpg_IN_178.tif,500,652,500,652,True,0.210202,16,False
morphing_125.jpg_IN_135.tif,500,652,500,652,True,0.20658,16,False
morphing_126.jpg_IN_178.tif,500,652,500,652,True,0.210202,16,False
morphing_126.jpg_IN_70.tif,500,652,500,652,True,0.26708,16,False
morphing_127.jpg_IN_162.tif,500,652,500,652,True,0.217899,16,False
morphing_127.jpg_IN_86.tif,500,652,500,652,True,0.215144,17,False
morphing_128.jpg_IN_127.tif,500,652,500,652,True,0.19254,17,False
morphing_128.jpg_IN_73.tif,500,652,500,652,True,0.233316,16,False
morphing_129.jpg_IN_108.tif,500,652,500,652,True,0.203485,16,False
morphing_129.jpg_IN_121.tif,500,652,500,652,True,0.214868,16,False
morphing_129.jpg_IN_160.tif,500,652,500,652,True,0.177439,16,False
morphing_13.jpg_IN_102.tif,500,652,500,652,True,0.23308,16,False
morphing_130.jpg_IN_113.tif,500,652,500,652,True,0.203917,16,False
morphing_131.jpg_IN_101.tif,500,652,500,652,True,0.213914,17,False
morphing_132.jpg_IN_190.tif,500,652,500,652,True,0.204518,16,False
morphing_133.jpg_IN_96.tif,500,652,500,652,True,0.243936,16,False
morphing_134.jpg_IN_120.tif,500,652,500,652,True,0.193773,16,False
morphing_134.jpg_IN_15.tif,500,652,500,652,True,0.210567,16,False
morphing_134.jpg_IN_74.tif,500,652,500,652,True,0.22769,16,False
morphing_135.jpg_IN_100.tif,500,652,500,652,True,0.199816,16,False
morphing_135.jpg_IN_21.tif,500,652,500,652,True,0.213089,16,False
morphing_136.jpg_IN_96.tif,500,652,500,652,True,0.243936,16,False
morphing_137.jpg_IN_101.tif,500,652,500,652,True,0.213914,17,False
morphing_137.jpg_IN_67.tif,500,652,500,652,True,0.195577,16,False
morphing_137.jpg_IN_85.tif,500,652,500,652,True,0.197475,16,False
morphing_137.jpg_IN_91.tif,500,652,500,652,True,0.164368,17,False
morphing_14.jpg_IN_150.tif,500,652,500,652,True,0.182684,17,False
morphing_14.jpg_IN_9.tif,500,652,500,652,True,0.286736,16,False
morphing_140.jpg_IN_13.tif,500,652,500,652,True,0.24277,16,False
morphing_140.jpg_IN_190.tif,500,652,500,652,True,0.204518,16,False
morphing_140.jpg_IN_40.tif,500,652,500,652,True,0.229328,16,False
morphing_140.jpg_IN_89.tif,500,652,500,652,True,0.273629,16,False
morphing_141.jpg_IN_143.tif,500,652,500,652,True,0.163264,16,False
morphing_141.jpg_IN_181.tif,500,652,500,652,True,0.228914,16,False
morphing_141.jpg_IN_60.tif,500,652,500,652,True,0.19592,16,False
morphing_143.jpg_IN_171.tif,500,652,500,652,True,0.188294,16,False
morphing_143.jpg_IN_21.tif,500,652,500,652,True,0.213089,16,False
morphing_143.jpg_IN_99.tif,500,652,500,652,True,0.194411,16,False
morphing_144.jpg_IN_128.tif,500,652,500,652,True,0.173126,16,False
morphing_144.jpg_IN_65.tif,500,652,500,652,True,0.261316,16,False
morphing_146.jpg_IN_169.tif,500,652,500,652,True,0.209785,16,False
morphing_147.jpg_IN_144.tif,500,652,500,652,True,0.221212,16,False
morphing_148.jpg_IN_168.tif,500,652,500,652,True,0.198098,16,False
morphing_148.jpg_IN_181.tif,500,652,500,652,True,0.228914,16,False
morphing_148.jpg_IN_49.tif,500,652,500,652,True,0.208202,17,False
morphing_148.jpg_IN_55.tif,500,652,500,652,True,0.20211,16,False
morphing_148.jpg_IN_61.tif,500,652,500,652,True,0.223101,16,False
morphing_149.jpg_IN_112.tif,500,652,500,652,True,0.21316,18,False
morphing_15.jpg_IN_137.tif,500,652,500,652,True,0.231773,17,False
morphing_15.jpg_IN_179.tif,500,652,500,652,True,0.197933,17,False
morphing_15.jpg_IN_37.tif,500,652,500,652,True,0.221908,17,False
morphing_150.jpg_IN_1.tif,500,652,500,652,True,0.215586,16,False
morphing_150.jpg_IN_24.tif,500,652,500,652,True,0.226374,16,False
morphing_150.jpg_IN_36.tif,500,652,500,652,True,0.187003,16,False
morphing_151.jpg_IN_10.tif,500,652,500,652,True,0.181043,16,False
morphing_151.jpg_IN_139.tif,500,652,500,652,True,0.218015,16,False
morphing_151.jpg_IN_182.tif,500,652,500,652,True,0.184064,16,False
morphing_151.jpg_IN_198.tif,500,652,500,652,True,0.198525,16,False
morphing_151.jpg_IN_7.tif,500,652,500,652,True,0.214868,16,False
morphing_152.jpg_IN_164.tif,500,652,500,652,True,0.246942,16,False
morphing_152.jpg_IN_186.tif,500,652,500,652,True,0.255755,16,False
morphing_152.jpg_IN_22.tif,500,652,500,652,True,0.212773,16,False
morphing_153.jpg_IN_117.tif,500,652,500,652,True,0.25435,15,False
morphing_153.jpg_IN_45.tif,500,652,500,652,True,0.204945,16,False
morphing_155.jpg_IN_187.tif,500,652,500,652,True,0.186702,16,False
morphing_156.jpg_IN_36.tif,500,652,500,652,True,0.187003,16,False
morphing_157.jpg_IN_147.tif,500,652,500,652,True,0.190248,16,False
morphing_157.jpg_IN_27.tif,500,652,500,652,True,0.201758,16,False
morphing_157.jpg_IN_52.tif,500,652,500,652,True,0.180715,16,False
morphing_159.jpg_IN_107.tif,500,652,500,652,True,0.184813,16,False
morphing_159.jpg_IN_97.tif,500,652,500,652,True,0.222169,16,False
morphing_160.jpg_IN_159.tif,500,652,500,652,True,0.232304,17,False
morphing_160.jpg_IN_169.tif,500,652,500,652,True,0.209785,16,False
morphing_160.jpg_IN_182.tif,500,652,500,652,True,0.184064,16,False
morphing_161.jpg_IN_136.tif,500,652,500,652,True,0.167319,16,False
morphing_161.jpg_IN_20.tif,500,652,500,652,True,0.203064,16,False
morphing_163.jpg_IN_198.tif,500,652,500,652,True,0.198525,16,False
morphing_165.jpg_IN_111.tif,500,652,500,652,True,0.213215,16,False
morphing_165.jpg_IN_112.tif,500,652,500,652,True,0.21316,18,False
morphing_165.jpg_IN_142.tif,500,652,500,652,True,0.228887,16,False
morphing_165.jpg_IN_155.tif,500,652,500,652,True,0.244506,16,False
morphing_165.jpg_IN_166.tif,500,652,500,652,True,0.246396,16,False
morphing_165.jpg_IN_33.tif,500,652,500,652,True,0.216126,16,False
morphing_166.jpg_IN_65.tif,500,652,500,652,True,0.261316,16,False
morphing_167.jpg_IN_194.tif,500,652,500,652,True,0.211819,16,False
morphing_168.jpg_IN_44.tif,500,652,500,652,True,0.199785,17,False
morphing_169.jpg_IN_127.tif,500,652,500,652,True,0.19254,17,False
morphing_169.jpg_IN_145.tif,500,652,500,652,True,0.181328,16,False
morphing_169.jpg_IN_74.tif,500,652,500,652,True,0.22769,16,False
morphing_17.jpg_IN_130.tif,500,652,500,652,True,0.234107,16,False
morphing_17.jpg_IN_191.tif,500,652,500,652,True,0.2425,16,False
morphing_17.jpg_IN_71.tif,500,652,500,652,True,0.198512,16,False
morphing_170.jpg_IN_130.tif,500,652,500,652,True,0.234107,16,False
morphing_170.jpg_IN_8.tif,500,652,500,652,True,0.17004,17,False
morphing_171.jpg_IN_12.tif,500,652,500,652,True,0.281138,17,False
morphing_171.jpg_IN_13.tif,500,652,500,652,True,0.24277,16,False
morphing_172.jpg_IN_105.tif,500,652,500,652,True,0.207046,16,False
morphing_172.jpg_IN_23.tif,500,652,500,652,True,0.185206,16,False
morphing_173.jpg_IN_195.tif,500,652,500,652,True,0.213798,17,False
morphing_174.jpg_IN_25.tif,500,652,500,652,True,0.249368,16,False
morphing_175.jpg_IN_179.tif,500,652,500,652,True,0.197933,17,False
morphing_175.jpg_IN_26.tif,500,652,500,652,True,0.193261,15,False
morphing_178.jpg_IN_196.tif,500,652,500,652,True,0.219107,17,False
morphing_18.jpg_IN_118.tif,500,652,500,652,True,0.206298,17,False
morphing_18.jpg_IN_192.tif,500,652,500,652,True,0.209457,17,False
morphing_18.jpg_IN_72.tif,500,652,500,652,True,0.246856,16,False
morphing_180.jpg_IN_114.tif,500,652,500,652,True,0.203957,16,False
morphing_180.jpg_IN_196.tif,500,652,500,652,True,0.219107,17,False
morphing_181.jpg_IN_168.tif,500,652,500,652,True,0.198098,16,False
morphing_182.jpg_IN_180.tif,500,652,500,652,True,0.207951,16,False
morphing_183.jpg_IN_159.tif,500,652,500,652,True,0.232304,17,False
morphing_185.jpg_IN_122.tif,500,652,500,652,True,0.210387,16,False
morphing_186.jpg_IN_128.tif,500,652,500,652,True,0.173126,16,False
morphing_186.jpg_IN_47.tif,500,652,500,652,True,0.217071,17,False
morphing_186.jpg_IN_71.tif,500,652,500,652,True,0.198512,16,False
morphing_187.jpg_IN_156.tif,500,652,500,652,True,0.230138,16,False
morphing_188.jpg_IN_10.tif,500,652,500,652,True,0.181043,16,False
morphing_188.jpg_IN_145.tif,500,652,500,652,True,0.181328,16,False
morphing_189.jpg_IN_61.tif,500,652,500,652,True,0.223101,16,False
morphing_19.jpg_IN_113.tif,500,652,500,652,True,0.203917,16,False
morphing_19.jpg_IN_132.tif,500,652,500,652,True,0.266788,16,False
morphing_19.jpg_IN_158.tif,500,652,500,652,True,0.235926,16,False
morphing_19.jpg_IN_32.tif,500,652,500,652,True,0.206328,16,False
morphing_19.jpg_IN_57.tif,500,652,500,652,True,0.228169,16,False
morphing_190.jpg_IN_55.tif,500,652,500,652,True,0.20211,16,False
morphing_191.jpg_IN_123.tif,500,652,500,652,True,0.20462,16,False
morphing_191.jpg_IN_148.tif,500,652,500,652,True,0.208537,16,False
morphing_193.jpg_IN_144.tif,500,652,500,652,True,0.221212,16,False
morphing_193.jpg_IN_96.tif,500,652,500,652,True,0.243936,16,False
morphing_194.jpg_IN_138.tif,500,652,500,652,True,0.19116,17,False
morphing_194.jpg_IN_21.tif,500,652,500,652,True,0.213089,16,False
morphing_194.jpg_IN_57.tif,500,652,500,652,True,0.228169,16,False
morphing_194.jpg_IN_75.tif,500,652,500,652,True,0.205034,16,False
morphing_195.jpg_IN_21.tif,500,652,500,652,True,0.213089,16,False
morphing_195.jpg_IN_27.tif,500,652,500,652,True,0.201758,16,False
morphing_195.jpg_IN_66.tif,500,652,500,652,True,0.242552,16,False
morphing_196.jpg_IN_20.tif,500,652,500,652,True,0.203064,16,False
morphing_197.jpg_IN_125.tif,500,652,500,652,True,0.214331,18,False
morphing_198.jpg_IN_31.tif,500,652,500,652,True,0.204865,17,False
morphing_198.jpg_IN_70.tif,500,652,500,652,True,0.26708,16,False
morphing_199.jpg_IN_76.tif,500,652,500,652,True,0.215822,16,False
morphing_2.jpg_IN_15.tif,500,652,500,652,True,0.210567,16,False
morphing_2.jpg_IN_22.tif,500,652,500,652,True,0.212773,16,False
morphing_20.jpg_IN_15.tif,500,652,500,652,True,0.210567,16,False
morphing_20.jpg_IN_179.tif,500,652,500,652,True,0.197933,17,False
morphing_21.jpg_IN_149.tif,500,652,500,652,True,0.215528,17,False
morphing_21.jpg_IN_49.tif,500,652,500,652,True,0.208202,17,False
morphing_21.jpg_IN_52.tif,500,652,500,652,True,0.180715,16,False
morphing_21.jpg_IN_63.tif,500,652,500,652,True,0.205638,16,False
morphing_21.jpg_IN_95.tif,500,652,500,652,True,0.196972,16,False
morphing_22.jpg_IN_186.tif,500,652,500,652,True,0.255755,16,False
morphing_22.jpg_IN_54.tif,500,652,500,652,True,0.237058,16,False
morphing_22.jpg_IN_85.tif,500,652,500,652,True,0.197475,16,False
morphing_23.jpg_IN_51.tif,500,652,500,652,True,0.270031,16,False
morphing_24.jpg_IN_43.tif,500,652,500,652,True,0.198755,16,False
morphing_25.jpg_IN_152.tif,500,652,500,652,True,0.19777,16,False
morphing_25.jpg_IN_163.tif,500,652,500,652,True,0.226807,16,False
morphing_26.jpg_IN_32.tif,500,652,500,652,True,0.206328,16,False
morphing_27.jpg_IN_108.tif,500,652,500,652,True,0.203485,16,False
morphing_27.jpg_IN_15.tif,500,652,500,652,True,0.210567,16,False
morphing_28.jpg_IN_142.tif,500,652,500,652,True,0.228887,16,False
morphing_28.jpg_IN_176.tif,500,652,500,652,True,0.185439,17,False
morphing_28.jpg_IN_191.tif,500,652,500,652,True,0.2425,16,False
morphing_28.jpg_IN_95.tif,500,652,500,652,True,0.196972,16,False
morphing_28.jpg_IN_98.tif,500,652,500,652,True,0.26162,15,False
morphing_3.jpg_IN_33.tif,500,652,500,652,True,0.216126,16,False
morphing_3.jpg_IN_61.tif,500,652,500,652,True,0.223101,16,False
morphing_3.jpg_IN_72.tif,500,652,500,652,True,0.246856,16,False
morphing_31.jpg_IN_147.tif,500,652,500,652,True,0.190248,16,False
morphing_31.jpg_IN_169.tif,500,652,500,652,True,0.209785,16,False
morphing_31.jpg_IN_43.tif,500,652,500,652,True,0.198755,16,False
morphing_31.jpg_IN_70.tif,500,652,500,652,True,0.26708,16,False
morphing_32.jpg_IN_139.tif,500,652,500,652,True,0.218015,16,False
morphing_32.jpg_IN_162.tif,500,652,500,652,True,0.217899,16,False
morphing_32.jpg_IN_38.tif,500,652,500,652,True,0.239715,17,False
morphing_32.jpg_IN_54.tif,500,652,500,652,True,0.237058,16,False
morphing_32.jpg_IN_6.tif,500,652,500,652,True,0.186058,16,False
morphing_32.jpg_IN_63.tif,500,652,500,652,True,0.205638,16,False
morphing_33.jpg_IN_19.tif,500,652,500,652,True,0.200656,16,False
morphing_34.jpg_IN_117.tif,500,652,500,652,True,0.25435,15,False
morphing_34.jpg_IN_172.tif,500,652,500,652,True,0.191135,16,False
morphing_34.jpg_IN_179.tif,500,652,500,652,True,0.197933,17,False
morphing_34.jpg_IN_188.tif,500,652,500,652,True,0.228917,16,False
morphing_36.jpg_IN_167.tif,500,652,500,652,True,0.21723,16,False
morphing_36.jpg_IN_97.tif,500,652,500,652,True,0.222169,16,False
morphing_37.jpg_IN_159.tif,500,652,500,652,True,0.232304,17,False
morphing_37.jpg_IN_179.tif,500,652,500,652,True,0.197933,17,False
morphing_37.jpg_IN_95.tif,500,652,500,652,True,0.196972,16,False
morphing_38.jpg_IN_125.tif,500,652,500,652,True,0.214331,18,False
morphing_38.jpg_IN_61.tif,500,652,500,652,True,0.223101,16,False
morphing_38.jpg_IN_97.tif,500,652,500,652,True,0.222169,16,False
morphing_39.jpg_IN_137.tif,500,652,500,652,True,0.231773,17,False
morphing_39.jpg_IN_23.tif,500,652,500,652,True,0.185206,16,False
morphing_4.jpg_IN_185.tif,500,652,500,652,True,0.201681,17,False
morphing_41.jpg_IN_128.tif,500,652,500,652,True,0.173126,16,False
morphing_41.jpg_IN_162.tif,500,652,500,652,True,0.217899,16,False
morphing_41.jpg_IN_197.tif,500,652,500,652,True,0.198411,16,False
morphing_42.jpg_IN_174.tif,500,652,500,652,True,0.221248,16,False
morphing_42.jpg_IN_194.tif,500,652,500,652,True,0.211819,16,False
morphing_42.jpg_IN_38.tif,500,652,500,652,True,0.239715,17,False
morphing_42.jpg_IN_84.tif,500,652,500,652,True,0.212172,17,False
morphing_43.jpg_IN_35.tif,500,652,500,652,True,0.18638,16,False
morphing_43.jpg_IN_51.tif,500,652,500,652,True,0.270031,16,False
morphing_43.jpg_IN_63.tif,500,652,500,652,True,0.205638,16,False
morphing_43.jpg_IN_85.tif,500,652,500,652,True,0.197475,16,False
morphing_44.jpg_IN_107.tif,500,652,500,652,True,0.184813,16,False
morphing_44.jpg_IN_114.tif,500,652,500,652,True,0.203957,16,False
morphing_44.jpg_IN_125.tif,500,652,500,652,True,0.214331,18,False
morphing_44.jpg_IN_167.tif,500,652,500,652,True,0.21723,16,False
morphing_45.jpg_IN_120.tif,500,652,500,652,True,0.193773,16,False
morphing_45.jpg_IN_173.tif,500,652,500,652,True,0.191663,17,False
morphing_45.jpg_IN_32.tif,500,652,500,652,True,0.206328,16,False
morphing_45.jpg_IN_66.tif,500,652,500,652,True,0.242552,16,False
morphing_46.jpg_IN_141.tif,500,652,500,652,True,0.213298,16,False
morphing_46.jpg_IN_186.tif,500,652,500,652,True,0.255755,16,False
morphing_46.jpg_IN_74.tif,500,652,500,652,True,0.22769,16,False
morphing_47.jpg_IN_153.tif,500,652,500,652,True,0.195258,16,False
morphing_48.jpg_IN_199.tif,500,652,500,652,True,0.21469,16,False
morphing_49.jpg_IN_3.tif,500,652,500,652,True,0.189831,17,False
morphing_5.jpg_IN_52.tif,500,652,500,652,True,0.180715,16,False
morphing_5.jpg_IN_67.tif,500,652,500,652,True,0.195577,16,False
morphing_5.jpg_IN_8.tif,500,652,500,652,True,0.17004,17,False
morphing_50.jpg_IN_143.tif,500,652,500,652,True,0.163264,16,False
morphing_51.jpg_IN_139.tif,500,652,500,652,True,0.218015,16,False
morphing_52.jpg_IN_177.tif,500,652,500,652,True,0.225319,17,False
morphing_52.jpg_IN_53.tif,500,652,500,652,True,0.218494,16,False
morphing_53.jpg_IN_186.tif,500,652,500,652,True,0.255755,16,False
morphing_53.jpg_IN_192.tif,500,652,500,652,True,0.209457,17,False
morphing_53.jpg_IN_84.tif,500,652,500,652,True,0.212172,17,False
morphing_54.jpg_IN_29.tif,500,652,500,652,True,0.203706,16,False
morphing_55.jpg_IN_163.tif,500,652,500,652,True,0.226807,16,False
morphing_55.jpg_IN_93.tif,500,652,500,652,True,0.219261,16,False
morphing_56.jpg_IN_139.tif,500,652,500,652,True,0.218015,16,False
morphing_56.jpg_IN_5.tif,500,652,500,652,True,0.18412,15,False
morphing_56.jpg_IN_94.tif,500,652,500,652,True,0.219979,16,False
morphing_57.jpg_IN_173.tif,500,652,500,652,True,0.191663,17,False
morphing_57.jpg_IN_189.tif,500,652,500,652,True,0.207813,16,False
morphing_57.jpg_IN_59.tif,500,652,500,652,True,0.206549,17,False
morphing_59.jpg_IN_153.tif,500,652,500,652,True,0.195258,16,False
morphing_59.jpg_IN_162.tif,500,652,500,652,True,0.217899,16,False
morphing_59.jpg_IN_75.tif,500,652,500,652,True,0.205034,16,False
morphing_60.jpg_IN_126.tif,500,652,500,652,True,0.192316,16,False
morphing_60.jpg_IN_197.tif,500,652,500,652,True,0.198411,16,False
morphing_60.jpg_IN_36.tif,500,652,500,652,True,0.187003,16,False
morphing_60.jpg_IN_73.tif,500,652,500,652,True,0.233316,16,False
morphing_60.jpg_IN_85.tif,500,652,500,652,True,0.197475,16,False
morphing_61.jpg_IN_115.tif,500,652,500,652,True,0.208331,17,False
morphing_62.jpg_IN_12.tif,500,652,500,652,True,0.281138,17,False
morphing_63.jpg_IN_35.tif,500,652,500,652,True,0.18638,16,False
morphing_63.jpg_IN_68.tif,500,652,500,652,True,0.22292,16,False
morphing_64.jpg_IN_113.tif,500,652,500,652,True,0.203917,16,False
morphing_64.jpg_IN_15.tif,500,652,500,652,True,0.210567,16,False
morphing_65.jpg_IN_193.tif,500,652,500,652,True,0.211276,16,False
morphing_65.jpg_IN_32.tif,500,652,500,652,True,0.206328,16,False
morphing_65.jpg_IN_61.tif,500,652,500,652,True,0.223101,16,False
morphing_66.jpg_IN_151.tif,500,652,500,652,True,0.243871,16,False
morphing_66.jpg_IN_55.tif,500,652,500,652,True,0.20211,16,False
morphing_67.jpg_IN_155.tif,500,652,500,652,True,0.244506,16,False
morphing_67.jpg_IN_60.tif,500,652,500,652,True,0.19592,16,False
morphing_68.jpg_IN_62.tif,500,652,500,652,True,0.248905,16,False
morphing_69.jpg_IN_169.tif,500,652,500,652,True,0.209785,16,False
morphing_70.jpg_IN_125.tif,500,652,500,652,True,0.214331,18,False
morphing_70.jpg_IN_21.tif,500,652,500,652,True,0.213089,16,False
morphing_71.jpg_IN_151.tif,500,652,500,652,True,0.243871,16,False
morphing_71.jpg_IN_70.tif,500,652,500,652,True,0.26708,16,False
morphing_73.jpg_IN_155.tif,500,652,500,652,True,0.244506,16,False
morphing_74.jpg_IN_177.tif,500,652,500,652,True,0.225319,17,False
morphing_75.jpg_IN_169.tif,500,652,500,652,True,0.209785,16,False
morphing_75.jpg_IN_194.tif,500,652,500,652,True,0.211819,16,False
morphing_75.jpg_IN_55.tif,500,652,500,652,True,0.20211,16,False
morphing_76.jpg_IN_52.tif,500,652,500,652,True,0.180715,16,False
morphing_76.jpg_IN_58.tif,500,652,500,652,True,0.211156,16,False
morphing_77.jpg_IN_125.tif,500,652,500,652,True,0.214331,18,False
morphing_77.jpg_IN_88.tif,500,652,500,652,True,0.237767,16,False
morphing_78.jpg_IN_119.tif,500,652,500,652,True,0.202926,16,False
morphing_78.jpg_IN_130.tif,500,652,500,652,True,0.234107,16,False
morphing_78.jpg_IN_150.tif,500,652,500,652,True,0.182684,17,False
morphing_78.jpg_IN_60.tif,500,652,500,652,True,0.19592,16,False
morphing_79.jpg_IN_108.tif,500,652,500,652,True,0.203485,16,False
morphing_79.jpg_IN_187.tif,500,652,500,652,True,0.186702,16,False
morphing_79.jpg_IN_2.tif,500,652,500,652,True,0.21485,16,False
morphing_79.jpg_IN_6.tif,500,652,500,652,True,0.186058,16,False
morphing_8.jpg_IN_163.tif,500,652,500,652,True,0.226807,16,False
morphing_8.jpg_IN_69.tif,500,652,500,652,True,0.226893,16,False
morphing_8.jpg_IN_87.tif,500,652,500,652,True,0.204123,16,False
morphing_80.jpg_IN_38.tif,500,652,500,652,True,0.239715,17,False
morphing_83.jpg_IN_36.tif,500,652,500,652,True,0.187003,16,False
morphing_84.jpg_IN_86.tif,500,652,500,652,True,0.215144,17,False
morphing_85.jpg_IN_16.tif,500,652,500,652,True,0.239684,16,False
morphing_85.jpg_IN_192.tif,500,652,500,652,True,0.209457,17,False
morphing_86.jpg_IN_74.tif,500,652,500,652,True,0.22769,16,False
morphing_87.jpg_IN_175.tif,500,652,500,652,True,0.223071,16,False
morphing_87.jpg_IN_28.tif,500,652,500,652,True,0.20823,17,False
morphing_87.jpg_IN_6.tif,500,652,500,652,True,0.186058,16,False
morphing_88.jpg_IN_105.tif,500,652,500,652,True,0.207046,16,False
morphing_88.jpg_IN_122.tif,500,652,500,652,True,0.210387,16,False
morphing_88.jpg_IN_66.tif,500,652,500,652,True,0.242552,16,False
morphing_89.jpg_IN_12.tif,500,652,500,652,True,0.281138,17,False
morphing_90.jpg_IN_49.tif,500,652,500,652,True,0.208202,17,False
morphing_90.jpg_IN_7.tif,500,652,500,652,True,0.214868,16,False
morphing_91.jpg_IN_112.tif,500,652,500,652,True,0.21316,18,False
morphing_91.jpg_IN_13.tif,500,652,500,652,True,0.24277,16,False
morphing_91.jpg_IN_15.tif,500,652,500,652,True,0.210567,16,False
morphing_91.jpg_IN_34.tif,500,652,500,652,True,0.218782,16,False
morphing_92.jpg_IN_101.tif,500,652,500,652,True,0.213914,17,False
morphing_92.jpg_IN_65.tif,500,652,500,652,True,0.261316,16,False
morphing_92.jpg_IN_75.tif,500,652,500,652,True,0.205034,16,False
morphing_93.jpg_IN_127.tif,500,652,500,652,True,0.19254,17,False
morphing_93.jpg_IN_133.tif,500,652,500,652,True,0.209564,16,False
morphing_93.jpg_IN_161.tif,500,652,500,652,True,0.247847,17,False
morphing_94.jpg_IN_80.tif,500,652,500,652,True,0.219785,16,False
morphing_95.jpg_IN_152.tif,500,652,500,652,True,0.19777,16,False
morphing_95.jpg_IN_177.tif,500,652,500,652,True,0.225319,17,False
morphing_96.jpg_IN_11.tif,500,652,500,652,True,0.203006,16,False
morphing_96.jpg_IN_172.tif,500,652,500,652,True,0.191135,16,False
morphing_96.jpg_IN_18.tif,500,652,500,652,True,0.218779,16,False
morphing_97.jpg_IN_114.tif,500,652,500,652,True,0.203957,16,False
morphing_97.jpg_IN_140.tif,500,652,500,652,True,0.234933,16,False
morphing_97.jpg_IN_188.tif,500,652,500,652,True,0.228917,16,False
morphing_98.jpg_IN_45.tif,500,652,500,652,True,0.204945,16,False
morphing_99.jpg_IN_53.tif,500,652,500,652,True,0.218494,16,False
RAISE_1006_heavy.png,1248,832,1248,832,True,0.055307,2,True
RAISE_1010_remove.png,1248,832,1248,832,True,0.003951,2,True
RAISE_1020_remove.png,1248,832,1248,832,True,0.016857,2,True
RAISE_1071_add.png,1248,832,1248,832,True,0.04771,2,True
RAISE_125_modify.png,1248,832,1248,832,True,0.040374,2,True
RAISE_1310_remove.png,832,1248,832,1248,True,0.001624,2,True
RAISE_1371_remove.png,832,1248,832,1248,True,0.025271,2,True
RAISE_1403_remove.png,1248,832,1248,832,True,0.024115,2,True
RAISE_1454_remove.png,1248,832,1248,832,True,0.121602,2,True
RAISE_1562_heavy.png,1248,832,1248,832,True,0.863578,2,True
RAISE_1562_remove.png,1248,832,1248,832,True,0.232505,2,True
RAISE_1640_modify.png,1248,832,1248,832,True,0.123009,2,True
RAISE_1748_heavy.png,1248,832,1248,832,True,0.772629,2,True
RAISE_1755_modify.png,832,1248,832,1248,True,0.039443,2,True
RAISE_1755_remove.png,832,1248,832,1248,True,0.178617,2,True
RAISE_1790_add.png,1248,832,1248,832,True,0.019185,2,True
RAISE_1795_add.png,1248,832,1248,832,True,0.069355,2,True
RAISE_1818_modify.png,1248,832,1248,832,True,0.633062,2,True
RAISE_1911_add.png,1248,832,1248,832,True,0.00835,2,True
RAISE_1911_modify.png,1248,832,1248,832,True,0.083026,2,True
RAISE_1942_remove.png,1248,832,1248,832,True,0.03985,2,True
RAISE_1955_remove.png,1248,832,1248,832,True,0.148232,2,True
RAISE_2118_add.png,1248,832,1248,832,True,0.011581,2,True
RAISE_2134_modify.png,1248,832,1248,832,True,0.129698,2,True
RAISE_2198_heavy.png,832,1248,832,1248,True,0.242614,2,True
RAISE_2331_add.png,832,1248,832,1248,True,0.118272,2,True
RAISE_2347_heavy.png,832,1248,832,1248,True,0.213628,2,True
RAISE_2409_modify.png,1248,832,1248,832,True,0.401456,2,True
RAISE_2439_add.png,1248,832,1248,832,True,0.073771,2,True
RAISE_245_heavy.png,1248,832,1248,832,True,0.411474,2,True
RAISE_2553_remove.png,832,1248,832,1248,True,0.321233,2,True
RAISE_2568_heavy.png,832,1248,832,1248,True,0.036994,2,True
RAISE_2677_modify.png,1248,832,1248,832,True,0.007995,2,True
RAISE_271_modify.png,1248,832,1248,832,True,0.024151,2,True
RAISE_271_remove.png,1248,832,1248,832,True,0.182268,2,True
RAISE_2740_heavy.png,1248,832,1248,832,True,0.307321,2,True
RAISE_2809_add.png,1248,832,1248,832,True,0.010138,2,True
RAISE_2817_add.png,832,1248,832,1248,True,0.036689,2,True
RAISE_2961_modify.png,1248,832,1248,832,True,0.439472,2,True
RAISE_3000_remove.png,832,1248,832,1248,True,0.003513,2,True
RAISE_3034_modify.png,1248,832,1248,832,True,0.008321,2,True
RAISE_3121_heavy.png,832,1248,832,1248,True,0.093446,2,True
RAISE_3121_remove.png,832,1248,832,1248,True,0.148133,2,True
RAISE_3122_heavy.png,832,1248,832,1248,True,0.078844,2,True
RAISE_3128_remove.png,1248,832,1248,832,True,0.080614,2,True
RAISE_3146_modify.png,1248,832,1248,832,True,0.011557,2,True
RAISE_3276_heavy.png,832,1248,832,1248,True,0.39251,2,True
RAISE_3363_add.png,832,1248,832,1248,True,0.013782,2,True
RAISE_3363_remove.png,832,1248,832,1248,True,0.091752,2,True
RAISE_338_add.png,1248,832,1248,832,True,0.007341,2,True
RAISE_3441_modify.png,1248,832,1248,832,True,0.236161,2,True
RAISE_352_remove.png,832,1248,832,1248,True,0.074717,2,True
RAISE_3540_add.png,1248,832,1248,832,True,0.004683,2,True
RAISE_355_heavy.png,1248,832,1248,832,True,0.019365,2,True
RAISE_355_remove.png,1248,832,1248,832,True,0.027214,2,True
RAISE_3563_modify.png,1248,832,1248,832,True,0.05327,2,True
RAISE_3573_modify.png,1248,832,1248,832,True,0.091919,2,True
RAISE_3577_heavy.png,1248,832,1248,832,True,0.033538,2,True
RAISE_3577_remove.png,1248,832,1248,832,True,0.005376,2,True
RAISE_3621_remove.png,832,1248,832,1248,True,0.077853,2,True
RAISE_3635_remove.png,1248,832,1248,832,True,0.021747,2,True
RAISE_3638_add.png,832,1248,832,1248,True,0.183804,2,True
RAISE_3675_add.png,1248,832,1248,832,True,0.026559,2,True
RAISE_3776_modify.png,832,1248,832,1248,True,0.155585,2,True
RAISE_3786_heavy.png,1248,832,1248,832,True,0.067479,2,True
RAISE_3828_modify.png,1248,832,1248,832,True,0.561828,2,True
RAISE_3847_modify.png,1248,832,1248,832,True,0.062655,2,True
RAISE_3874_heavy.png,1248,832,1248,832,True,0.089459,2,True
RAISE_3902_heavy.png,832,1248,832,1248,True,0.18154,2,True
RAISE_4018_heavy.png,1248,832,1248,832,True,0.066183,2,True
RAISE_4044_remove.png,832,1248,832,1248,True,0.046589,2,True
RAISE_4046_add.png,1248,832,1248,832,True,0.009587,2,True
RAISE_4248_add.png,1248,832,1248,832,True,0.089261,2,True
RAISE_4291_add.png,832,1248,832,1248,True,0.012303,2,True
RAISE_4474_modify.png,832,1248,832,1248,True,0.14258,2,True
RAISE_4478_modify.png,1248,832,1248,832,True,0.18383,2,True
RAISE_4480_modify.png,832,1248,832,1248,True,0.043636,2,True
RAISE_452_remove.png,1248,832,1248,832,True,0.011226,2,True
RAISE_4605_modify.png,1248,832,1248,832,True,0.086603,2,True
RAISE_4638_add.png,1248,832,1248,832,True,0.030849,2,True
RAISE_4638_heavy.png,1248,832,1248,832,True,0.116236,2,True
RAISE_4655_modify.png,1248,832,1248,832,True,0.017682,2,True
RAISE_4679_modify.png,1248,832,1248,832,True,0.096554,2,True
RAISE_4708_modify.png,1248,832,1248,832,True,0.07293,2,True
RAISE_4715_remove.png,1248,832,1248,832,True,0.246422,2,True
RAISE_4849_add.png,1248,832,1248,832,True,0.024299,2,True
RAISE_4869_add.png,1248,832,1248,832,True,0.016319,2,True
RAISE_5020_add.png,1248,832,1248,832,True,0.067449,2,True
RAISE_5026_heavy.png,832,1248,832,1248,True,0.039236,2,True
RAISE_5035_remove.png,1248,832,1248,832,True,0.12051,2,True
RAISE_5088_heavy.png,832,1248,832,1248,True,0.163955,2,True
RAISE_5126_modify.png,832,1248,832,1248,True,0.430997,2,True
RAISE_513_heavy.png,832,1248,832,1248,True,0.059955,2,True
RAISE_5155_modify.png,1248,832,1248,832,True,0.038875,2,True
RAISE_5164_add.png,1248,832,1248,832,True,0.019275,2,True
RAISE_523_remove.png,1248,832,1248,832,True,0.021603,2,True
RAISE_5299_heavy.png,1248,832,1248,832,True,0.045977,2,True
RAISE_533_remove.png,1248,832,1248,832,True,0.019409,2,True
RAISE_5365_modify.png,832,1248,832,1248,True,0.521773,2,True
RAISE_540_heavy.png,832,1248,832,1248,True,0.065444,2,True
RAISE_5422_modify.png,1248,832,1248,832,True,0.053627,2,True
RAISE_5429_heavy.png,1248,832,1248,832,True,0.125812,2,True
RAISE_5504_remove.png,1248,832,1248,832,True,0.000669,2,True
RAISE_5518_add.png,1248,832,1248,832,True,0.034633,2,True
RAISE_5534_heavy.png,1248,832,1248,832,True,0.200555,2,True
RAISE_5551_remove.png,832,1248,832,1248,True,0.08711,2,True
RAISE_5552_remove.png,832,1248,832,1248,True,0.019659,2,True
RAISE_5596_add.png,1248,832,1248,832,True,0.012494,2,True
RAISE_5622_add.png,1248,832,1248,832,True,0.037839,2,True
RAISE_562_heavy.png,832,1248,832,1248,True,0.182604,2,True
RAISE_5687_remove.png,1248,832,1248,832,True,0.010573,2,True
RAISE_5718_heavy.png,1248,832,1248,832,True,0.095589,2,True
RAISE_5725_modify.png,1248,832,1248,832,True,0.085031,2,True
RAISE_5734_add.png,1248,832,1248,832,True,0.021272,2,True
RAISE_5743_remove.png,1248,832,1248,832,True,0.030043,2,True
RAISE_5887_heavy.png,1248,832,1248,832,True,0.056115,2,True
RAISE_5904_modify.png,1248,832,1248,832,True,0.111288,2,True
RAISE_5968_modify.png,1248,832,1248,832,True,0.069247,2,True
RAISE_5970_modify.png,832,1248,832,1248,True,0.013114,2,True
RAISE_5998_heavy.png,1248,832,1248,832,True,0.078098,2,True
RAISE_6265_add.png,832,1248,832,1248,True,0.031351,2,True
RAISE_6287_modify.png,832,1248,832,1248,True,0.6307,2,True
RAISE_629_remove.png,1248,832,1248,832,True,0.010257,2,True
RAISE_6422_remove.png,1248,832,1248,832,True,0.06392,2,True
RAISE_6432_heavy.png,1248,832,1248,832,True,0.660293,2,True
RAISE_6482_modify.png,1248,832,1248,832,True,0.121293,2,True
RAISE_6485_modify.png,1248,832,1248,832,True,0.184261,2,True
RAISE_6566_modify.png,1248,832,1248,832,True,0.007014,2,True
RAISE_6576_modify.png,1248,832,1248,832,True,0.146208,2,True
RAISE_65_remove.png,1248,832,1248,832,True,0.008634,2,True
RAISE_6723_heavy.png,1248,832,1248,832,True,0.266158,2,True
RAISE_6762_remove.png,1248,832,1248,832,True,0.183911,2,True
RAISE_6836_remove.png,1248,832,1248,832,True,0.00694,2,True
RAISE_6870_heavy.png,1248,832,1248,832,True,0.259543,2,True
RAISE_6870_remove.png,1248,832,1248,832,True,0.146816,2,True
RAISE_68_remove.png,1248,832,1248,832,True,0.065579,2,True
RAISE_6934_remove.png,1248,832,1248,832,True,0.03041,2,True
RAISE_6979_remove.png,1248,832,1248,832,True,0.001702,2,True
RAISE_698_add.png,1248,832,1248,832,True,0.026838,2,True
RAISE_6999_modify.png,1248,832,1248,832,True,0.248578,2,True
RAISE_7075_modify.png,1248,832,1248,832,True,0.431559,2,True
RAISE_7162_modify.png,1248,832,1248,832,True,0.260884,2,True
RAISE_7201_modify.png,1248,832,1248,832,True,0.323563,2,True
RAISE_7212_add.png,1248,832,1248,832,True,0.021716,2,True
RAISE_7289_heavy.png,1248,832,1248,832,True,0.527974,2,True
RAISE_7334_heavy.png,1248,832,1248,832,True,0.000693,2,True
RAISE_7364_heavy.png,1248,832,1248,832,True,0.156137,2,True
RAISE_7364_modify.png,1248,832,1248,832,True,0.021701,2,True
RAISE_7494_remove.png,1248,832,1248,832,True,0.068675,2,True
RAISE_7518_heavy.png,1248,832,1248,832,True,0.417196,2,True
RAISE_7518_remove.png,1248,832,1248,832,True,0.343343,2,True
RAISE_7559_remove.png,1248,832,1248,832,True,0.008999,2,True
RAISE_7560_add.png,1248,832,1248,832,True,0.07135,2,True
RAISE_7699_modify.png,832,1248,832,1248,True,0.223714,2,True
RAISE_7819_add.png,1248,832,1248,832,True,0.023891,2,True
RAISE_7828_modify.png,1248,832,1248,832,True,0.452899,2,True
RAISE_7839_add.png,1248,832,1248,832,True,0.01147,2,True
RAISE_7988_add.png,1248,832,1248,832,True,0.052652,2,True
RAISE_8022_modify.png,832,1248,832,1248,True,0.025473,2,True
RAISE_810_heavy.png,1248,832,1248,832,True,0.158714,2,True
RAISE_8144_remove.png,1248,832,1248,832,True,0.027261,2,True
RAISE_824_remove.png,832,1248,832,1248,True,0.108183,2,True
RAISE_832_heavy.png,832,1248,832,1248,True,0.169424,2,True
RAISE_900_heavy.png,1248,832,1248,832,True,0.520483,2,True
RAISE_923_heavy.png,832,1248,832,1248,True,0.764476,2,True
RAISE_923_remove.png,832,1248,832,1248,True,0.014256,2,True
splicing_10007_000000289767.tif,500,375,500,375,True,0.002373,13,False
splicing_10011_000000284582.tif,640,480,640,480,True,0.007835,16,False
splicing_10020_000000314480.tif,640,450,640,450,True,0.01083,14,False
splicing_10020_000000379115.tif,427,640,427,640,True,0.00191,14,False
splicing_10038_000000491467.tif,480,640,480,640,True,0.000397,11,False
splicing_1003_000000447623.tif,640,427,640,427,True,0.023481,14,False
splicing_10040_000000523564.tif,640,428,640,428,True,0.001121,11,False
splicing_10048_000000008095.tif,488,640,488,640,True,0.010099,15,False
splicing_10056_000000273230.tif,480,640,480,640,True,0.013177,14,False
splicing_10057_000000547528.tif,480,640,480,640,True,0.016266,14,False
splicing_10085_000000034882.tif,456,640,456,640,True,0.003221,13,False
splicing_10105_000000374947.tif,640,456,640,456,True,0.223235,16,False
splicing_10109_000000126054.tif,640,480,640,480,True,0.001901,14,False
splicing_10142_000000030267.tif,640,434,640,434,True,0.001912,11,False
splicing_10146_000000013040.tif,333,500,333,500,True,0.022396,15,False
splicing_10157_000000454232.tif,640,358,640,358,True,0.054347,15,False
splicing_10173_000000510871.tif,427,640,427,640,True,0.001581,13,False
splicing_10176_000000192594.tif,640,426,640,426,True,0.000433,11,False
splicing_1018_000000208147.tif,375,500,375,500,True,0.005899,14,False
splicing_10221_000000209610.tif,640,440,640,440,True,0.000369,13,False
splicing_10227_000000373415.tif,640,480,640,480,True,8.1e-05,10,False
splicing_10235_000000499239.tif,640,425,640,425,True,0.012004,15,False
splicing_10249_000000550303.tif,640,427,640,427,True,0.002712,14,False
splicing_1024_000000066483.tif,640,424,640,424,True,0.001942,14,False
splicing_10251_000000278506.tif,640,426,640,426,True,0.00998,13,False
splicing_10256_000000293666.tif,640,427,640,427,True,0.066935,16,False
splicing_10260_000000579859.tif,413,640,413,640,True,0.007404,15,False
splicing_10264_000000482177.tif,640,360,640,360,True,0.001571,13,False
splicing_10265_000000478783.tif,640,299,640,299,True,0.012949,14,False
splicing_10292_000000030646.tif,640,426,640,426,True,0.038648,15,False
splicing_10296_000000351369.tif,640,427,640,427,True,0.000523,11,False
splicing_10312_000000099184.tif,640,480,640,480,True,0.003561,14,False
splicing_10324_000000149060.tif,640,359,640,359,True,0.000918,14,False
splicing_10357_000000247072.tif,500,475,500,475,True,0.015587,14,False
splicing_10369_000000242139.tif,480,640,480,640,True,0.003301,12,False
splicing_10398_000000249936.tif,640,427,640,427,True,0.292714,16,False
splicing_10399_000000093789.tif,640,427,640,427,True,0.001961,13,False
splicing_1042_000000026895.tif,500,375,500,375,True,0.008949,13,False
splicing_10443_000000454857.tif,640,480,640,480,True,0.005553,14,False
splicing_10447_000000074343.tif,640,426,640,426,True,0.029831,16,False
splicing_10455_000000112228.tif,640,480,640,480,True,0.009714,15,False
splicing_10456_000000085155.tif,640,427,640,427,True,0.002631,13,False
splicing_10466_000000206221.tif,640,427,640,427,True,0.003509,14,False
splicing_10467_000000255112.tif,457,640,457,640,True,0.008578,15,False
splicing_10482_000000443634.tif,640,640,640,640,True,0.009424,15,False
splicing_10492_000000274734.tif,640,383,640,383,True,0.007413,15,False
splicing_10494_000000132394.tif,640,524,640,524,True,0.017563,14,False
splicing_10528_000000087581.tif,640,427,640,427,True,0.000553,11,False
splicing_10533_000000423990.tif,640,480,640,480,True,0.119076,16,False
splicing_10536_000000250953.tif,640,480,640,480,True,0.001279,12,False
splicing_10546_000000175020.tif,640,480,640,480,True,0.000508,12,False
splicing_10556_000000293166.tif,640,468,640,468,True,0.015548,16,False
splicing_10558_000000476585.tif,640,360,640,360,True,0.002986,13,False
splicing_10591_000000106851.tif,640,387,640,387,True,0.002661,13,False
splicing_10597_000000427343.tif,640,433,640,433,True,0.004312,15,False
splicing_1059_000000384424.tif,401,640,401,640,True,0.005529,15,False
splicing_10601_000000228464.tif,640,480,640,480,True,0.015309,14,False
splicing_10614_000000004463.tif,640,480,640,480,True,0.001585,13,False
splicing_1061_000000471483.tif,640,480,640,480,True,0.006725,16,False
splicing_10659_000000092096.tif,418,640,418,640,True,0.003368,13,False
splicing_10669_000000289855.tif,427,640,427,640,True,0.010447,15,False
splicing_10669_000000335925.tif,426,640,426,640,True,0.007596,14,False
splicing_10678_000000078550.tif,640,427,640,427,True,0.000388,12,False
splicing_10689_000000490291.tif,429,640,429,640,True,0.018408,15,False
splicing_10690_000000268750.tif,640,359,640,359,True,0.353869,16,False
splicing_10706_000000371960.tif,640,431,640,431,True,0.015516,15,False
splicing_10710_000000030668.tif,640,427,640,427,True,0.001573,14,False
splicing_10712_000000297859.tif,640,480,640,480,True,0.001514,14,False
splicing_10713_000000141952.tif,375,500,375,500,True,0.001547,13,False
splicing_10731_000000293784.tif,640,446,640,446,True,0.003826,14,False
splicing_10742_000000315620.tif,640,426,640,426,True,0.020584,16,False
splicing_10745_000000540885.tif,640,480,640,480,True,0.001569,13,False
splicing_10761_000000099942.tif,640,426,640,426,True,0.016905,14,False
splicing_10769_000000090820.tif,640,432,640,432,True,0.007194,16,False
splicing_10777_000000101588.tif,480,640,480,640,True,0.049287,16,False
splicing_10798_000000281829.tif,640,426,640,426,True,0.001485,12,False
splicing_10828_000000139339.tif,640,478,640,478,True,0.001098,14,False
splicing_10851_000000231341.tif,640,424,640,424,True,0.00045,11,False
splicing_10853_000000132515.tif,640,480,640,480,True,0.008883,14,False
splicing_10863_000000194299.tif,516,640,516,640,True,0.006635,14,False
splicing_1086_000000154727.tif,640,313,640,313,True,0.039447,16,False
splicing_10875_000000169330.tif,640,480,640,480,True,0.103923,16,False
splicing_1088_000000109971.tif,500,394,500,394,True,0.001599,14,False
splicing_10894_000000069536.tif,640,480,640,480,True,0.059557,16,False
splicing_10898_000000379620.tif,640,480,640,480,True,0.064232,15,False
splicing_10899_000000335479.tif,480,640,480,640,True,0.001227,12,False
splicing_10911_000000007567.tif,640,463,640,463,True,0.007701,15,False
splicing_1100_000000140340.tif,640,480,640,480,True,0.022754,16,False
splicing_11018_000000158486.tif,640,428,640,428,True,0.01296,16,False
splicing_11025_000000403500.tif,640,480,640,480,True,0.009368,15,False
splicing_11034_000000059489.tif,640,425,640,425,True,0.001279,13,False
splicing_11043_000000478518.tif,375,500,375,500,True,0.055371,16,False
splicing_11053_000000531369.tif,640,427,640,427,True,0.001244,12,False
splicing_1105_000000389672.tif,612,612,612,612,True,0.006907,15,False
splicing_11060_000000525039.tif,640,480,640,480,True,0.003932,14,False
splicing_11087_000000268356.tif,640,425,640,425,True,0.007471,16,False
splicing_11090_000000223545.tif,640,263,640,263,True,0.009351,15,False
splicing_11103_000000281625.tif,480,640,480,640,True,0.006107,14,False
splicing_11114_000000336770.tif,640,367,640,367,True,0.003151,12,False
splicing_11135_000000084295.tif,640,480,640,480,True,0.010316,15,False
splicing_1114_000000064009.tif,424,640,424,640,True,0.01156,16,False
splicing_11157_000000294587.tif,640,377,640,377,True,0.032481,16,False
splicing_11160_000000428447.tif,519,640,519,640,True,0.008354,14,False
splicing_11187_000000337427.tif,640,480,640,480,True,0.00484,15,False
splicing_11195_000000433568.tif,640,426,640,426,True,0.028334,16,False
splicing_11200_000000555365.tif,480,640,480,640,True,0.008991,13,False
splicing_11206_000000187642.tif,640,427,640,427,True,0.002433,15,False
splicing_11226_000000295257.tif,640,480,640,480,True,0.010133,13,False
splicing_11242_000000203304.tif,640,480,640,480,True,0.000869,13,False
splicing_11242_000000396762.tif,640,471,640,471,True,0.000849,13,False
splicing_11289_000000072564.tif,640,427,640,427,True,0.003828,13,False
splicing_11289_000000286998.tif,640,480,640,480,True,0.001003,10,False
splicing_1128_000000039926.tif,480,640,480,640,True,0.090335,16,False
splicing_11291_000000061326.tif,500,400,500,400,True,0.525175,15,False
splicing_11293_000000347051.tif,500,375,500,375,True,0.003621,13,False
splicing_11299_000000325812.tif,640,427,640,427,True,0.011625,16,False
splicing_11302_000000435139.tif,640,427,640,427,True,0.007278,15,False
splicing_11314_000000299679.tif,417,500,417,500,True,0.001065,13,False
splicing_11341_000000385241.tif,480,640,480,640,True,0.005898,15,False
splicing_11357_000000246425.tif,640,332,640,332,True,0.011949,14,False
splicing_11360_000000208978.tif,356,500,356,500,True,0.005949,13,False
splicing_11367_000000550540.tif,640,439,640,439,True,0.008389,13,False
splicing_11372_000000020090.tif,640,425,640,425,True,0.002335,14,False
splicing_11376_000000053111.tif,640,427,640,427,True,0.021432,15,False
splicing_11388_000000355717.tif,640,426,640,426,True,0.00201,12,False
splicing_1138_000000246423.tif,640,480,640,480,True,0.003991,16,False
splicing_11429_000000243153.tif,640,437,640,437,True,0.000579,14,False
splicing_11441_000000515289.tif,639,640,639,640,True,0.010673,15,False
splicing_11452_000000094558.tif,640,427,640,427,True,0.015314,16,False
splicing_11459_000000196393.tif,640,480,640,480,True,0.015843,13,False
splicing_11462_000000308907.tif,500,333,500,333,True,0.014619,12,False
splicing_11513_000000204216.tif,640,430,640,430,True,0.000472,11,False
splicing_11522_000000459328.tif,640,480,640,480,True,0.011283,15,False
splicing_11524_000000160009.tif,640,426,640,426,True,0.003429,11,False
splicing_11573_000000143192.tif,427,640,427,640,True,0.017696,14,False
splicing_11573_000000275775.tif,640,427,640,427,True,0.000549,12,False
splicing_11574_000000559113.tif,640,427,640,427,True,0.001738,12,False
splicing_11602_000000280560.tif,500,333,500,333,True,0.000258,11,False
splicing_11613_000000316147.tif,427,640,427,640,True,0.001822,13,False
splicing_11619_000000124452.tif,500,351,500,351,True,0.007168,14,False
splicing_11623_000000125273.tif,480,640,480,640,True,0.130563,16,False
splicing_11624_000000331518.tif,640,427,640,427,True,0.051054,16,False
splicing_11625_000000092700.tif,640,532,640,532,True,0.019141,15,False
splicing_11640_000000045954.tif,640,428,640,428,True,0.018403,16,False
splicing_11646_000000108240.tif,640,425,640,425,True,0.004618,15,False
splicing_11670_000000551936.tif,640,480,640,480,True,0.004359,14,False
splicing_1167_000000451856.tif,448,336,448,336,True,0.03697,13,False
splicing_11711_000000125313.tif,640,425,640,425,True,0.09446,16,False
splicing_11727_000000133496.tif,500,313,500,313,True,0.028575,16,False
splicing_11744_000000202171.tif,480,640,480,640,True,0.000628,13,False
splicing_11748_000000033489.tif,640,480,640,480,True,0.003737,13,False
splicing_11748_000000252956.tif,640,427,640,427,True,0.108808,16,False
splicing_1174_000000061624.tif,640,334,640,334,True,0.033294,17,False
splicing_11754_000000092377.tif,640,428,640,428,True,0.182455,16,False
splicing_11757_000000290911.tif,640,425,640,425,True,0.008669,16,False
splicing_11771_000000428885.tif,480,640,480,640,True,0.018688,15,False
splicing_11808_000000548095.tif,640,426,640,426,True,0.007354,15,False
splicing_11816_000000270836.tif,640,480,640,480,True,0.002178,12,False
splicing_11855_000000230593.tif,640,453,640,453,True,0.003046,14,False
splicing_11860_000000514732.tif,640,308,640,308,True,0.007711,15,False
splicing_11891_000000044045.tif,480,640,480,640,True,0.031191,13,False
splicing_11906_000000561591.tif,640,569,640,569,True,0.003822,13,False
splicing_11933_000000366086.tif,640,427,640,427,True,0.014136,16,False
splicing_12002_000000149961.tif,640,480,640,480,True,0.00347,13,False
splicing_12032_000000092585.tif,640,480,640,480,True,0.000645,14,False
splicing_12034_000000207828.tif,426,640,426,640,True,0.003286,12,False
splicing_12047_000000041772.tif,640,425,640,425,True,0.004243,14,False
splicing_12067_000000359472.tif,640,480,640,480,True,0.160521,16,False
splicing_12081_000000550906.tif,640,427,640,427,True,0.175739,16,False
splicing_12089_000000581815.tif,640,427,640,427,True,0.007556,14,False
splicing_12127_000000427120.tif,640,480,640,480,True,0.211751,16,False
splicing_1213_000000481563.tif,640,293,640,293,True,0.013567,14,False
splicing_12143_000000344935.tif,640,480,640,480,True,0.000531,12,False
splicing_12166_000000171067.tif,480,640,480,640,True,0.021162,14,False
splicing_12167_000000237592.tif,333,500,333,500,True,0.01612,15,False
splicing_1218_000000124266.tif,640,640,640,640,True,0.003013,15,False
splicing_12201_000000374361.tif,640,426,640,426,True,0.014968,16,False
splicing_12279_000000177786.tif,640,362,640,362,True,0.002659,14,False
splicing_1228_000000257940.tif,640,424,640,424,True,0.000767,13,False
splicing_12392_000000325957.tif,375,500,375,500,True,0.119467,16,False
splicing_1239_000000234900.tif,640,479,640,479,True,0.00396,15,False
splicing_12421_000000297154.tif,640,427,640,427,True,0.000746,13,False
splicing_12422_000000295647.tif,640,480,640,480,True,0.071927,17,False
splicing_12425_000000448205.tif,640,384,640,384,True,0.035986,16,False
splicing_12430_000000310416.tif,640,478,640,478,True,0.034973,17,False
splicing_12461_000000443857.tif,478,640,478,640,True,0.005649,15,False
splicing_1253_000000558788.tif,640,427,640,427,True,0.004768,14,False
splicing_12540_000000009426.tif,640,427,640,427,True,0.028268,15,False
splicing_12762_000000519845.tif,640,337,640,337,True,0.025686,16,False
splicing_12813_000000547293.tif,640,480,640,480,True,0.001885,12,False
splicing_12843_000000058413.tif,640,336,640,336,True,0.001804,14,False
splicing_12903_000000090820.tif,640,432,640,432,True,0.008728,15,False
splicing_12926_000000336061.tif,640,427,640,427,True,0.012478,14,False
splicing_12977_000000167544.tif,640,483,640,483,True,0.011322,15,False
swapping_0.jpg_IN_11.tif,500,652,500,652,True,0.203006,16,False
swapping_0.jpg_IN_118.tif,500,652,500,652,True,0.206298,17,False
swapping_0.jpg_IN_169.tif,500,652,500,652,True,0.209785,16,False
swapping_0.jpg_IN_66.tif,500,652,500,652,True,0.242552,16,False
swapping_1.jpg_IN_100.tif,500,652,500,652,True,0.199816,16,False
swapping_1.jpg_IN_5.tif,500,652,500,652,True,0.18412,15,False
swapping_10.jpg_IN_95.tif,500,652,500,652,True,0.196972,16,False
swapping_100.jpg_IN_2.tif,500,652,500,652,True,0.21485,16,False
swapping_100.jpg_IN_59.tif,500,652,500,652,True,0.206549,17,False
swapping_100.jpg_IN_78.tif,500,652,500,652,True,0.189144,17,False
swapping_100.jpg_IN_93.tif,500,652,500,652,True,0.219261,16,False
swapping_101.jpg_IN_112.tif,500,652,500,652,True,0.21316,18,False
swapping_101.jpg_IN_154.tif,500,652,500,652,True,0.218761,16,False
swapping_101.jpg_IN_41.tif,500,652,500,652,True,0.209377,17,False
swapping_102.jpg_IN_173.tif,500,652,500,652,True,0.191663,17,False
swapping_102.jpg_IN_94.tif,500,652,500,652,True,0.219979,16,False
swapping_103.jpg_IN_102.tif,500,652,500,652,True,0.23308,16,False
swapping_103.jpg_IN_116.tif,500,652,500,652,True,0.205776,16,False
swapping_103.jpg_IN_135.tif,500,652,500,652,True,0.20658,16,False
swapping_103.jpg_IN_141.tif,500,652,500,652,True,0.213298,16,False
swapping_103.jpg_IN_92.tif,500,652,500,652,True,0.177561,17,False
swapping_104.jpg_IN_45.tif,500,652,500,652,True,0.204945,16,False
swapping_105.jpg_IN_195.tif,500,652,500,652,True,0.213798,17,False
swapping_105.jpg_IN_56.tif,500,652,500,652,True,0.18292,16,False
swapping_105.jpg_IN_6.tif,500,652,500,652,True,0.186058,16,False
swapping_105.jpg_IN_84.tif,500,652,500,652,True,0.212172,17,False
swapping_106.jpg_IN_143.tif,500,652,500,652,True,0.163264,16,False
swapping_106.jpg_IN_153.tif,500,652,500,652,True,0.195258,16,False
swapping_106.jpg_IN_18.tif,500,652,500,652,True,0.218779,16,False
swapping_106.jpg_IN_88.tif,500,652,500,652,True,0.237767,16,False
swapping_107.jpg_IN_181.tif,500,652,500,652,True,0.228914,16,False
swapping_107.jpg_IN_55.tif,500,652,500,652,True,0.20211,16,False
swapping_108.jpg_IN_41.tif,500,652,500,652,True,0.209377,17,False
swapping_109.jpg_IN_24.tif,500,652,500,652,True,0.226374,16,False
swapping_11.jpg_IN_0.tif,500,652,500,652,True,0.218212,16,False
swapping_111.jpg_IN_160.tif,500,652,500,652,True,0.177439,16,False
swapping_112.jpg_IN_109.tif,500,652,500,652,True,0.201847,16,False
swapping_112.jpg_IN_120.tif,500,652,500,652,True,0.193773,16,False
swapping_112.jpg_IN_61.tif,500,652,500,652,True,0.223101,16,False
swapping_113.jpg_IN_128.tif,500,652,500,652,True,0.173126,16,False
swapping_113.jpg_IN_19.tif,500,652,500,652,True,0.200656,16,False
swapping_113.jpg_IN_56.tif,500,652,500,652,True,0.18292,16,False
swapping_114.jpg_IN_131.tif,500,652,500,652,True,0.274328,16,False
swapping_116.jpg_IN_110.tif,500,652,500,652,True,0.204785,16,False
swapping_116.jpg_IN_195.tif,500,652,500,652,True,0.213798,17,False
swapping_117.jpg_IN_177.tif,500,652,500,652,True,0.225319,17,False
swapping_117.jpg_IN_86.tif,500,652,500,652,True,0.215144,17,False
swapping_118.jpg_IN_69.tif,500,652,500,652,True,0.226893,16,False
swapping_119.jpg_IN_125.tif,500,652,500,652,True,0.214331,18,False
swapping_119.jpg_IN_155.tif,500,652,500,652,True,0.244506,16,False
swapping_12.jpg_IN_154.tif,500,652,500,652,True,0.218761,16,False
swapping_12.jpg_IN_44.tif,500,652,500,652,True,0.199785,17,False
swapping_12.jpg_IN_99.tif,500,652,500,652,True,0.194411,16,False
swapping_120.jpg_IN_124.tif,500,652,500,652,True,0.222184,16,False
swapping_120.jpg_IN_25.tif,500,652,500,652,True,0.249368,16,False
swapping_121.jpg_IN_130.tif,500,652,500,652,True,0.234107,16,False
swapping_121.jpg_IN_168.tif,500,652,500,652,True,0.198098,16,False
swapping_122.jpg_IN_191.tif,500,652,500,652,True,0.2425,16,False
swapping_122.jpg_IN_45.tif,500,652,500,652,True,0.204945,16,False
swapping_122.jpg_IN_57.tif,500,652,500,652,True,0.228169,16,False
swapping_123.jpg_IN_19.tif,500,652,500,652,True,0.200656,16,False
swapping_123.jpg_IN_50.tif,500,652,500,652,True,0.223546,17,False
swapping_123.jpg_IN_6.tif,500,652,500,652,True,0.186058,16,False
swapping_123.jpg_IN_75.tif,500,652,500,652,True,0.205034,16,False
swapping_123.jpg_IN_89.tif,500,652,500,652,True,0.273629,16,False
swapping_124.jpg_IN_10.tif,500,652,500,652,True,0.181043,16,False
swapping_124.jpg_IN_116.tif,500,652,500,652,True,0.205776,16,False
swapping_124.jpg_IN_119.tif,500,652,500,652,True,0.202926,16,False
swapping_124.jpg_IN_178.tif,500,652,500,652,True,0.210202,16,False
swapping_124.jpg_IN_91.tif,500,652,500,652,True,0.164368,17,False
swapping_125.jpg_IN_0.tif,500,652,500,652,True,0.218212,16,False
swapping_125.jpg_IN_46.tif,500,652,500,652,True,0.240064,17,False
swapping_126.jpg_IN_183.tif,500,652,500,652,True,0.206883,16,False
swapping_126.jpg_IN_76.tif,500,652,500,652,True,0.215822,16,False
swapping_127.jpg_IN_142.tif,500,652,500,652,True,0.228887,16,False
swapping_13.jpg_IN_146.tif,500,652,500,652,True,0.168276,16,False
swapping_13.jpg_IN_91.tif,500,652,500,652,True,0.164368,17,False
swapping_130.jpg_IN_110.tif,500,652,500,652,True,0.204785,16,False
swapping_130.jpg_IN_114.tif,500,652,500,652,True,0.203957,16,False
swapping_130.jpg_IN_126.tif,500,652,500,652,True,0.192316,16,False
swapping_131.jpg_IN_128.tif,500,652,500,652,True,0.173126,16,False
swapping_131.jpg_IN_196.tif,500,652,500,652,True,0.219107,17,False
swapping_131.jpg_IN_23.tif,500,652,500,652,True,0.185206,16,False
swapping_133.jpg_IN_8.tif,500,652,500,652,True,0.17004,17,False
swapping_134.jpg_IN_194.tif,500,652,500,652,True,0.211819,16,False
swapping_134.jpg_IN_45.tif,500,652,500,652,True,0.204945,16,False
swapping_134.jpg_IN_94.tif,500,652,500,652,True,0.219979,16,False
swapping_137.jpg_IN_38.tif,500,652,500,652,True,0.239715,17,False
swapping_139.jpg_IN_115.tif,500,652,500,652,True,0.208331,17,False
swapping_139.jpg_IN_172.tif,500,652,500,652,True,0.191135,16,False
swapping_139.jpg_IN_173.tif,500,652,500,652,True,0.191663,17,False
swapping_139.jpg_IN_196.tif,500,652,500,652,True,0.219107,17,False
swapping_139.jpg_IN_4.tif,500,652,500,652,True,0.206684,16,False
swapping_139.jpg_IN_70.tif,500,652,500,652,True,0.26708,16,False
swapping_140.jpg_IN_159.tif,500,652,500,652,True,0.232304,17,False
swapping_140.jpg_IN_36.tif,500,652,500,652,True,0.187003,16,False
swapping_141.jpg_IN_150.tif,500,652,500,652,True,0.182684,17,False
swapping_142.jpg_IN_32.tif,500,652,500,652,True,0.206328,16,False
swapping_142.jpg_IN_36.tif,500,652,500,652,True,0.187003,16,False
swapping_142.jpg_IN_73.tif,500,652,500,652,True,0.233316,16,False
swapping_143.jpg_IN_107.tif,500,652,500,652,True,0.184813,16,False
swapping_145.jpg_IN_175.tif,500,652,500,652,True,0.223071,16,False
swapping_145.jpg_IN_182.tif,500,652,500,652,True,0.184064,16,False
swapping_145.jpg_IN_82.tif,500,652,500,652,True,0.186684,15,False
swapping_147.jpg_IN_42.tif,500,652,500,652,True,0.211779,16,False
swapping_148.jpg_IN_61.tif,500,652,500,652,True,0.223101,16,False
swapping_148.jpg_IN_65.tif,500,652,500,652,True,0.261316,16,False
swapping_149.jpg_IN_143.tif,500,652,500,652,True,0.163264,16,False
swapping_149.jpg_IN_38.tif,500,652,500,652,True,0.239715,17,False
swapping_149.jpg_IN_86.tif,500,652,500,652,True,0.215144,17,False
swapping_150.jpg_IN_39.tif,500,652,500,652,True,0.206252,16,False
swapping_153.jpg_IN_194.tif,500,652,500,652,True,0.211819,16,False
swapping_154.jpg_IN_24.tif,500,652,500,652,True,0.226374,16,False
swapping_154.jpg_IN_63.tif,500,652,500,652,True,0.205638,16,False
swapping_154.jpg_IN_91.tif,500,652,500,652,True,0.164368,17,False
swapping_155.jpg_IN_12.tif,500,652,500,652,True,0.281138,17,False
swapping_155.jpg_IN_168.tif,500,652,500,652,True,0.198098,16,False
swapping_155.jpg_IN_39.tif,500,652,500,652,True,0.206252,16,False
swapping_156.jpg_IN_177.tif,500,652,500,652,True,0.225319,17,False
swapping_156.jpg_IN_61.tif,500,652,500,652,True,0.223101,16,False
swapping_157.jpg_IN_158.tif,500,652,500,652,True,0.235926,16,False
swapping_157.jpg_IN_6.tif,500,652,500,652,True,0.186058,16,False
swapping_158.jpg_IN_133.tif,500,652,500,652,True,0.209564,16,False
swapping_158.jpg_IN_145.tif,500,652,500,652,True,0.181328,16,False
swapping_158.jpg_IN_187.tif,500,652,500,652,True,0.186702,16,False
swapping_159.jpg_IN_193.tif,500,652,500,652,True,0.211276,16,False
swapping_16.jpg_IN_112.tif,500,652,500,652,True,0.21316,18,False
swapping_16.jpg_IN_130.tif,500,652,500,652,True,0.234107,16,False
swapping_16.jpg_IN_18.tif,500,652,500,652,True,0.218779,16,False
swapping_16.jpg_IN_194.tif,500,652,500,652,True,0.211819,16,False
swapping_16.jpg_IN_4.tif,500,652,500,652,True,0.206684,16,False
swapping_160.jpg_IN_104.tif,500,652,500,652,True,0.209816,16,False
swapping_160.jpg_IN_170.tif,500,652,500,652,True,0.217604,16,False
swapping_160.jpg_IN_198.tif,500,652,500,652,True,0.198525,16,False
swapping_161.jpg_IN_66.tif,500,652,500,652,True,0.242552,16,False
swapping_161.jpg_IN_87.tif,500,652,500,652,True,0.204123,16,False
swapping_162.jpg_IN_67.tif,500,652,500,652,True,0.195577,16,False
swapping_162.jpg_IN_71.tif,500,652,500,652,True,0.198512,16,False
swapping_162.jpg_IN_9.tif,500,652,500,652,True,0.286736,16,False
swapping_163.jpg_IN_189.tif,500,652,500,652,True,0.207813,16,False
swapping_163.jpg_IN_190.tif,500,652,500,652,True,0.204518,16,False
swapping_163.jpg_IN_58.tif,500,652,500,652,True,0.211156,16,False
swapping_164.jpg_IN_151.tif,500,652,500,652,True,0.243871,16,False
swapping_165.jpg_IN_136.tif,500,652,500,652,True,0.167319,16,False
swapping_165.jpg_IN_85.tif,500,652,500,652,True,0.197475,16,False
swapping_166.jpg_IN_172.tif,500,652,500,652,True,0.191135,16,False
swapping_166.jpg_IN_42.tif,500,652,500,652,True,0.211779,16,False
swapping_167.jpg_IN_145.tif,500,652,500,652,True,0.181328,16,False
swapping_167.jpg_IN_23.tif,500,652,500,652,True,0.185206,16,False
swapping_169.jpg_IN_122.tif,500,652,500,652,True,0.210387,16,False
swapping_169.jpg_IN_51.tif,500,652,500,652,True,0.270031,16,False
swapping_171.jpg_IN_115.tif,500,652,500,652,True,0.208331,17,False
swapping_171.jpg_IN_67.tif,500,652,500,652,True,0.195577,16,False
swapping_172.jpg_IN_124.tif,500,652,500,652,True,0.222184,16,False
swapping_172.jpg_IN_131.tif,500,652,500,652,True,0.274328,16,False
swapping_173.jpg_IN_143.tif,500,652,500,652,True,0.163264,16,False
swapping_173.jpg_IN_162.tif,500,652,500,652,True,0.217899,16,False
swapping_173.jpg_IN_189.tif,500,652,500,652,True,0.207813,16,False
swapping_174.jpg_IN_147.tif,500,652,500,652,True,0.190248,16,False
swapping_174.jpg_IN_177.tif,500,652,500,652,True,0.225319,17,False
swapping_174.jpg_IN_183.tif,500,652,500,652,True,0.206883,16,False
swapping_175.jpg_IN_111.tif,500,652,500,652,True,0.213215,16,False
swapping_175.jpg_IN_20.tif,500,652,500,652,True,0.203064,16,False
swapping_177.jpg_IN_28.tif,500,652,500,652,True,0.20823,17,False
swapping_179.jpg_IN_3.tif,500,652,500,652,True,0.189831,17,False
swapping_18.jpg_IN_12.tif,500,652,500,652,True,0.281138,17,False
swapping_18.jpg_IN_131.tif,500,652,500,652,True,0.274328,16,False
swapping_180.jpg_IN_196.tif,500,652,500,652,True,0.219107,17,False
swapping_180.jpg_IN_50.tif,500,652,500,652,True,0.223546,17,False
swapping_180.jpg_IN_86.tif,500,652,500,652,True,0.215144,17,False
swapping_181.jpg_IN_174.tif,500,652,500,652,True,0.221248,16,False
swapping_184.jpg_IN_154.tif,500,652,500,652,True,0.218761,16,False
swapping_185.jpg_IN_192.tif,500,652,500,652,True,0.209457,17,False
swapping_185.jpg_IN_74.tif,500,652,500,652,True,0.22769,16,False
swapping_186.jpg_IN_130.tif,500,652,500,652,True,0.234107,16,False
swapping_188.jpg_IN_31.tif,500,652,500,652,True,0.204865,17,False
swapping_19.jpg_IN_55.tif,500,652,500,652,True,0.20211,16,False
swapping_190.jpg_IN_109.tif,500,652,500,652,True,0.201847,16,False
swapping_190.jpg_IN_94.tif,500,652,500,652,True,0.219979,16,False
swapping_191.jpg_IN_126.tif,500,652,500,652,True,0.192316,16,False
swapping_191.jpg_IN_37.tif,500,652,500,652,True,0.221908,17,False
swapping_191.jpg_IN_59.tif,500,652,500,652,True,0.206549,17,False
swapping_193.jpg_IN_94.tif,500,652,500,652,True,0.219979,16,False
swapping_194.jpg_IN_128.tif,500,652,500,652,True,0.173126,16,False
swapping_194.jpg_IN_150.tif,500,652,500,652,True,0.182684,17,False
swapping_194.jpg_IN_69.tif,500,652,500,652,True,0.226893,16,False
swapping_194.jpg_IN_87.tif,500,652,500,652,True,0.204123,16,False
swapping_195.jpg_IN_4.tif,500,652,500,652,True,0.206684,16,False
swapping_196.jpg_IN_40.tif,500,652,500,652,True,0.229328,16,False
swapping_198.jpg_IN_34.tif,500,652,500,652,True,0.218782,16,False
swapping_198.jpg_IN_37.tif,500,652,500,652,True,0.221908,17,False
swapping_199.jpg_IN_21.tif,500,652,500,652,True,0.213089,16,False
swapping_2.jpg_IN_189.tif,500,652,500,652,True,0.207813,16,False
swapping_2.jpg_IN_195.tif,500,652,500,652,True,0.213798,17,False
swapping_20.jpg_IN_164.tif,500,652,500,652,True,0.246942,16,False
swapping_20.jpg_IN_34.tif,500,652,500,652,True,0.218782,16,False
swapping_20.jpg_IN_59.tif,500,652,500,652,True,0.206549,17,False
swapping_20.jpg_IN_72.tif,500,652,500,652,True,0.246856,16,False
swapping_21.jpg_IN_122.tif,500,652,500,652,True,0.210387,16,False
swapping_21.jpg_IN_128.tif,500,652,500,652,True,0.173126,16,False
swapping_21.jpg_IN_24.tif,500,652,500,652,True,0.226374,16,False
swapping_21.jpg_IN_9.tif,500,652,500,652,True,0.286736,16,False
swapping_22.jpg_IN_194.tif,500,652,500,652,True,0.211819,16,False
swapping_22.jpg_IN_38.tif,500,652,500,652,True,0.239715,17,False
swapping_22.jpg_IN_60.tif,500,652,500,652,True,0.19592,16,False
swapping_23.jpg_IN_65.tif,500,652,500,652,True,0.261316,16,False
swapping_24.jpg_IN_50.tif,500,652,500,652,True,0.223546,17,False
swapping_25.jpg_IN_104.tif,500,652,500,652,True,0.209816,16,False
swapping_25.jpg_IN_14.tif,500,652,500,652,True,0.230604,16,False
swapping_25.jpg_IN_96.tif,500,652,500,652,True,0.243936,16,False
swapping_26.jpg_IN_140.tif,500,652,500,652,True,0.234933,16,False
swapping_26.jpg_IN_151.tif,500,652,500,652,True,0.243871,16,False
swapping_27.jpg_IN_150.tif,500,652,500,652,True,0.182684,17,False
swapping_27.jpg_IN_194.tif,500,652,500,652,True,0.211819,16,False
swapping_27.jpg_IN_70.tif,500,652,500,652,True,0.26708,16,False
swapping_28.jpg_IN_138.tif,500,652,500,652,True,0.19116,17,False
swapping_28.jpg_IN_187.tif,500,652,500,652,True,0.186702,16,False
swapping_29.jpg_IN_101.tif,500,652,500,652,True,0.213914,17,False
swapping_29.jpg_IN_25.tif,500,652,500,652,True,0.249368,16,False
swapping_3.jpg_IN_117.tif,500,652,500,652,True,0.25435,15,False
swapping_3.jpg_IN_129.tif,500,652,500,652,True,0.224383,16,False
swapping_3.jpg_IN_80.tif,500,652,500,652,True,0.219785,16,False
swapping_3.jpg_IN_82.tif,500,652,500,652,True,0.186684,15,False
swapping_30.jpg_IN_193.tif,500,652,500,652,True,0.211276,16,False
swapping_31.jpg_IN_158.tif,500,652,500,652,True,0.235926,16,False
swapping_31.jpg_IN_182.tif,500,652,500,652,True,0.184064,16,False
swapping_32.jpg_IN_109.tif,500,652,500,652,True,0.201847,16,False
swapping_32.jpg_IN_136.tif,500,652,500,652,True,0.167319,16,False
swapping_32.jpg_IN_140.tif,500,652,500,652,True,0.234933,16,False
swapping_32.jpg_IN_42.tif,500,652,500,652,True,0.211779,16,False
swapping_33.jpg_IN_14.tif,500,652,500,652,True,0.230604,16,False
swapping_34.jpg_IN_155.tif,500,652,500,652,True,0.244506,16,False
swapping_34.jpg_IN_43.tif,500,652,500,652,True,0.198755,16,False
swapping_34.jpg_IN_62.tif,500,652,500,652,True,0.248905,16,False
swapping_34.jpg_IN_90.tif,500,652,500,652,True,0.231727,16,False
swapping_35.jpg_IN_109.tif,500,652,500,652,True,0.201847,16,False
swapping_36.jpg_IN_104.tif,500,652,500,652,True,0.209816,16,False
swapping_36.jpg_IN_52.tif,500,652,500,652,True,0.180715,16,False
swapping_37.jpg_IN_76.tif,500,652,500,652,True,0.215822,16,False
swapping_38.jpg_IN_41.tif,500,652,500,652,True,0.209377,17,False
swapping_39.jpg_IN_146.tif,500,652,500,652,True,0.168276,16,False
swapping_39.jpg_IN_30.tif,500,652,500,652,True,0.220721,16,False
swapping_39.jpg_IN_78.tif,500,652,500,652,True,0.189144,17,False
swapping_4.jpg_IN_129.tif,500,652,500,652,True,0.224383,16,False
swapping_4.jpg_IN_23.tif,500,652,500,652,True,0.185206,16,False
swapping_40.jpg_IN_175.tif,500,652,500,652,True,0.223071,16,False
swapping_42.jpg_IN_114.tif,500,652,500,652,True,0.203957,16,False
swapping_43.jpg_IN_132.tif,500,652,500,652,True,0.266788,16,False
swapping_43.jpg_IN_160.tif,500,652,500,652,True,0.177439,16,False
swapping_43.jpg_IN_40.tif,500,652,500,652,True,0.229328,16,False
swapping_45.jpg_IN_113.tif,500,652,500,652,True,0.203917,16,False
swapping_45.jpg_IN_144.tif,500,652,500,652,True,0.221212,16,False
swapping_45.jpg_IN_196.tif,500,652,500,652,True,0.219107,17,False
swapping_45.jpg_IN_68.tif,500,652,500,652,True,0.22292,16,False
swapping_45.jpg_IN_85.tif,500,652,500,652,True,0.197475,16,False
swapping_45.jpg_IN_9.tif,500,652,500,652,True,0.286736,16,False
swapping_46.jpg_IN_132.tif,500,652,500,652,True,0.266788,16,False
swapping_46.jpg_IN_191.tif,500,652,500,652,True,0.2425,16,False
swapping_46.jpg_IN_45.tif,500,652,500,652,True,0.204945,16,False
swapping_46.jpg_IN_61.tif,500,652,500,652,True,0.223101,16,False
swapping_47.jpg_IN_100.tif,500,652,500,652,True,0.199816,16,False
swapping_47.jpg_IN_170.tif,500,652,500,652,True,0.217604,16,False
swapping_48.jpg_IN_10.tif,500,652,500,652,True,0.181043,16,False
swapping_48.jpg_IN_96.tif,500,652,500,652,True,0.243936,16,False
swapping_49.jpg_IN_144.tif,500,652,500,652,True,0.221212,16,False
swapping_49.jpg_IN_38.tif,500,652,500,652,True,0.239715,17,False
swapping_49.jpg_IN_58.tif,500,652,500,652,True,0.211156,16,False
swapping_5.jpg_IN_138.tif,500,652,500,652,True,0.19116,17,False
swapping_5.jpg_IN_156.tif,500,652,500,652,True,0.230138,16,False
swapping_5.jpg_IN_184.tif,500,652,500,652,True,0.193209,16,False
swapping_51.jpg_IN_184.tif,500,652,500,652,True,0.193209,16,False
swapping_52.jpg_IN_186.tif,500,652,500,652,True,0.255755,16,False
swapping_52.jpg_IN_2.tif,500,652,500,652,True,0.21485,16,False
swapping_52.jpg_IN_84.tif,500,652,500,652,True,0.212172,17,False
swapping_53.jpg_IN_103.tif,500,652,500,652,True,0.195181,16,False
swapping_54.jpg_IN_34.tif,500,652,500,652,True,0.218782,16,False
swapping_56.jpg_IN_40.tif,500,652,500,652,True,0.229328,16,False
swapping_57.jpg_IN_138.tif,500,652,500,652,True,0.19116,17,False
swapping_57.jpg_IN_48.tif,500,652,500,652,True,0.265656,16,False
swapping_57.jpg_IN_97.tif,500,652,500,652,True,0.222169,16,False
swapping_58.jpg_IN_156.tif,500,652,500,652,True,0.230138,16,False
swapping_58.jpg_IN_159.tif,500,652,500,652,True,0.232304,17,False
swapping_58.jpg_IN_78.tif,500,652,500,652,True,0.189144,17,False
swapping_6.jpg_IN_186.tif,500,652,500,652,True,0.255755,16,False
swapping_6.jpg_IN_25.tif,500,652,500,652,True,0.249368,16,False
swapping_6.jpg_IN_9.tif,500,652,500,652,True,0.286736,16,False
swapping_60.jpg_IN_197.tif,500,652,500,652,True,0.198411,16,False
swapping_61.jpg_IN_157.tif,500,652,500,652,True,0.193353,16,False
swapping_62.jpg_IN_108.tif,500,652,500,652,True,0.203485,16,False
swapping_63.jpg_IN_12.tif,500,652,500,652,True,0.281138,17,False
swapping_63.jpg_IN_185.tif,500,652,500,652,True,0.201681,17,False
swapping_63.jpg_IN_5.tif,500,652,500,652,True,0.18412,15,False
swapping_63.jpg_IN_80.tif,500,652,500,652,True,0.219785,16,False
swapping_64.jpg_IN_26.tif,500,652,500,652,True,0.193261,15,False
swapping_65.jpg_IN_122.tif,500,652,500,652,True,0.210387,16,False
swapping_65.jpg_IN_53.tif,500,652,500,652,True,0.218494,16,False
swapping_66.jpg_IN_157.tif,500,652,500,652,True,0.193353,16,False
swapping_69.jpg_IN_38.tif,500,652,500,652,True,0.239715,17,False
swapping_69.jpg_IN_50.tif,500,652,500,652,True,0.223546,17,False
swapping_69.jpg_IN_56.tif,500,652,500,652,True,0.18292,16,False
swapping_7.jpg_IN_126.tif,500,652,500,652,True,0.192316,16,False
swapping_7.jpg_IN_171.tif,500,652,500,652,True,0.188294,16,False
swapping_7.jpg_IN_28.tif,500,652,500,652,True,0.20823,17,False
swapping_7.jpg_IN_66.tif,500,652,500,652,True,0.242552,16,False
swapping_70.jpg_IN_41.tif,500,652,500,652,True,0.209377,17,False
swapping_70.jpg_IN_89.tif,500,652,500,652,True,0.273629,16,False
swapping_72.jpg_IN_15.tif,500,652,500,652,True,0.210567,16,False
swapping_73.jpg_IN_25.tif,500,652,500,652,True,0.249368,16,False
swapping_73.jpg_IN_46.tif,500,652,500,652,True,0.240064,17,False
swapping_73.jpg_IN_49.tif,500,652,500,652,True,0.208202,17,False
swapping_73.jpg_IN_56.tif,500,652,500,652,True,0.18292,16,False
swapping_73.jpg_IN_66.tif,500,652,500,652,True,0.242552,16,False
swapping_74.jpg_IN_112.tif,500,652,500,652,True,0.21316,18,False
swapping_75.jpg_IN_0.tif,500,652,500,652,True,0.218212,16,False
swapping_75.jpg_IN_26.tif,500,652,500,652,True,0.193261,15,False
swapping_77.jpg_IN_13.tif,500,652,500,652,True,0.24277,16,False
swapping_77.jpg_IN_181.tif,500,652,500,652,True,0.228914,16,False
swapping_77.jpg_IN_29.tif,500,652,500,652,True,0.203706,16,False
swapping_77.jpg_IN_51.tif,500,652,500,652,True,0.270031,16,False
swapping_77.jpg_IN_62.tif,500,652,500,652,True,0.248905,16,False
swapping_78.jpg_IN_128.tif,500,652,500,652,True,0.173126,16,False
swapping_79.jpg_IN_15.tif,500,652,500,652,True,0.210567,16,False
swapping_79.jpg_IN_30.tif,500,652,500,652,True,0.220721,16,False
swapping_8.jpg_IN_26.tif,500,652,500,652,True,0.193261,15,False
swapping_80.jpg_IN_105.tif,500,652,500,652,True,0.207046,16,False
swapping_80.jpg_IN_191.tif,500,652,500,652,True,0.2425,16,False
swapping_81.jpg_IN_43.tif,500,652,500,652,True,0.198755,16,False
swapping_81.jpg_IN_46.tif,500,652,500,652,True,0.240064,17,False
swapping_82.jpg_IN_127.tif,500,652,500,652,True,0.19254,17,False
swapping_82.jpg_IN_160.tif,500,652,500,652,True,0.177439,16,False
swapping_83.jpg_IN_106.tif,500,652,500,652,True,0.194899,16,False
swapping_83.jpg_IN_88.tif,500,652,500,652,True,0.237767,16,False
swapping_84.jpg_IN_37.tif,500,652,500,652,True,0.221908,17,False
swapping_85.jpg_IN_62.tif,500,652,500,652,True,0.248905,16,False
swapping_86.jpg_IN_4.tif,500,652,500,652,True,0.206684,16,False
swapping_87.jpg_IN_118.tif,500,652,500,652,True,0.206298,17,False
swapping_87.jpg_IN_176.tif,500,652,500,652,True,0.185439,17,False
swapping_87.jpg_IN_187.tif,500,652,500,652,True,0.186702,16,False
swapping_87.jpg_IN_55.tif,500,652,500,652,True,0.20211,16,False
swapping_88.jpg_IN_0.tif,500,652,500,652,True,0.218212,16,False
swapping_88.jpg_IN_107.tif,500,652,500,652,True,0.184813,16,False
swapping_88.jpg_IN_167.tif,500,652,500,652,True,0.21723,16,False
swapping_88.jpg_IN_41.tif,500,652,500,652,True,0.209377,17,False
swapping_89.jpg_IN_132.tif,500,652,500,652,True,0.266788,16,False
swapping_89.jpg_IN_192.tif,500,652,500,652,True,0.209457,17,False
swapping_89.jpg_IN_91.tif,500,652,500,652,True,0.164368,17,False
swapping_9.jpg_IN_189.tif,500,652,500,652,True,0.207813,16,False
swapping_90.jpg_IN_132.tif,500,652,500,652,True,0.266788,16,False
swapping_90.jpg_IN_88.tif,500,652,500,652,True,0.237767,16,False
swapping_91.jpg_IN_175.tif,500,652,500,652,True,0.223071,16,False
swapping_92.jpg_IN_138.tif,500,652,500,652,True,0.19116,17,False
swapping_93.jpg_IN_29.tif,500,652,500,652,True,0.203706,16,False
swapping_94.jpg_IN_139.tif,500,652,500,652,True,0.218015,16,False
swapping_95.jpg_IN_105.tif,500,652,500,652,True,0.207046,16,False
swapping_95.jpg_IN_127.tif,500,652,500,652,True,0.19254,17,False
swapping_95.jpg_IN_191.tif,500,652,500,652,True,0.2425,16,False
swapping_96.jpg_IN_27.tif,500,652,500,652,True,0.201758,16,False
swapping_96.jpg_IN_3.tif,500,652,500,652,True,0.189831,17,False
swapping_96.jpg_IN_91.tif,500,652,500,652,True,0.164368,17,False
swapping_96.jpg_IN_92.tif,500,652,500,652,True,0.177561,17,False
swapping_97.jpg_IN_98.tif,500,652,500,652,True,0.26162,15,False
swapping_98.jpg_IN_186.tif,500,652,500,652,True,0.255755,16,False
swapping_98.jpg_IN_56.tif,500,652,500,652,True,0.18292,16,False
swapping_98.jpg_IN_71.tif,500,652,500,652,True,0.198512,16,False
swapping_99.jpg_IN_144.tif,500,652,500,652,True,0.221212,16,False
ucid00009_remove.png,880,1184,880,1184,True,0.125554,2,True
ucid00017_heavy.png,1184,880,1184,880,True,0.424232,2,True
ucid00028_modify.png,1184,880,1184,880,True,0.128655,2,True
ucid00037_modify.png,1184,880,1184,880,True,0.104152,2,True
ucid00039_heavy.png,880,1184,880,1184,True,0.471157,2,True
ucid00046_heavy.png,880,1184,880,1184,True,0.566544,2,True
ucid00054_add.png,880,1184,880,1184,True,0.015698,2,True
ucid00060_heavy.png,1184,880,1184,880,True,0.145415,2,True
ucid00067_add.png,880,1184,880,1184,True,0.022245,2,True
ucid00072_add.png,880,1184,880,1184,True,0.042886,2,True
ucid00077_heavy.png,1184,880,1184,880,True,0.018724,2,True
ucid00078_remove.png,880,1184,880,1184,True,0.296247,2,True
ucid00082_add.png,880,1184,880,1184,True,0.078721,2,True
ucid00086_add.png,1184,880,1184,880,True,0.002248,2,True
ucid00095_add.png,1184,880,1184,880,True,0.151873,2,True
ucid00100_remove.png,880,1184,880,1184,True,0.025762,2,True
ucid00109_remove.png,1184,880,1184,880,True,0.253385,2,True
ucid00111_modify.png,880,1184,880,1184,True,0.021482,2,True
ucid00121_remove.png,1184,880,1184,880,True,0.013041,2,True
ucid00129_heavy.png,1184,880,1184,880,True,0.072524,2,True
ucid00134_add.png,880,1184,880,1184,True,0.002066,2,True
ucid00135_remove.png,1184,880,1184,880,True,0.049984,2,True
ucid00140_add.png,1184,880,1184,880,True,0.031559,2,True
ucid00157_heavy.png,1184,880,1184,880,True,0.012323,2,True
ucid00173_heavy.png,1184,880,1184,880,True,0.236267,2,True
ucid00179_remove.png,1184,880,1184,880,True,0.26762,2,True
ucid00181_remove.png,880,1184,880,1184,True,0.050178,2,True
ucid00182_add.png,1184,880,1184,880,True,0.007128,2,True
ucid00186_modify.png,880,1184,880,1184,True,0.098663,2,True
ucid00189_add.png,1184,880,1184,880,True,0.068961,2,True
ucid00215_heavy.png,1184,880,1184,880,True,0.035293,2,True
ucid00221_add.png,1184,880,1184,880,True,0.091138,2,True
ucid00221_modify.png,1184,880,1184,880,True,0.020883,2,True
ucid00235_heavy.png,1184,880,1184,880,True,0.224691,2,True
ucid00239_heavy.png,880,1184,880,1184,True,0.538367,2,True
ucid00245_add.png,880,1184,880,1184,True,0.038144,2,True
ucid00245_heavy.png,880,1184,880,1184,True,0.671927,2,True
ucid00248_remove.png,1184,880,1184,880,True,0.072811,2,True
ucid00257_heavy.png,1184,880,1184,880,True,0.375455,2,True
ucid00267_remove.png,1184,880,1184,880,True,0.016842,2,True
ucid00301_add.png,880,1184,880,1184,True,0.005571,2,True
ucid00301_modify.png,880,1184,880,1184,True,0.043923,2,True
ucid00307_add.png,880,1184,880,1184,True,0.075954,2,True
ucid00310_remove.png,880,1184,880,1184,True,0.020507,2,True
ucid00312_heavy.png,1184,880,1184,880,True,0.330403,2,True
ucid00315_remove.png,1184,880,1184,880,True,0.037201,2,True
ucid00320_add.png,1184,880,1184,880,True,0.014152,2,True
ucid00342_add.png,1184,880,1184,880,True,0.006138,2,True
ucid00347_modify.png,880,1184,880,1184,True,0.016055,2,True
ucid00347_remove.png,880,1184,880,1184,True,0.02216,2,True
ucid00351_add.png,1184,880,1184,880,True,0.017365,2,True
ucid00358_remove.png,880,1184,880,1184,True,0.107673,2,True
ucid00362_heavy.png,1184,880,1184,880,True,0.279482,2,True
ucid00362_remove.png,1184,880,1184,880,True,0.102284,2,True
ucid00368_add.png,1184,880,1184,880,True,0.192656,2,True
ucid00374_modify.png,1184,880,1184,880,True,0.086361,2,True
ucid00375_remove.png,1184,880,1184,880,True,0.023407,2,True
ucid00383_modify.png,1184,880,1184,880,True,0.030109,2,True
ucid00385_modify.png,1184,880,1184,880,True,0.051776,2,True
ucid00385_remove.png,1184,880,1184,880,True,0.177202,2,True
ucid00439_remove.png,1184,880,1184,880,True,0.017252,2,True
ucid00447_modify.png,880,1184,880,1184,True,0.051126,2,True
ucid00452_remove.png,1184,880,1184,880,True,0.317211,2,True
ucid00460_add.png,880,1184,880,1184,True,0.037586,2,True
ucid00489_add.png,1184,880,1184,880,True,0.154248,2,True
ucid00494_modify.png,1184,880,1184,880,True,0.160372,2,True
ucid00513_heavy.png,1184,880,1184,880,True,0.54159,2,True
ucid00529_add.png,1184,880,1184,880,True,0.015401,2,True
ucid00537_modify.png,1184,880,1184,880,True,0.015388,2,True
ucid00537_remove.png,1184,880,1184,880,True,0.11563,2,True
ucid00557_modify.png,1184,880,1184,880,True,0.099914,2,True
ucid00565_add.png,880,1184,880,1184,True,0.017256,2,True
ucid00575_heavy.png,1184,880,1184,880,True,0.297748,2,True
ucid00597_remove.png,1184,880,1184,880,True,0.039584,2,True
ucid00598_modify.png,1184,880,1184,880,True,0.047037,2,True
ucid00598_remove.png,1184,880,1184,880,True,0.045513,2,True
ucid00600_modify.png,1184,880,1184,880,True,0.196331,2,True
ucid00618_heavy.png,1184,880,1184,880,True,0.011352,2,True
ucid00630_heavy.png,1184,880,1184,880,True,0.319699,2,True
ucid00632_remove.png,1184,880,1184,880,True,0.030863,2,True
ucid00652_add.png,880,1184,880,1184,True,0.019476,2,True
ucid00652_modify.png,880,1184,880,1184,True,0.046683,2,True
ucid00656_remove.png,880,1184,880,1184,True,0.056268,2,True
ucid00666_heavy.png,880,1184,880,1184,True,0.439978,2,True
ucid00673_heavy.png,880,1184,880,1184,True,0.047121,2,True
ucid00682_heavy.png,1184,880,1184,880,True,0.202443,2,True
ucid00686_modify.png,880,1184,880,1184,True,0.165501,2,True
ucid00689_add.png,880,1184,880,1184,True,0.014732,2,True
ucid00692_add.png,1184,880,1184,880,True,0.007536,2,True
ucid00695_modify.png,1184,880,1184,880,True,0.244955,2,True
ucid00698_heavy.png,1184,880,1184,880,True,0.084245,2,True
ucid00700_remove.png,1184,880,1184,880,True,0.01855,2,True
ucid00709_add.png,880,1184,880,1184,True,0.082309,2,True
ucid00709_heavy.png,880,1184,880,1184,True,0.494307,2,True
ucid00728_modify.png,1184,880,1184,880,True,0.100223,2,True
ucid00732_remove.png,880,1184,880,1184,True,0.087607,2,True
ucid00736_modify.png,880,1184,880,1184,True,0.070827,2,True
ucid00740_remove.png,1184,880,1184,880,True,0.168427,2,True
ucid00742_heavy.png,880,1184,880,1184,True,0.127391,2,True
ucid00742_modify.png,880,1184,880,1184,True,0.11411,2,True
ucid00756_modify.png,880,1184,880,1184,True,0.262335,2,True
ucid00762_remove.png,1184,880,1184,880,True,0.006059,2,True
ucid00770_modify.png,880,1184,880,1184,True,0.033545,2,True
ucid00771_modify.png,880,1184,880,1184,True,0.652222,2,True
ucid00772_modify.png,880,1184,880,1184,True,0.133529,2,True
ucid00778_modify.png,1184,880,1184,880,True,0.087929,2,True
ucid00783_modify.png,1184,880,1184,880,True,0.059154,2,True
ucid00787_add.png,1184,880,1184,880,True,0.095433,2,True
ucid00787_remove.png,1184,880,1184,880,True,0.011916,2,True
ucid00789_add.png,1184,880,1184,880,True,0.049355,2,True
ucid00789_heavy.png,1184,880,1184,880,True,0.38509,2,True
ucid00791_add.png,880,1184,880,1184,True,0.109778,2,True
ucid00791_modify.png,880,1184,880,1184,True,0.004771,2,True
ucid00800_remove.png,1184,880,1184,880,True,0.189875,2,True
ucid00804_modify.png,880,1184,880,1184,True,0.203258,2,True
ucid00820_remove.png,880,1184,880,1184,True,0.015948,2,True
ucid00839_add.png,1184,880,1184,880,True,0.004264,2,True
ucid00870_remove.png,1184,880,1184,880,True,0.035886,2,True
ucid00871_heavy.png,1184,880,1184,880,True,0.102497,2,True
ucid00876_remove.png,880,1184,880,1184,True,0.083627,2,True
ucid00879_add.png,880,1184,880,1184,True,0.051445,2,True
ucid00879_modify.png,880,1184,880,1184,True,0.255683,2,True
ucid00882_remove.png,880,1184,880,1184,True,0.047575,2,True
ucid00885_remove.png,1184,880,1184,880,True,0.009125,2,True
ucid00905_heavy.png,880,1184,880,1184,True,0.145692,2,True
ucid00909_add.png,880,1184,880,1184,True,0.099132,2,True
ucid00918_modify.png,880,1184,880,1184,True,0.117495,2,True
ucid00955_modify.png,1184,880,1184,880,True,0.029927,2,True
ucid00965_heavy.png,1184,880,1184,880,True,0.277702,2,True
ucid00965_modify.png,1184,880,1184,880,True,0.297015,2,True
ucid00968_modify.png,1184,880,1184,880,True,0.087581,2,True
ucid00974_modify.png,1184,880,1184,880,True,0.04441,2,True
ucid00975_modify.png,880,1184,880,1184,True,0.453137,2,True
ucid01010_add.png,1184,880,1184,880,True,0.101923,2,True
ucid01010_remove.png,1184,880,1184,880,True,0.226801,2,True
ucid01019_add.png,1184,880,1184,880,True,0.006924,2,True
ucid01029_modify.png,880,1184,880,1184,True,0.722045,2,True
ucid01036_modify.png,880,1184,880,1184,True,0.023089,2,True
ucid01048_heavy.png,880,1184,880,1184,True,0.012677,2,True
ucid01053_heavy.png,1184,880,1184,880,True,0.205354,2,True
ucid01054_add.png,1184,880,1184,880,True,0.003576,2,True
ucid01055_heavy.png,880,1184,880,1184,True,0.047921,2,True
ucid01056_modify.png,1184,880,1184,880,True,0.339831,2,True
ucid01061_heavy.png,1184,880,1184,880,True,0.299225,2,True
ucid01071_heavy.png,1184,880,1184,880,True,0.044074,2,True
ucid01076_modify.png,1184,880,1184,880,True,0.070442,2,True
ucid01081_add.png,1184,880,1184,880,True,0.083583,2,True
ucid01103_modify.png,1184,880,1184,880,True,0.218285,2,True
ucid01103_remove.png,1184,880,1184,880,True,0.052697,2,True
ucid01124_add.png,1184,880,1184,880,True,0.03501,2,True
ucid01124_modify.png,1184,880,1184,880,True,0.053942,2,True
ucid01146_add.png,1184,880,1184,880,True,0.120946,2,True
ucid01150_remove.png,880,1184,880,1184,True,0.007891,2,True
ucid01151_remove.png,1184,880,1184,880,True,0.008887,2,True
ucid01152_add.png,880,1184,880,1184,True,0.048656,2,True
ucid01160_remove.png,880,1184,880,1184,True,0.006422,2,True
ucid01172_modify.png,1184,880,1184,880,True,0.001211,2,True
ucid01181_add.png,1184,880,1184,880,True,0.080334,2,True
ucid01191_heavy.png,1184,880,1184,880,True,0.120417,2,True
ucid01191_modify.png,1184,880,1184,880,True,0.078671,2,True
ucid01216_add.png,880,1184,880,1184,True,0.020096,2,True
ucid01222_modify.png,880,1184,880,1184,True,0.425428,2,True
ucid01231_modify.png,880,1184,880,1184,True,0.007557,2,True
ucid01235_remove.png,880,1184,880,1184,True,0.050865,2,True
ucid01236_add.png,880,1184,880,1184,True,0.130922,2,True
ucid01239_add.png,1184,880,1184,880,True,0.173658,2,True
ucid01255_heavy.png,1184,880,1184,880,True,0.021268,2,True
ucid01261_heavy.png,880,1184,880,1184,True,0.221591,2,True
ucid01261_modify.png,880,1184,880,1184,True,0.221338,2,True
ucid01266_heavy.png,1184,880,1184,880,True,0.156323,2,True
ucid01271_heavy.png,1184,880,1184,880,True,0.232559,2,True
ucid01272_heavy.png,1184,880,1184,880,True,0.123935,2,True
ucid01278_remove.png,1184,880,1184,880,True,0.053275,2,True
ucid01280_modify.png,880,1184,880,1184,True,0.364444,2,True
ucid01283_add.png,1184,880,1184,880,True,0.046943,2,True
ucid01285_remove.png,1184,880,1184,880,True,0.159363,2,True
ucid01301_remove.png,1184,880,1184,880,True,0.058551,2,True
ucid01303_heavy.png,1184,880,1184,880,True,0.284711,2,True
ucid01307_modify.png,1184,880,1184,880,True,0.108645,2,True
ucid01313_add.png,1184,880,1184,880,True,0.035878,2,True
ucid01313_remove.png,1184,880,1184,880,True,0.003621,2,True
ucid01314_add.png,1184,880,1184,880,True,0.081555,2,True
ucid01315_add.png,1184,880,1184,880,True,0.018127,2,True
ucid01333_add.png,1184,880,1184,880,True,0.017509,2,True
ucid01334_heavy.png,1184,880,1184,880,True,0.348751,2,True
