filename,split,cluster_id
000000003793.png,train,-1
000000004032.png,train,-1
000000004283.png,train,-1
000000006327.png,train,-1
000000007319.png,train,-1
000000008058.png,train,-1
000000008080.png,train,-1
000000008160.png,train,-1
000000008786.png,train,-1
000000009620.png,train,-1
000000011080.png,train,-1
000000011373.png,train,-1
000000011506.png,train,-1
000000014034.png,train,-1
000000016072.png,train,-1
000000016099.png,train,-1
000000017559.png,train,-1
000000017975.png,train,-1
000000018158.png,train,-1
000000021496.png,train,-1
000000022797.png,train,-1
000000023163.png,train,-1
000000024480.png,train,40
000000026133.png,train,-1
000000026534.png,train,-1
000000028480.png,train,-1
000000030080.png,train,-1
000000031188.png,train,-1
000000032375.png,train,-1
000000033481.png,train,-1
000000034097.png,train,-1
000000035532.png,train,-1
000000036460.png,train,-1
000000036508.png,train,-1
000000037697.png,train,-1
000000037846.png,train,-1
000000038558.png,train,-1
000000039513.png,train,-1
000000039864.png,train,-1
000000041200.png,train,-1
000000041575.png,train,-1
000000043029.png,train,-1
000000043049.png,train,-1
000000043931.png,train,-1
000000043957.png,train,-1
000000045057.png,train,-1
000000045479.png,train,-1
000000047407.png,train,-1
000000047545.png,train,-1
000000047570.png,train,-1
000000050912.png,train,-1
000000053491.png,train,-1
000000053752.png,train,-1
000000054632.png,train,-1
000000055375.png,train,-1
000000055767.png,train,-1
000000056303.png,train,40
000000057194.png,train,-1
000000057542.png,train,-1
000000057750.png,train,-1
000000058597.png,train,-1
000000059532.png,train,-1
000000062833.png,train,-1
000000063104.png,train,-1
000000064016.png,train,-1
000000064186.png,train,-1
000000064470.png,train,-1
000000065087.png,train,-1
000000067941.png,train,-1
000000068162.png,train,-1
000000068881.png,train,-1
000000069051.png,train,-1
000000070588.png,train,-1
000000071126.png,train,542
000000072203.png,train,-1
000000072233.png,train,-1
000000076245.png,train,-1
000000077899.png,train,-1
000000078274.png,train,-1
000000080434.png,train,-1
000000081474.png,train,-1
000000081906.png,train,-1
000000083565.png,train,-1
000000083787.png,train,-1
000000086215.png,train,-1
000000086877.png,train,-1
000000087518.png,train,-1
000000089087.png,train,-1
000000089248.png,train,-1
000000090244.png,train,-1
000000090319.png,train,-1
000000091154.png,train,-1
000000091839.png,train,-1
000000092402.png,train,-1
000000095808.png,train,-1
000000095939.png,train,-1
000000096557.png,train,-1
000000098054.png,train,-1
000000098095.png,train,-1
000000098656.png,train,38
000000098720.png,train,-1
000000098739.png,train,-1
000000099874.png,train,-1
000000101426.png,train,94
000000102872.png,train,-1
000000103295.png,train,-1
000000103509.png,train,-1
000000103966.png,train,-1
000000104023.png,train,-1
000000104801.png,train,-1
000000105015.png,train,-1
000000110257.png,train,-1
000000111352.png,train,-1
000000111434.png,train,-1
000000112385.png,train,-1
000000112622.png,train,-1
000000112677.png,train,21
000000113617.png,train,-1
000000114947.png,train,-1
000000115378.png,train,-1
000000115455.png,train,-1
000000117321.png,train,-1
000000118110.png,train,-1
000000119002.png,train,-1
000000119026.png,train,-1
000000120836.png,train,-1
000000120918.png,train,-1
000000121249.png,train,-1
000000122281.png,train,-1
000000125335.png,train,-1
000000125886.png,train,-1
000000128402.png,train,-1
000000128831.png,train,-1
000000129328.png,train,491
000000130275.png,train,-1
000000130997.png,train,-1
000000132114.png,train,-1
000000132265.png,train,-1
000000134128.png,train,-1
000000134454.png,train,-1
000000134673.png,train,-1
000000136369.png,train,-1
000000136687.png,train,-1
000000136795.png,train,-1
000000136905.png,train,-1
000000137577.png,train,-1
000000137578.png,train,146
000000137699.png,train,-1
000000137826.png,train,-1
000000138780.png,train,-1
000000140174.png,train,-1
000000140346.png,train,25
000000140590.png,train,-1
000000140743.png,train,-1
000000141330.png,train,-1
000000143507.png,train,-1
000000144179.png,train,-1
000000144320.png,train,-1
000000144505.png,train,-1
000000145863.png,train,-1
000000146215.png,train,-1
000000146701.png,train,-1
000000147278.png,train,-1
000000147775.png,train,-1
000000149078.png,train,-1
000000150324.png,train,-1
000000150821.png,train,-1
000000151403.png,train,-1
000000152202.png,train,-1
000000152628.png,train,-1
000000152764.png,train,-1
000000152946.png,train,-1
000000154898.png,train,-1
000000157554.png,train,-1
000000157657.png,train,-1
000000157714.png,train,-1
000000158642.png,train,-1
000000162799.png,train,-1
000000163692.png,train,-1
000000164044.png,train,-1
000000166522.png,train,-1
000000168243.png,train,-1
000000168741.png,train,-1
000000170015.png,train,-1
000000170181.png,train,-1
000000172316.png,train,-1
000000173596.png,train,-1
000000174869.png,train,-1
000000174892.png,train,-1
000000175198.png,train,-1
000000180341.png,train,-1
000000180366.png,train,-1
000000180480.png,train,-1
000000181713.png,train,-1
000000181909.png,train,-1
000000182243.png,train,-1
000000182997.png,train,-1
000000183040.png,train,-1
000000183154.png,train,-1
000000183273.png,train,-1
000000184355.png,train,-1
000000185229.png,train,-1
000000185818.png,train,-1
000000185832.png,train,-1
000000186502.png,train,-1
000000187776.png,train,-1
000000187939.png,train,-1
000000188183.png,train,-1
000000189547.png,train,-1
000000190495.png,train,-1
000000190805.png,train,-1
000000191101.png,train,-1
000000191836.png,train,-1
000000192114.png,train,139
000000192759.png,train,-1
000000193194.png,train,-1
000000193222.png,train,-1
000000194448.png,train,-1
000000194462.png,train,-1
000000194956.png,train,-1
000000195149.png,train,-1
000000195470.png,train,-1
000000196291.png,train,-1
000000196313.png,train,-1
000000196851.png,train,-1
000000196948.png,train,-1
000000197775.png,train,41
000000198352.png,train,-1
000000198631.png,train,-1
000000198978.png,train,-1
000000199492.png,train,-1
000000200404.png,train,-1
000000200548.png,train,-1
000000201059.png,train,-1
000000202086.png,train,-1
000000205570.png,train,-1
000000205847.png,train,-1
000000206362.png,train,-1
000000207363.png,train,-1
000000208174.png,train,-1
000000208805.png,train,-1
000000208984.png,train,-1
000000208995.png,train,-1
000000209041.png,train,-1
000000209768.png,train,-1
000000212782.png,train,4
000000212866.png,train,-1
000000214241.png,train,-1
000000214261.png,train,-1
000000214724.png,train,-1
000000214792.png,train,-1
000000215289.png,train,-1
000000217959.png,train,-1
000000218855.png,train,-1
000000219418.png,train,-1
000000219654.png,train,-1
000000219690.png,train,-1
000000222908.png,train,-1
000000223838.png,train,-1
000000225177.png,train,-1
000000225383.png,train,-1
000000226220.png,train,-1
000000226795.png,train,-1
000000227134.png,train,-1
000000227193.png,train,-1
000000229440.png,train,-1
000000229833.png,train,-1
000000230436.png,train,-1
000000231240.png,train,-1
000000231918.png,train,-1
000000233210.png,train,-1
000000234217.png,train,-1
000000235721.png,train,-1
000000236031.png,train,-1
000000236036.png,train,-1
000000236552.png,train,-1
000000237357.png,train,-1
000000238124.png,train,-1
000000241214.png,train,-1
000000241340.png,train,-1
000000241369.png,train,-1
000000241505.png,train,-1
000000241531.png,train,-1
000000242083.png,train,-1
000000243031.png,train,-1
000000243791.png,train,-1
000000245857.png,train,-1
000000245873.png,train,-1
000000246494.png,train,-1
000000247744.png,train,-1
000000249130.png,train,-1
000000249256.png,train,-1
000000249616.png,train,-1
000000252193.png,train,-1
000000253784.png,train,-1
000000255272.png,train,-1
000000255925.png,train,-1
000000256628.png,train,-1
000000257297.png,train,-1
000000258073.png,train,-1
000000258927.png,train,-1
000000259913.png,train,10
000000260713.png,train,-1
000000261785.png,train,-1
000000261999.png,train,-1
000000263101.png,train,-1
000000263288.png,train,-1
000000263647.png,train,-1
000000264191.png,train,-1
000000264420.png,train,-1
000000264554.png,train,-1
000000267008.png,train,-1
000000267363.png,train,-1
000000268469.png,train,-1
000000269098.png,train,-1
000000270688.png,train,-1
000000271051.png,train,-1
000000274640.png,train,-1
000000274999.png,train,-1
000000275374.png,train,-1
000000275611.png,train,-1
000000275691.png,train,-1
000000278963.png,train,-1
000000279300.png,train,-1
000000279454.png,train,-1
000000279491.png,train,-1
000000279749.png,train,-1
000000280297.png,train,-1
000000282456.png,train,-1
000000282514.png,train,-1
000000283548.png,train,-1
000000283620.png,train,-1
000000286723.png,train,-1
000000287400.png,train,-1
000000288383.png,train,-1
000000289575.png,train,-1
000000289698.png,train,-1
000000290062.png,train,-1
000000290183.png,train,146
000000291451.png,train,-1
000000292213.png,train,-1
000000292558.png,train,-1
000000293283.png,train,-1
000000296797.png,train,-1
000000297092.png,train,-1
000000297442.png,train,-1
000000299654.png,train,-1
000000300214.png,train,-1
000000300732.png,train,-1
000000301415.png,train,-1
000000301970.png,train,-1
000000303233.png,train,-1
000000303549.png,train,-1
000000303593.png,train,-1
000000303778.png,train,-1
000000308263.png,train,-1
000000308488.png,train,-1
000000308722.png,train,-1
000000311759.png,train,-1
000000313061.png,train,-1
000000313097.png,train,-1
000000313596.png,train,-1
000000313665.png,train,-1
000000315831.png,train,-1
000000318785.png,train,-1
000000318910.png,train,-1
000000319690.png,train,-1
000000320354.png,train,-1
000000320972.png,train,-1
000000321332.png,train,-1
000000323010.png,train,-1
000000323552.png,train,-1
000000323634.png,train,-1
000000324313.png,train,-1
000000324409.png,train,-1
000000325907.png,train,-1
000000327746.png,train,-1
000000327799.png,train,-1
000000330100.png,train,-1
000000330243.png,train,-1
000000330403.png,train,-1
000000331214.png,train,-1
000000332210.png,train,-1
000000333000.png,train,-1
000000333101.png,train,-1
000000335063.png,train,-1
000000335359.png,train,-1
000000336354.png,train,-1
000000339670.png,train,-1
000000341369.png,train,-1
000000344930.png,train,-1
000000344945.png,train,-1
000000346290.png,train,-1
000000348809.png,train,-1
000000349090.png,train,-1
000000350160.png,train,-1
000000350309.png,train,-1
000000352155.png,train,-1
000000352789.png,train,-1
000000353761.png,train,-1
000000354369.png,train,-1
000000355741.png,train,-1
000000355871.png,train,-1
000000356107.png,train,-1
000000356396.png,train,-1
000000357799.png,train,-1
000000358200.png,train,-1
000000358334.png,train,-1
000000359876.png,train,-1
000000360279.png,train,-1
000000361119.png,train,-1
000000362446.png,train,-1
000000363071.png,train,-1
000000364770.png,train,-1
000000365135.png,train,-1
000000365600.png,train,-1
000000368468.png,train,-1
000000369491.png,train,-1
000000370038.png,train,-1
000000371493.png,train,-1
000000371927.png,train,-1
000000372058.png,train,-1
000000373254.png,train,-1
000000374171.png,train,-1
000000374375.png,train,-1
000000374984.png,train,-1
000000375045.png,train,-1
000000375450.png,train,-1
000000375926.png,train,-1
000000376209.png,train,-1
000000376643.png,train,-1
000000377910.png,train,-1
000000378313.png,train,-1
000000380979.png,train,-1
000000381253.png,train,-1
000000381314.png,train,-1
000000381533.png,train,-1
000000382104.png,train,-1
000000382641.png,train,25
000000382717.png,train,-1
000000384486.png,train,-1
000000385873.png,train,-1
000000386525.png,train,-1
000000386589.png,train,-1
000000386768.png,train,-1
000000387604.png,train,-1
000000388569.png,train,-1
000000389964.png,train,-1
000000390002.png,train,-1
000000390348.png,train,-1
000000390934.png,train,-1
000000391486.png,train,-1
000000392229.png,train,-1
000000398799.png,train,-1
000000400253.png,train,-1
000000402788.png,train,-1
000000403798.png,train,-1
000000404450.png,train,-1
000000405210.png,train,-1
000000405361.png,train,-1
000000405848.png,train,-1
000000407197.png,train,-1
000000407959.png,train,-1
000000408755.png,train,-1
000000413956.png,train,-1
000000414109.png,train,-1
000000414162.png,train,-1
000000415461.png,train,-1
000000415901.png,train,-1
000000417818.png,train,-1
000000419076.png,train,-1
000000420422.png,train,139
000000421955.png,train,-1
000000422899.png,train,-1
000000423363.png,train,-1
000000424332.png,train,-1
000000426700.png,train,-1
000000426829.png,train,-1
000000428085.png,train,-1
000000428995.png,train,-1
000000430035.png,train,-1
000000431707.png,train,-1
000000431824.png,train,-1
000000432150.png,train,-1
000000434486.png,train,-1
000000434893.png,train,-1
000000435751.png,train,-1
000000437297.png,train,-1
000000437745.png,train,-1
000000439518.png,train,-1
000000442301.png,train,-1
000000442549.png,train,-1
000000442980.png,train,-1
000000444235.png,train,-1
000000445140.png,train,94
000000445594.png,train,-1
000000445829.png,train,-1
000000446694.png,train,-1
000000448069.png,train,-1
000000448236.png,train,-1
000000449078.png,train,-1
000000449412.png,train,-1
000000451727.png,train,-1
000000453472.png,train,-1
000000453541.png,train,-1
000000453792.png,train,-1
000000454399.png,train,-1
000000454830.png,train,-1
000000456556.png,train,-1
000000457261.png,train,-1
000000458622.png,train,-1
000000459037.png,train,-1
000000460031.png,train,-1
000000460364.png,train,-1
000000461501.png,train,-1
000000462197.png,train,-1
000000462530.png,train,-1
000000463913.png,train,-1
000000464546.png,train,-1
000000466196.png,train,-1
000000466838.png,train,-1
000000467252.png,train,-1
000000469315.png,train,-1
000000469896.png,train,-1
000000469995.png,train,-1
000000470104.png,train,-1
000000470172.png,train,-1
000000471913.png,train,-1
000000472874.png,train,-1
000000473075.png,train,-1
000000473425.png,train,-1
000000475313.png,train,-1
000000476889.png,train,-1
000000477120.png,train,-1
000000477351.png,train,-1
000000477641.png,train,-1
000000478159.png,train,-1
000000479102.png,train,-1
000000479864.png,train,-1
000000480036.png,train,-1
000000481648.png,train,-1
000000482382.png,train,-1
000000482451.png,train,-1
000000482562.png,train,-1
000000484651.png,train,-1
000000485172.png,train,-1
000000485187.png,train,-1
000000486013.png,train,-1
000000486081.png,train,-1
000000486536.png,train,-1
000000487351.png,train,-1
000000487904.png,train,-1
000000488014.png,train,-1
000000489440.png,train,-1
000000490046.png,train,-1
000000491164.png,train,-1
000000492069.png,train,-1
000000493197.png,train,-1
000000494800.png,train,-1
000000495609.png,train,-1
000000495613.png,train,542
000000495905.png,train,-1
000000496106.png,train,-1
000000500044.png,train,-1
000000500226.png,train,-1
000000501257.png,train,-1
000000501695.png,train,-1
000000503269.png,train,-1
000000503293.png,train,-1
000000503478.png,train,-1
000000504550.png,train,-1
000000504790.png,train,-1
000000504878.png,train,-1
000000507389.png,train,-1
000000507809.png,train,-1
000000508230.png,train,-1
000000508502.png,train,-1
000000509468.png,train,-1
000000509534.png,train,-1
000000509579.png,train,-1
000000509786.png,train,-1
000000510365.png,train,-1
000000510756.png,train,-1
000000513397.png,train,-1
000000513943.png,train,-1
000000514243.png,train,-1
000000514321.png,train,-1
000000514600.png,train,-1
000000515893.png,train,-1
000000517454.png,train,-1
000000517702.png,train,-1
000000517794.png,train,-1
000000518552.png,train,-1
000000518859.png,train,-1
000000521533.png,train,-1
000000522613.png,train,-1
000000523576.png,train,-1
000000524638.png,train,-1
000000525860.png,train,-1
000000528595.png,train,-1
000000529645.png,train,-1
000000530486.png,train,-1
000000530520.png,train,-1
000000530546.png,train,-1
000000532617.png,train,-1
000000533158.png,train,-1
000000536149.png,train,-1
000000536619.png,train,-1
000000539419.png,train,-1
000000540633.png,train,-1
000000541147.png,train,-1
000000541280.png,train,-1
000000542024.png,train,-1
000000542855.png,train,-1
000000543272.png,train,-1
000000543657.png,train,-1
000000544039.png,train,-1
000000544299.png,train,-1
000000545891.png,train,-1
000000546568.png,train,-1
000000546643.png,train,-1
000000548597.png,train,-1
000000548979.png,train,-1
000000550729.png,train,-1
000000550747.png,train,-1
000000551244.png,train,-1
000000551316.png,train,-1
000000552851.png,train,-1
000000553067.png,train,-1
000000553081.png,train,-1
000000553531.png,train,-1
000000555577.png,train,-1
000000557685.png,train,-1
000000559701.png,train,-1
000000559950.png,train,491
000000564677.png,train,-1
000000566704.png,train,-1
000000569353.png,train,-1
000000570039.png,train,-1
000000570094.png,train,-1
000000570518.png,train,-1
000000571029.png,train,-1
000000571076.png,train,-1
000000572935.png,train,-1
000000573044.png,train,-1
000000573954.png,train,-1
000000574492.png,train,-1
000000574599.png,train,-1
000000575717.png,train,-1
000000576122.png,train,-1
000000577126.png,train,-1
000000577320.png,train,-1
000000577654.png,train,-1
000000577876.png,train,-1
000000579632.png,train,-1
000000579926.png,train,-1
000000581732.png,train,-1
celebA_000028_heavy.png,train,-1
celebA_000043_modify.png,train,-1
celebA_000057_modify.png,train,-1
celebA_000104_add.png,train,-1
celebA_000121_remove.png,train,-1
celebA_000146_remove.png,train,-1
celebA_000158_modify.png,train,-1
celebA_000161_add.png,train,-1
celebA_000190_heavy.png,train,-1
celebA_000234_modify.png,train,-1
celebA_000294_heavy.png,train,-1
celebA_000322_heavy.png,train,-1
celebA_000333_modify.png,train,-1
celebA_000336_remove.png,train,-1
celebA_000359_remove.png,train,-1
celebA_000375_add.png,train,-1
celebA_000387_remove.png,train,-1
celebA_000428_remove.png,train,-1
celebA_000437_add.png,train,-1
celebA_000437_heavy.png,train,-1
celebA_000501_heavy.png,train,-1
celebA_000503_heavy.png,train,-1
celebA_000572_add.png,train,-1
celebA_000572_heavy.png,train,-1
celebA_000594_add.png,train,115
celebA_000611_add.png,train,-1
celebA_000693_remove.png,train,-1
celebA_000705_add.png,train,-1
celebA_000736_add.png,train,-1
celebA_000751_add.png,train,-1
celebA_000756_modify.png,train,-1
celebA_000763_modify.png,train,-1
celebA_000765_heavy.png,train,-1
celebA_000782_heavy.png,train,-1
celebA_000802_remove.png,train,-1
celebA_000852_modify.png,train,-1
celebA_000852_remove.png,train,-1
celebA_000985_heavy.png,train,-1
celebA_001010_remove.png,train,11
celebA_001022_add.png,train,-1
celebA_001073_heavy.png,train,11
celebA_001158_add.png,train,71
celebA_001158_heavy.png,train,-1
celebA_001250_heavy.png,train,-1
celebA_001341_add.png,train,-1
celebA_001362_heavy.png,train,-1
celebA_001363_heavy.png,train,11
celebA_001363_remove.png,train,-1
celebA_001383_modify.png,train,-1
celebA_001423_remove.png,train,-1
celebA_001472_heavy.png,train,-1
celebA_001496_heavy.png,train,297
celebA_001502_remove.png,train,-1
celebA_001549_remove.png,train,-1
celebA_001550_add.png,train,-1
celebA_001584_add.png,train,-1
celebA_001584_modify.png,train,-1
celebA_001599_modify.png,train,-1
celebA_001633_heavy.png,train,-1
celebA_001676_remove.png,train,-1
celebA_001705_modify.png,train,-1
celebA_001706_remove.png,train,406
celebA_001745_modify.png,train,-1
celebA_001745_remove.png,train,-1
celebA_001747_remove.png,train,-1
celebA_001753_heavy.png,train,-1
celebA_001763_add.png,train,-1
celebA_001783_modify.png,train,-1
celebA_001803_heavy.png,train,-1
celebA_001825_modify.png,train,-1
celebA_001832_heavy.png,train,-1
celebA_001840_heavy.png,train,-1
celebA_001899_add.png,train,-1
celebA_001925_heavy.png,train,-1
celebA_001933_heavy.png,train,-1
celebA_001933_modify.png,train,-1
celebA_001947_add.png,train,52
celebA_001959_heavy.png,train,-1
celebA_001962_remove.png,train,-1
celebA_001964_heavy.png,train,-1
celebA_001974_add.png,train,-1
celebA_001975_modify.png,train,-1
celebA_002010_heavy.png,train,-1
celebA_002040_add.png,train,8
celebA_002044_add.png,train,115
celebA_002077_heavy.png,train,-1
celebA_002110_modify.png,train,-1
celebA_002132_modify.png,train,-1
celebA_002147_heavy.png,train,-1
celebA_002165_heavy.png,train,-1
celebA_002183_remove.png,train,-1
celebA_002197_modify.png,train,-1
celebA_002208_add.png,train,-1
celebA_002209_add.png,train,-1
celebA_002237_modify.png,train,-1
celebA_002259_heavy.png,train,-1
celebA_002274_modify.png,train,-1
celebA_002274_remove.png,train,-1
celebA_002300_add.png,train,115
celebA_002435_heavy.png,train,-1
celebA_002469_add.png,train,-1
celebA_002481_add.png,train,-1
celebA_002481_remove.png,train,-1
celebA_002486_remove.png,train,-1
celebA_002538_modify.png,train,-1
celebA_002556_remove.png,train,-1
celebA_002558_remove.png,train,-1
celebA_002561_modify.png,train,-1
celebA_002573_remove.png,train,-1
celebA_002637_modify.png,train,-1
celebA_002708_heavy.png,train,-1
celebA_002718_heavy.png,train,-1
celebA_002765_heavy.png,train,247
celebA_002769_add.png,train,52
celebA_002794_modify.png,train,-1
celebA_002832_add.png,train,-1
celebA_002861_modify.png,train,-1
celebA_002875_modify.png,train,-1
celebA_002891_remove.png,train,-1
celebA_002893_modify.png,train,11
celebA_002914_remove.png,train,-1
celebA_002962_modify.png,train,-1
celebA_003014_add.png,train,52
celebA_003038_modify.png,train,-1
celebA_003054_add.png,train,-1
celebA_003085_modify.png,train,-1
celebA_003150_add.png,train,-1
celebA_003192_modify.png,train,-1
celebA_003194_modify.png,train,-1
celebA_003276_remove.png,train,-1
celebA_003288_remove.png,train,-1
celebA_003377_modify.png,train,-1
celebA_003385_add.png,train,-1
celebA_003385_modify.png,train,-1
celebA_003401_heavy.png,train,-1
celebA_003410_add.png,train,-1
celebA_003410_heavy.png,train,64
celebA_003411_modify.png,train,-1
celebA_003412_remove.png,train,-1
celebA_003451_modify.png,train,-1
celebA_003477_remove.png,train,-1
celebA_003488_modify.png,train,-1
celebA_003545_heavy.png,train,14
celebA_003546_add.png,train,277
celebA_003581_modify.png,train,-1
celebA_003598_modify.png,train,-1
celebA_003604_heavy.png,train,-1
celebA_003646_remove.png,train,-1
celebA_003667_add.png,train,-1
celebA_003761_heavy.png,train,-1
celebA_003761_modify.png,train,-1
celebA_003762_remove.png,train,-1
celebA_003792_heavy.png,train,-1
celebA_003814_modify.png,train,-1
celebA_003841_add.png,train,-1
celebA_003841_heavy.png,train,-1
celebA_003852_remove.png,train,-1
celebA_003893_modify.png,train,-1
celebA_003951_remove.png,train,-1
celebA_003957_add.png,train,-1
celebA_003971_remove.png,train,-1
celebA_004013_add.png,train,-1
celebA_004021_heavy.png,train,-1
celebA_004089_heavy.png,train,-1
celebA_004092_remove.png,train,-1
celebA_004123_modify.png,train,-1
celebA_004130_modify.png,train,-1
celebA_004139_heavy.png,train,-1
celebA_004140_add.png,train,-1
celebA_004142_heavy.png,train,-1
celebA_004156_heavy.png,train,-1
celebA_004222_modify.png,train,-1
celebA_004290_remove.png,train,7
celebA_004309_add.png,train,-1
celebA_004334_heavy.png,train,14
celebA_004345_heavy.png,train,-1
celebA_004409_heavy.png,train,-1
celebA_004442_heavy.png,train,-1
celebA_004447_heavy.png,train,-1
celebA_004470_heavy.png,train,-1
celebA_004472_remove.png,train,-1
celebA_004483_heavy.png,train,-1
celebA_004486_modify.png,train,-1
celebA_004486_remove.png,train,-1
celebA_004504_add.png,train,-1
celebA_004522_add.png,train,144
celebA_004522_modify.png,train,-1
celebA_004625_heavy.png,train,-1
celebA_004635_heavy.png,train,-1
celebA_004642_add.png,train,148
celebA_004642_heavy.png,train,-1
celebA_004642_modify.png,train,-1
celebA_004643_add.png,train,-1
celebA_004670_add.png,train,-1
celebA_004688_heavy.png,train,-1
celebA_004720_modify.png,train,-1
celebA_004727_heavy.png,train,-1
celebA_004727_remove.png,train,-1
celebA_004759_remove.png,train,-1
celebA_004798_add.png,train,-1
celebA_004813_add.png,train,-1
celebA_004822_add.png,train,-1
celebA_004827_heavy.png,train,-1
celebA_004846_add.png,train,-1
celebA_004869_modify.png,train,-1
celebA_004897_modify.png,train,-1
celebA_004927_heavy.png,train,-1
celebA_004936_add.png,train,-1
celebA_004955_modify.png,train,-1
celebA_004960_add.png,train,-1
celebA_004960_heavy.png,train,-1
celebA_004997_heavy.png,train,-1
celebA_005031_add.png,train,71
celebA_005096_add.png,train,37
celebA_005148_heavy.png,train,-1
celebA_005148_modify.png,train,-1
celebA_005180_heavy.png,train,240
celebA_005180_modify.png,train,240
celebA_005240_modify.png,train,-1
celebA_005329_add.png,train,277
celebA_005373_add.png,train,-1
celebA_005385_add.png,train,144
celebA_005389_heavy.png,train,-1
celebA_005468_heavy.png,train,-1
celebA_005469_heavy.png,train,-1
celebA_005469_modify.png,train,-1
celebA_005548_modify.png,train,-1
celebA_005550_heavy.png,train,-1
celebA_005652_modify.png,train,-1
celebA_005684_add.png,train,-1
celebA_005788_add.png,train,-1
celebA_005788_modify.png,train,195
celebA_005806_modify.png,train,-1
celebA_005830_remove.png,train,-1
celebA_005853_remove.png,train,-1
celebA_005905_heavy.png,train,-1
celebA_005963_add.png,train,-1
celebA_005972_heavy.png,train,-1
celebA_006003_remove.png,train,-1
celebA_006007_modify.png,train,-1
celebA_006029_add.png,train,145
celebA_006043_modify.png,train,-1
celebA_006136_heavy.png,train,-1
celebA_006157_add.png,train,-1
celebA_006186_modify.png,train,-1
celebA_006254_modify.png,train,-1
celebA_006259_add.png,train,90
celebA_006309_remove.png,train,-1
celebA_006311_modify.png,train,-1
celebA_006316_modify.png,train,-1
celebA_006322_heavy.png,train,247
celebA_006324_add.png,train,148
celebA_006342_modify.png,train,-1
celebA_006365_add.png,train,-1
celebA_006388_remove.png,train,-1
celebA_006396_remove.png,train,-1
celebA_006402_heavy.png,train,-1
celebA_006469_add.png,train,-1
celebA_006485_add.png,train,-1
celebA_006539_heavy.png,train,-1
celebA_006540_add.png,train,-1
celebA_006552_remove.png,train,-1
celebA_006573_add.png,train,-1
celebA_006573_remove.png,train,-1
celebA_006611_heavy.png,train,-1
celebA_006630_modify.png,train,297
celebA_006630_remove.png,train,-1
celebA_006632_add.png,train,-1
celebA_006641_remove.png,train,-1
celebA_006648_modify.png,train,-1
celebA_006657_remove.png,train,-1
celebA_006678_heavy.png,train,64
celebA_006682_heavy.png,train,-1
celebA_006685_remove.png,train,-1
celebA_006694_modify.png,train,-1
celebA_006742_remove.png,train,-1
celebA_006743_modify.png,train,-1
celebA_006747_modify.png,train,-1
celebA_006750_heavy.png,train,-1
celebA_006804_add.png,train,8
celebA_006804_remove.png,train,-1
celebA_006835_add.png,train,-1
celebA_006848_add.png,train,-1
celebA_006855_heavy.png,train,-1
celebA_006855_remove.png,train,-1
celebA_006874_remove.png,train,-1
celebA_006878_add.png,train,-1
celebA_006892_remove.png,train,-1
celebA_006902_heavy.png,train,-1
celebA_006915_heavy.png,train,-1
celebA_006966_modify.png,train,-1
celebA_006966_remove.png,train,-1
celebA_007005_heavy.png,train,-1
celebA_007016_add.png,train,-1
celebA_007026_add.png,train,-1
celebA_007087_heavy.png,train,195
celebA_007100_heavy.png,train,-1
celebA_007114_add.png,train,-1
celebA_007114_remove.png,train,-1
celebA_007125_heavy.png,train,-1
celebA_007146_heavy.png,train,-1
celebA_007146_modify.png,train,-1
celebA_007166_remove.png,train,-1
celebA_007181_remove.png,train,-1
celebA_007196_add.png,train,-1
celebA_007235_remove.png,train,-1
celebA_007307_modify.png,train,-1
celebA_007328_modify.png,train,-1
celebA_007334_modify.png,train,-1
celebA_007388_modify.png,train,-1
celebA_007413_add.png,train,-1
celebA_007426_add.png,train,-1
celebA_007428_add.png,train,-1
celebA_007443_add.png,train,-1
celebA_007501_remove.png,train,-1
celebA_007509_add.png,train,-1
celebA_007510_remove.png,train,-1
celebA_007564_modify.png,train,-1
celebA_007570_heavy.png,train,-1
celebA_007570_modify.png,train,-1
celebA_007574_modify.png,train,-1
celebA_007589_remove.png,train,-1
celebA_007599_add.png,train,-1
celebA_007612_heavy.png,train,-1
celebA_007633_modify.png,train,-1
celebA_007702_modify.png,train,-1
celebA_007732_modify.png,train,-1
celebA_007736_add.png,train,-1
celebA_007746_add.png,train,-1
celebA_007752_add.png,train,-1
celebA_007801_modify.png,train,-1
celebA_007804_heavy.png,train,-1
celebA_007824_remove.png,train,-1
celebA_007858_add.png,train,-1
celebA_007865_heavy.png,train,-1
celebA_007865_modify.png,train,-1
celebA_007897_remove.png,train,7
celebA_007983_add.png,train,-1
celebA_007983_heavy.png,train,-1
celebA_007985_heavy.png,train,-1
celebA_008024_heavy.png,train,-1
celebA_008057_remove.png,train,-1
celebA_008082_remove.png,train,-1
celebA_008088_modify.png,train,-1
celebA_008107_modify.png,train,-1
celebA_008153_modify.png,train,-1
celebA_008180_modify.png,train,-1
celebA_008199_heavy.png,train,-1
celebA_008211_add.png,train,-1
celebA_008266_add.png,train,-1
celebA_008272_remove.png,train,-1
celebA_008294_add.png,train,-1
celebA_008341_remove.png,train,-1
coco_000000000349_brushnet_sd1-5_1_None.jpg,train,-1
coco_000000000502_hdpainter_sd2_1_None.jpg,train,-1
coco_000000000625_powerpaint_realisticvision_1_Blended.jpg,train,-1
coco_000000000761_inpaintanything_sd2_1_None.jpg,train,-1
coco_000000000831_hdpainter_dreamshaper_1_None.jpg,train,-1
coco_000000001036_removeanything_lama_1_None.jpg,train,-1
coco_000000001591_removeanything_lama_1_None.jpg,train,-1
coco_000000001674_brushnet_sdxl_1_None.jpg,train,-1
coco_000000001915_brushnet_juggernaut_1_Blended.jpg,train,-1
coco_000000002179_controlnet_sd1-5_1_None.jpg,train,-1
coco_000000002337_removeanything_lama_1_None.jpg,train,-1
coco_000000002931_powerpaint_realisticvision_1_Blended.jpg,train,-1
coco_000000002989_controlnet_sd1-5_1_None.jpg,train,-1
coco_000000003040_powerpaint_realisticvision_1_Blended.jpg,train,-1
coco_000000003103_controlnet_sd1-5_1_None.jpg,train,-1
coco_000000003224_removeanything_lama_1_None.jpg,train,-1
coco_000000003320_controlnet_sd1-5_1_None.jpg,train,-1
coco_000000003917_brushnet_juggernaut_1_Blended.jpg,train,-1
coco_000000003938_removeanything_lama_1_None.jpg,train,-1
coco_000000004065_inpaintanything_sd2_1_None.jpg,train,-1
coco_000000004286_controlnet_sd1-5_1_None.jpg,train,-1
coco_000000004322_powerpaint_realisticvision_1_None.jpg,train,-1
coco_000000004502_controlnet_sd1-5_1_None.jpg,train,-1
coco_000000004555_powerpaint_realisticvision_1_None.jpg,train,-1
coco_000000004592_removeanything_lama_1_None.jpg,train,-1
coco_000000004700_powerpaint_realisticvision_1_None.jpg,train,-1
coco_000000004840_hdpainter_sd1-5_1_None.jpg,train,-1
coco_000000004888_controlnet_sd1-5_1_None.jpg,train,-1
coco_000000005486_brushnet_dreamshaper_1_None.jpg,train,-1
coco_000000005688_inpaintanything_sd2_1_None.jpg,train,-1
coco_000000005756_powerpaint_realisticvision_1_None.jpg,train,-1
coco_000000006241_powerpaint_realisticvision_1_None.jpg,train,-1
coco_000000006437_hdpainter_dreamshaper_1_None.jpg,train,-1
coco_000000006744_controlnet_sd1-5_1_None.jpg,train,-1
coco_000000006760_inpaintanything_sd2_1_None.jpg,train,-1
coco_000000006809_removeanything_lama_1_None.jpg,train,-1
coco_000000006819_controlnet_sd1-5_1_None.jpg,train,-1
coco_000000007205_brushnet_epicrealism_1_None.jpg,train,-1
coco_000000007298_controlnet_sd1-5_1_None.jpg,train,-1
coco_000000007420_controlnet_sd1-5_1_None.jpg,train,-1
coco_000000007677_powerpaint_realisticvision_1_None.jpg,train,-1
coco_000000007839_hdpainter_sd2_1_None.jpg,train,-1
coco_000000007899_removeanything_lama_1_None.jpg,train,-1
coco_000000008160_brushnet_realisticvision_1_None.jpg,train,-1
coco_000000008187_hdpainter_sd2_1_None.jpg,train,-1
coco_000000008290_hdpainter_dreamshaper_1_Upscaled.jpg,train,-1
coco_000000008665_removeanything_lama_1_None.jpg,train,-1
coco_000000008794_powerpaint_realisticvision_1_Blended.jpg,train,-1
coco_000000008846_inpaintanything_sd2_1_None.jpg,train,-1
coco_000000009172_brushnet_epicrealism_1_Blended.jpg,train,-1
coco_000000009656_hdpainter_dreamshaper_1_None.jpg,train,-1
coco_000000009696_removeanything_lama_1_None.jpg,train,-1
coco_000000010008_inpaintanything_sd2_1_None.jpg,train,-1
coco_000000010014_brushnet_dreamshaper_1_Blended.jpg,train,-1
coco_000000010343_controlnet_sd1-5_1_None.jpg,train,-1
coco_000000010346_brushnet_epicrealism_1_Blended.jpg,train,-1
coco_000000010560_removeanything_lama_1_None.jpg,train,-1
coco_000000011347_inpaintanything_sd2_1_None.jpg,train,-1
coco_000000011496_inpaintanything_sd2_1_None.jpg,train,-1
coco_000000011567_brushnet_realisticvision_1_Blended.jpg,train,-1
coco_000000011737_removeanything_lama_1_None.jpg,train,-1
coco_000000011812_controlnet_sd1-5_1_None.jpg,train,-1
coco_000000012434_removeanything_lama_1_None.jpg,train,-1
coco_000000012551_brushnet_juggernaut_1_Blended.jpg,train,-1
coco_000000012873_inpaintanything_sd2_1_None.jpg,train,-1
coco_000000012902_removeanything_lama_1_None.jpg,train,-1
coco_000000012946_powerpaint_realisticvision_1_None.jpg,train,-1
coco_000000013106_controlnet_sd1-5_1_None.jpg,train,-1
coco_000000013473_brushnet_realisticvision_1_None.jpg,train,-1
coco_000000013492_inpaintanything_sd2_1_None.jpg,train,-1
coco_000000014029_brushnet_epicrealism_1_None.jpg,train,-1
coco_000000014335_brushnet_sd1-5_1_None.jpg,train,-1
coco_000000014412_brushnet_sdxl_1_Blended.jpg,train,-1
coco_000000015113_brushnet_sd1-5_1_Blended.jpg,train,-1
coco_000000015126_inpaintanything_sd2_1_None.jpg,train,-1
coco_000000015259_powerpaint_realisticvision_1_None.jpg,train,-1
coco_000000015374_brushnet_realisticvision_1_None.jpg,train,-1
coco_000000015600_powerpaint_realisticvision_1_None.jpg,train,-1
coco_000000015810_removeanything_lama_1_None.jpg,train,-1
coco_000000015876_brushnet_realisticvision_1_None.jpg,train,-1
coco_000000015930_powerpaint_realisticvision_1_None.jpg,train,-1
coco_000000016169_inpaintanything_sd2_1_None.jpg,train,-1
coco_000000016188_controlnet_sd1-5_1_None.jpg,train,-1
coco_000000016322_removeanything_lama_1_None.jpg,train,-1
coco_000000016412_controlnet_sd1-5_1_None.jpg,train,-1
coco_000000016486_controlnet_sd1-5_1_None.jpg,train,-1
coco_000000016755_powerpaint_realisticvision_1_None.jpg,train,-1
coco_000000017962_brushnet_dreamshaper_1_None.jpg,train,-1
coco_000000018072_removeanything_lama_1_None.jpg,train,-1
coco_000000018366_removeanything_lama_1_None.jpg,train,-1
coco_000000018373_powerpaint_realisticvision_1_Blended.jpg,train,-1
coco_000000018432_brushnet_sdxl_1_None.jpg,train,-1
coco_000000018505_hdpainter_dreamshaper_1_None.jpg,train,-1
coco_000000018816_hdpainter_sd1-5_1_None.jpg,train,-1
coco_000000018956_inpaintanything_sd2_1_None.jpg,train,-1
coco_000000019015_removeanything_lama_1_None.jpg,train,-1
coco_000000019022_inpaintanything_sd2_1_None.jpg,train,-1
coco_000000019236_controlnet_sd1-5_1_None.jpg,train,-1
coco_000000019534_removeanything_lama_1_None.jpg,train,-1
coco_000000020012_brushnet_dreamshaper_1_None.jpg,train,-1
coco_000000020013_controlnet_sd1-5_1_None.jpg,train,-1
coco_000000020164_inpaintanything_sd2_1_None.jpg,train,-1
coco_000000020512_hdpainter_sd2_1_Upscaled.jpg,train,-1
coco_000000021049_powerpaint_realisticvision_1_None.jpg,train,-1
coco_000000021181_hdpainter_sd1-5_1_None.jpg,train,-1
coco_000000021222_powerpaint_realisticvision_1_Blended.jpg,train,-1
coco_000000021253_removeanything_lama_1_None.jpg,train,-1
coco_000000021269_removeanything_lama_1_None.jpg,train,-1
coco_000000021329_hdpainter_dreamshaper_1_None.jpg,train,-1
coco_000000021346_removeanything_lama_1_None.jpg,train,-1
coco_000000021459_powerpaint_realisticvision_1_None.jpg,train,41
coco_000000021587_inpaintanything_sd2_1_None.jpg,train,-1
coco_000000021711_brushnet_realisticvision_1_None.jpg,train,-1
coco_000000022086_powerpaint_realisticvision_1_None.jpg,train,-1
coco_000000022208_inpaintanything_sd2_1_None.jpg,train,-1
coco_000000022403_removeanything_lama_1_None.jpg,train,-1
coco_000000022484_inpaintanything_sd2_1_None.jpg,train,-1
coco_000000022861_hdpainter_sd2_1_None.jpg,train,35
coco_000000022964_removeanything_lama_1_None.jpg,train,-1
coco_000000022974_removeanything_lama_1_None.jpg,train,-1
coco_000000023194_powerpaint_realisticvision_1_Blended.jpg,train,-1
coco_000000023200_controlnet_sd1-5_1_None.jpg,train,-1
coco_000000023369_inpaintanything_sd2_1_None.jpg,train,-1
coco_000000023548_removeanything_lama_1_None.jpg,train,-1
coco_000000023569_powerpaint_realisticvision_1_None.jpg,train,-1
coco_000000023840_removeanything_lama_1_None.jpg,train,-1
coco_000000023935_inpaintanything_sd2_1_None.jpg,train,-1
coco_000000024299_brushnet_sdxl_1_None.jpg,train,-1
coco_000000024446_removeanything_lama_1_None.jpg,train,-1
coco_000000024625_controlnet_sd1-5_1_None.jpg,train,-1
coco_000000024682_controlnet_sd1-5_1_None.jpg,train,-1
coco_000000024802_hdpainter_dreamshaper_1_Upscaled.jpg,train,-1
coco_000000025003_controlnet_sd1-5_1_None.jpg,train,-1
coco_000000025404_removeanything_lama_1_None.jpg,train,-1
coco_000000025649_powerpaint_realisticvision_1_None.jpg,train,-1
coco_000000025722_removeanything_lama_1_None.jpg,train,-1
coco_000000025858_inpaintanything_sd2_1_None.jpg,train,-1
coco_000000026132_brushnet_realisticvision_1_None.jpg,train,-1
coco_000000026133_inpaintanything_sd2_1_None.jpg,train,-1
coco_000000026172_powerpaint_realisticvision_1_Blended.jpg,train,-1
coco_000000026200_removeanything_lama_1_None.jpg,train,-1
coco_000000026297_hdpainter_sd2_1_None.jpg,train,-1
coco_000000026378_inpaintanything_sd2_1_None.jpg,train,-1
coco_000000026443_removeanything_lama_1_None.jpg,train,-1
coco_000000026908_hdpainter_dreamshaper_1_Upscaled.jpg,train,-1
coco_000000027041_brushnet_juggernaut_1_Blended.jpg,train,-1
coco_000000027207_inpaintanything_sd2_1_None.jpg,train,-1
coco_000000027208_inpaintanything_sd2_1_None.jpg,train,-1
coco_000000027524_inpaintanything_sd2_1_None.jpg,train,-1
coco_000000027591_removeanything_lama_1_None.jpg,train,-1
coco_000000027610_inpaintanything_sd2_1_None.jpg,train,-1
coco_000000027660_removeanything_lama_1_None.jpg,train,-1
coco_000000027704_controlnet_sd1-5_1_None.jpg,train,-1
coco_000000027717_inpaintanything_sd2_1_None.jpg,train,-1
coco_000000027739_controlnet_sd1-5_1_None.jpg,train,-1
coco_000000027888_controlnet_sd1-5_1_None.jpg,train,-1
coco_000000027969_controlnet_sd1-5_1_None.jpg,train,-1
coco_000000028109_brushnet_epicrealism_1_None.jpg,train,-1
coco_000000028131_brushnet_epicrealism_1_None.jpg,train,-1
coco_000000028281_removeanything_lama_1_None.jpg,train,-1
coco_000000028343_hdpainter_sd2_1_Upscaled.jpg,train,-1
coco_000000028402_controlnet_sd1-5_1_None.jpg,train,-1
coco_000000028508_inpaintanything_sd2_1_None.jpg,train,-1
coco_000000028671_inpaintanything_sd2_1_None.jpg,train,-1
coco_000000028764_controlnet_sd1-5_1_None.jpg,train,-1
coco_000000028782_hdpainter_dreamshaper_1_Upscaled.jpg,train,-1
coco_000000028875_removeanything_lama_1_None.jpg,train,-1
coco_000000029145_powerpaint_realisticvision_1_Blended.jpg,train,-1
coco_000000029176_powerpaint_realisticvision_1_Blended.jpg,train,-1
coco_000000029341_removeanything_lama_1_None.jpg,train,-1
coco_000000029391_hdpainter_dreamshaper_1_Upscaled.jpg,train,-1
coco_000000029402_powerpaint_realisticvision_1_Blended.jpg,train,-1
coco_000000029622_powerpaint_realisticvision_1_Blended.jpg,train,-1
coco_000000030151_powerpaint_realisticvision_1_None.jpg,train,-1
coco_000000030261_inpaintanything_sd2_1_None.jpg,train,-1
coco_000000030852_controlnet_sd1-5_1_None.jpg,train,-1
coco_000000031092_hdpainter_sd1-5_1_Upscaled.jpg,train,-1
coco_000000031240_inpaintanything_sd2_1_None.jpg,train,-1
coco_000000031335_removeanything_lama_1_None.jpg,train,-1
coco_000000031825_removeanything_lama_1_None.jpg,train,-1
coco_000000032082_removeanything_lama_1_None.jpg,train,-1
coco_000000032491_removeanything_lama_1_None.jpg,train,-1
coco_000000032655_controlnet_sd1-5_1_None.jpg,train,-1
coco_000000032695_removeanything_lama_1_None.jpg,train,-1
coco_000000032708_removeanything_lama_1_None.jpg,train,-1
coco_000000032773_brushnet_juggernaut_1_Blended.jpg,train,-1
coco_000000032947_powerpaint_realisticvision_1_None.jpg,train,-1
coco_000000033034_removeanything_lama_1_None.jpg,train,-1
coco_000000033189_hdpainter_sd2_1_Upscaled.jpg,train,-1
coco_000000033295_powerpaint_realisticvision_1_None.jpg,train,-1
coco_000000033305_inpaintanything_sd2_1_None.jpg,train,-1
coco_000000033667_controlnet_sd1-5_1_None.jpg,train,-1
coco_000000033733_inpaintanything_sd2_1_None.jpg,train,-1
coco_000000033787_hdpainter_sd1-5_1_Upscaled.jpg,train,-1
coco_000000033841_brushnet_sdxl_1_None.jpg,train,-1
coco_000000033912_brushnet_epicrealism_1_Blended.jpg,train,-1
coco_000000033995_inpaintanything_sd2_1_None.jpg,train,-1
coco_000000034038_removeanything_lama_1_None.jpg,train,-1
coco_000000034301_removeanything_lama_1_None.jpg,train,-1
coco_000000035150_hdpainter_dreamshaper_1_Upscaled.jpg,train,-1
coco_000000035358_controlnet_sd1-5_1_None.jpg,train,-1
coco_000000035628_powerpaint_realisticvision_1_None.jpg,train,-1
coco_000000035690_controlnet_sd1-5_1_None.jpg,train,-1
coco_000000035707_controlnet_sd1-5_1_None.jpg,train,-1
coco_000000035738_inpaintanything_sd2_1_None.jpg,train,-1
coco_000000035774_controlnet_sd1-5_1_None.jpg,train,-1
coco_000000036124_inpaintanything_sd2_1_None.jpg,train,-1
coco_000000036157_powerpaint_realisticvision_1_Blended.jpg,train,-1
coco_000000036207_brushnet_juggernaut_1_Blended.jpg,train,-1
coco_000000036500_brushnet_epicrealism_1_None.jpg,train,-1
coco_000000036559_hdpainter_sd1-5_1_Upscaled.jpg,train,-1
coco_000000036589_hdpainter_dreamshaper_1_Upscaled.jpg,train,-1
coco_000000036911_hdpainter_dreamshaper_1_None.jpg,train,-1
coco_000000037186_powerpaint_realisticvision_1_Blended.jpg,train,-1
coco_000000037688_inpaintanything_sd2_1_None.jpg,train,-1
coco_000000037814_inpaintanything_sd2_1_None.jpg,train,-1
coco_000000037944_controlnet_sd1-5_1_None.jpg,train,-1
coco_000000038232_removeanything_lama_1_None.jpg,train,-1
coco_000000038426_removeanything_lama_1_None.jpg,train,-1
coco_000000038601_hdpainter_sd2_1_None.jpg,train,-1
coco_000000038686_controlnet_sd1-5_1_None.jpg,train,48
coco_000000038753_brushnet_dreamshaper_1_Blended.jpg,train,-1
coco_000000038922_removeanything_lama_1_None.jpg,train,-1
coco_000000039195_brushnet_epicrealism_1_Blended.jpg,train,-1
coco_000000039497_brushnet_realisticvision_1_None.jpg,train,-1
coco_000000039535_hdpainter_sd2_1_None.jpg,train,-1
coco_000000039698_hdpainter_sd2_1_Upscaled.jpg,train,-1
coco_000000039802_hdpainter_dreamshaper_1_Upscaled.jpg,train,-1
coco_000000040055_powerpaint_realisticvision_1_Blended.jpg,train,-1
coco_000000040103_hdpainter_dreamshaper_1_Upscaled.jpg,train,-1
coco_000000040426_hdpainter_sd1-5_1_None.jpg,train,-1
coco_000000040602_powerpaint_realisticvision_1_Blended.jpg,train,-1
coco_000000040842_hdpainter_sd1-5_1_None.jpg,train,-1
coco_000000040948_removeanything_lama_1_None.jpg,train,-1
coco_000000041103_inpaintanything_sd2_1_None.jpg,train,-1
coco_000000041138_removeanything_lama_1_None.jpg,train,-1
coco_000000041456_hdpainter_sd1-5_1_Upscaled.jpg,train,-1
coco_000000041489_brushnet_realisticvision_1_None.jpg,train,-1
coco_000000041528_hdpainter_dreamshaper_1_None.jpg,train,-1
coco_000000041649_powerpaint_realisticvision_1_None.jpg,train,-1
coco_000000042055_inpaintanything_sd2_1_None.jpg,train,-1
coco_000000042105_controlnet_sd1-5_1_None.jpg,train,-1
coco_000000042371_inpaintanything_sd2_1_None.jpg,train,-1
coco_000000042671_removeanything_lama_1_None.jpg,train,-1
coco_000000042725_inpaintanything_sd2_1_None.jpg,train,-1
coco_000000042956_brushnet_dreamshaper_1_Blended.jpg,train,-1
coco_000000043007_removeanything_lama_1_None.jpg,train,-1
coco_000000043011_hdpainter_dreamshaper_1_None.jpg,train,-1
coco_000000043016_removeanything_lama_1_None.jpg,train,42
coco_000000043165_hdpainter_sd1-5_1_None.jpg,train,-1
coco_000000043369_removeanything_lama_1_None.jpg,train,-1
coco_000000043673_removeanything_lama_1_None.jpg,train,-1
coco_000000043851_removeanything_lama_1_None.jpg,train,-1
coco_000000043882_removeanything_lama_1_None.jpg,train,-1
coco_000000043966_powerpaint_realisticvision_1_None.jpg,train,-1
coco_000000044060_inpaintanything_sd2_1_None.jpg,train,-1
coco_000000044337_inpaintanything_sd2_1_None.jpg,train,-1
coco_000000044341_powerpaint_realisticvision_1_None.jpg,train,-1
coco_000000044358_removeanything_lama_1_None.jpg,train,-1
coco_000000044446_controlnet_sd1-5_1_None.jpg,train,-1
coco_000000044928_powerpaint_realisticvision_1_Blended.jpg,train,-1
coco_000000045195_inpaintanything_sd2_1_None.jpg,train,-1
coco_000000045361_hdpainter_sd1-5_1_Upscaled.jpg,train,-1
coco_000000045374_brushnet_dreamshaper_1_Blended.jpg,train,-1
coco_000000045537_removeanything_lama_1_None.jpg,train,-1
coco_000000045680_powerpaint_realisticvision_1_None.jpg,train,-1
coco_000000046011_inpaintanything_sd2_1_None.jpg,train,-1
coco_000000046038_hdpainter_sd2_1_None.jpg,train,-1
coco_000000046068_inpaintanything_sd2_1_None.jpg,train,-1
coco_000000046571_controlnet_sd1-5_1_None.jpg,train,-1
coco_000000046812_hdpainter_sd1-5_1_None.jpg,train,-1
coco_000000047175_removeanything_lama_1_None.jpg,train,-1
coco_000000047226_powerpaint_realisticvision_1_Blended.jpg,train,-1
coco_000000047234_removeanything_lama_1_None.jpg,train,-1
coco_000000047425_hdpainter_sd2_1_Upscaled.jpg,train,-1
coco_000000047805_removeanything_lama_1_None.jpg,train,-1
coco_000000047832_inpaintanything_sd2_1_None.jpg,train,-1
coco_000000047949_inpaintanything_sd2_1_None.jpg,train,-1
coco_000000048220_powerpaint_realisticvision_1_None.jpg,train,-1
coco_000000048451_brushnet_sdxl_1_Blended.jpg,train,-1
coco_000000048665_removeanything_lama_1_None.jpg,train,-1
coco_000000048825_brushnet_epicrealism_1_None.jpg,train,-1
coco_000000049495_removeanything_lama_1_None.jpg,train,-1
coco_000000049633_controlnet_sd1-5_1_None.jpg,train,-1
coco_000000049643_powerpaint_realisticvision_1_Blended.jpg,train,-1
coco_000000049845_controlnet_sd1-5_1_None.jpg,train,-1
coco_000000049946_controlnet_sd1-5_1_None.jpg,train,-1
coco_000000049988_removeanything_lama_1_None.jpg,train,-1
coco_000000050025_inpaintanything_sd2_1_None.jpg,train,-1
coco_000000050054_inpaintanything_sd2_1_None.jpg,train,-1
coco_000000050470_removeanything_lama_1_None.jpg,train,-1
coco_000000051156_removeanything_lama_1_None.jpg,train,-1
coco_000000051504_hdpainter_dreamshaper_1_None.jpg,train,-1
coco_000000051550_brushnet_sdxl_1_Blended.jpg,train,-1
coco_000000051717_powerpaint_realisticvision_1_None.jpg,train,-1
coco_000000052155_inpaintanything_sd2_1_None.jpg,train,-1
coco_000000052348_hdpainter_sd1-5_1_Upscaled.jpg,train,-1
coco_000000052527_inpaintanything_sd2_1_None.jpg,train,-1
coco_000000052901_controlnet_sd1-5_1_None.jpg,train,-1
coco_000000053423_powerpaint_realisticvision_1_Blended.jpg,train,-1
coco_000000053662_powerpaint_realisticvision_1_Blended.jpg,train,-1
coco_000000053744_brushnet_sdxl_1_None.jpg,train,-1
coco_000000053800_inpaintanything_sd2_1_None.jpg,train,-1
coco_000000054245_removeanything_lama_1_None.jpg,train,-1
coco_000000054252_hdpainter_sd1-5_1_Upscaled.jpg,train,-1
coco_000000054273_hdpainter_dreamshaper_1_Upscaled.jpg,train,-1
coco_000000054411_hdpainter_sd1-5_1_None.jpg,train,-1
coco_000000054427_removeanything_lama_1_None.jpg,train,-1
coco_000000054534_brushnet_epicrealism_1_Blended.jpg,train,-1
coco_000000054995_removeanything_lama_1_None.jpg,train,-1
coco_000000055109_controlnet_sd1-5_1_None.jpg,train,-1
coco_000000055155_brushnet_juggernaut_1_None.jpg,train,-1
coco_000000055915_removeanything_lama_1_None.jpg,train,-1
coco_000000056048_removeanything_lama_1_None.jpg,train,-1
coco_000000056266_powerpaint_realisticvision_1_Blended.jpg,train,-1
coco_000000056580_brushnet_juggernaut_1_None.jpg,train,-1
coco_000000056605_brushnet_juggernaut_1_Blended.jpg,train,-1
coco_000000056667_inpaintanything_sd2_1_None.jpg,train,-1
coco_000000056886_powerpaint_realisticvision_1_None.jpg,train,-1
coco_000000057173_controlnet_sd1-5_1_None.jpg,train,-1
coco_000000057427_hdpainter_sd1-5_1_Upscaled.jpg,train,-1
coco_000000057515_powerpaint_realisticvision_1_None.jpg,train,-1
coco_000000057646_hdpainter_sd2_1_None.jpg,train,-1
coco_000000057708_hdpainter_sd2_1_Upscaled.jpg,train,-1
coco_000000057820_removeanything_lama_1_None.jpg,train,-1
coco_000000057969_removeanything_lama_1_None.jpg,train,-1
coco_000000058079_removeanything_lama_1_None.jpg,train,-1
coco_000000058137_controlnet_sd1-5_1_None.jpg,train,-1
coco_000000058431_controlnet_sd1-5_1_None.jpg,train,-1
coco_000000058937_brushnet_realisticvision_1_Blended.jpg,train,-1
coco_000000059174_powerpaint_realisticvision_1_Blended.jpg,train,-1
coco_000000059367_controlnet_sd1-5_1_None.jpg,train,-1
coco_000000059388_powerpaint_realisticvision_1_Blended.jpg,train,-1
coco_000000059416_inpaintanything_sd2_1_None.jpg,train,-1
coco_000000059611_powerpaint_realisticvision_1_None.jpg,train,-1
coco_000000059622_hdpainter_sd2_1_Upscaled.jpg,train,-1
coco_000000059821_removeanything_lama_1_None.jpg,train,-1
coco_000000060448_controlnet_sd1-5_1_None.jpg,train,-1
coco_000000060569_hdpainter_sd2_1_None.jpg,train,-1
coco_000000060684_removeanything_lama_1_None.jpg,train,-1
coco_000000060881_removeanything_lama_1_None.jpg,train,-1
coco_000000060980_brushnet_realisticvision_1_Blended.jpg,train,-1
coco_000000061139_hdpainter_sd2_1_Upscaled.jpg,train,-1
coco_000000061288_hdpainter_sd1-5_1_Upscaled.jpg,train,-1
coco_000000061422_controlnet_sd1-5_1_None.jpg,train,-1
coco_000000061722_inpaintanything_sd2_1_None.jpg,train,-1
coco_000000062397_brushnet_realisticvision_1_Blended.jpg,train,-1
coco_000000062472_removeanything_lama_1_None.jpg,train,-1
coco_000000062549_controlnet_sd1-5_1_None.jpg,train,-1
coco_000000062562_powerpaint_realisticvision_1_Blended.jpg,train,-1
coco_000000062716_powerpaint_realisticvision_1_None.jpg,train,82
coco_000000062741_hdpainter_sd1-5_1_Upscaled.jpg,train,-1
coco_000000062814_brushnet_juggernaut_1_None.jpg,train,-1
coco_000000063434_brushnet_sdxl_1_None.jpg,train,-1
coco_000000063492_hdpainter_sd2_1_None.jpg,train,-1
coco_000000063626_controlnet_sd1-5_1_None.jpg,train,-1
coco_000000063647_powerpaint_realisticvision_1_Blended.jpg,train,-1
coco_000000063867_inpaintanything_sd2_1_None.jpg,train,-1
coco_000000063874_hdpainter_dreamshaper_1_None.jpg,train,-1
coco_000000063958_hdpainter_sd2_1_Upscaled.jpg,train,-1
coco_000000063959_controlnet_sd1-5_1_None.jpg,train,-1
coco_000000064111_hdpainter_sd2_1_Upscaled.jpg,train,-1
coco_000000064240_hdpainter_sd2_1_None.jpg,train,-1
coco_000000064310_powerpaint_realisticvision_1_Blended.jpg,train,-1
coco_000000064350_hdpainter_sd1-5_1_None.jpg,train,-1
coco_000000064425_hdpainter_sd2_1_None.jpg,train,-1
coco_000000064605_controlnet_sd1-5_1_None.jpg,train,-1
coco_000000064779_removeanything_lama_1_None.jpg,train,-1
coco_000000064809_hdpainter_sd2_1_Upscaled.jpg,train,-1
coco_000000064974_hdpainter_sd2_1_Upscaled.jpg,train,-1
coco_000000065139_brushnet_dreamshaper_1_Blended.jpg,train,-1
coco_000000065883_controlnet_sd1-5_1_None.jpg,train,-1
coco_000000066066_brushnet_juggernaut_1_Blended.jpg,train,-1
coco_000000066126_hdpainter_sd1-5_1_None.jpg,train,-1
coco_000000066808_hdpainter_sd2_1_Upscaled.jpg,train,-1
coco_000000067127_removeanything_lama_1_None.jpg,train,-1
coco_000000067660_controlnet_sd1-5_1_None.jpg,train,-1
coco_000000067729_controlnet_sd1-5_1_None.jpg,train,-1
coco_000000067757_brushnet_sd1-5_1_Blended.jpg,train,-1
coco_000000067935_controlnet_sd1-5_1_None.jpg,train,-1
coco_000000068176_controlnet_sd1-5_1_None.jpg,train,-1
coco_000000068237_inpaintanything_sd2_1_None.jpg,train,-1
coco_000000068242_controlnet_sd1-5_1_None.jpg,train,-1
coco_000000068377_brushnet_dreamshaper_1_Blended.jpg,train,-1
coco_000000068650_controlnet_sd1-5_1_None.jpg,train,-1
coco_000000068874_powerpaint_realisticvision_1_Blended.jpg,train,-1
coco_000000068894_controlnet_sd1-5_1_None.jpg,train,-1
coco_000000069000_removeanything_lama_1_None.jpg,train,-1
coco_000000069163_brushnet_sdxl_1_Blended.jpg,train,-1
coco_000000069321_inpaintanything_sd2_1_None.jpg,train,-1
coco_000000069350_inpaintanything_sd2_1_None.jpg,train,-1
coco_000000069405_powerpaint_realisticvision_1_Blended.jpg,train,-1
coco_000000069501_powerpaint_realisticvision_1_None.jpg,train,-1
coco_000000069599_brushnet_realisticvision_1_None.jpg,train,-1
coco_000000069839_controlnet_sd1-5_1_None.jpg,train,-1
coco_000000069978_brushnet_realisticvision_1_None.jpg,train,-1
coco_000000070255_removeanything_lama_1_None.jpg,train,-1
coco_000000070269_controlnet_sd1-5_1_None.jpg,train,-1
coco_000000070987_controlnet_sd1-5_1_None.jpg,train,-1
coco_000000071407_powerpaint_realisticvision_1_None.jpg,train,-1
coco_000000071857_powerpaint_realisticvision_1_Blended.jpg,train,-1
coco_000000071881_controlnet_sd1-5_1_None.jpg,train,-1
coco_000000072429_removeanything_lama_1_None.jpg,train,-1
coco_000000072769_inpaintanything_sd2_1_None.jpg,train,-1
coco_000000072792_powerpaint_realisticvision_1_Blended.jpg,train,-1
coco_000000073096_removeanything_lama_1_None.jpg,train,-1
coco_000000073234_powerpaint_realisticvision_1_None.jpg,train,-1
coco_000000073537_removeanything_lama_1_None.jpg,train,-1
coco_000000074103_powerpaint_realisticvision_1_None.jpg,train,-1
coco_000000074576_removeanything_lama_1_None.jpg,train,-1
coco_000000074938_powerpaint_realisticvision_1_Blended.jpg,train,-1
coco_000000075027_inpaintanything_sd2_1_None.jpg,train,-1
coco_000000075621_powerpaint_realisticvision_1_None.jpg,train,-1
coco_000000075636_powerpaint_realisticvision_1_Blended.jpg,train,82
coco_000000075668_inpaintanything_sd2_1_None.jpg,train,-1
coco_000000075963_powerpaint_realisticvision_1_Blended.jpg,train,-1
coco_000000076844_removeanything_lama_1_None.jpg,train,-1
coco_000000076956_removeanything_lama_1_None.jpg,train,-1
coco_000000077783_powerpaint_realisticvision_1_Blended.jpg,train,-1
coco_000000077963_removeanything_lama_1_None.jpg,train,-1
coco_000000078364_removeanything_lama_1_None.jpg,train,-1
coco_000000079716_inpaintanything_sd2_1_None.jpg,train,-1
coco_000000079883_inpaintanything_sd2_1_None.jpg,train,-1
coco_000000080213_inpaintanything_sd2_1_None.jpg,train,-1
coco_000000080332_inpaintanything_sd2_1_None.jpg,train,-1
coco_000000080864_inpaintanything_sd2_1_None.jpg,train,-1
coco_000000081099_inpaintanything_sd2_1_None.jpg,train,-1
coco_000000082475_inpaintanything_sd2_1_None.jpg,train,-1
coco_000000082740_removeanything_lama_1_None.jpg,train,-1
coco_000000082898_powerpaint_realisticvision_1_Blended.jpg,train,-1
coco_000000083079_inpaintanything_sd2_1_None.jpg,train,-1
coco_000000083464_powerpaint_realisticvision_1_None.jpg,train,-1
coco_000000083600_powerpaint_realisticvision_1_None.jpg,train,-1
coco_000000084493_powerpaint_realisticvision_1_Blended.jpg,train,-1
coco_000000084495_inpaintanything_sd2_1_None.jpg,train,-1
coco_000000084512_removeanything_lama_1_None.jpg,train,-1
coco_000000085110_removeanything_lama_1_None.jpg,train,-1
coco_000000085215_powerpaint_realisticvision_1_Blended.jpg,train,-1
coco_000000085252_inpaintanything_sd2_1_None.jpg,train,-1
coco_000000085407_removeanything_lama_1_None.jpg,train,-1
coco_000000086147_removeanything_lama_1_None.jpg,train,-1
coco_000000086452_inpaintanything_sd2_1_None.jpg,train,-1
coco_000000086654_removeanything_lama_1_None.jpg,train,-1
coco_000000086790_powerpaint_realisticvision_1_Blended.jpg,train,-1
coco_000000086884_powerpaint_realisticvision_1_Blended.jpg,train,-1
coco_000000087363_powerpaint_realisticvision_1_Blended.jpg,train,-1
coco_000000087616_inpaintanything_sd2_1_None.jpg,train,-1
coco_000000087987_inpaintanything_sd2_1_None.jpg,train,-1
coco_000000088802_powerpaint_realisticvision_1_None.jpg,train,-1
coco_000000089052_removeanything_lama_1_None.jpg,train,-1
coco_000000089210_removeanything_lama_1_None.jpg,train,-1
coco_000000091120_removeanything_lama_1_None.jpg,train,-1
coco_000000091353_inpaintanything_sd2_1_None.jpg,train,-1
coco_000000092107_removeanything_lama_1_None.jpg,train,-1
coco_000000092197_inpaintanything_sd2_1_None.jpg,train,-1
coco_000000092315_removeanything_lama_1_None.jpg,train,-1
coco_000000092585_inpaintanything_sd2_1_None.jpg,train,44
coco_000000092953_inpaintanything_sd2_1_None.jpg,train,-1
coco_000000093000_powerpaint_realisticvision_1_None.jpg,train,-1
coco_000000093465_powerpaint_realisticvision_1_Blended.jpg,train,-1
coco_000000093703_powerpaint_realisticvision_1_None.jpg,train,-1
coco_000000093720_removeanything_lama_1_None.jpg,train,-1
coco_000000093946_removeanything_lama_1_None.jpg,train,-1
coco_000000094271_inpaintanything_sd2_1_None.jpg,train,-1
coco_000000094666_removeanything_lama_1_None.jpg,train,-1
coco_000000095123_removeanything_lama_1_None.jpg,train,-1
coco_000000095383_powerpaint_realisticvision_1_None.jpg,train,-1
coco_000000095620_removeanything_lama_1_None.jpg,train,-1
coco_000000095833_inpaintanything_sd2_1_None.jpg,train,-1
coco_000000096189_powerpaint_realisticvision_1_Blended.jpg,train,-1
coco_000000097321_inpaintanything_sd2_1_None.jpg,train,-1
coco_000000097365_powerpaint_realisticvision_1_None.jpg,train,-1
coco_000000097367_inpaintanything_sd2_1_None.jpg,train,-1
coco_000000097591_removeanything_lama_1_None.jpg,train,-1
coco_000000097849_inpaintanything_sd2_1_None.jpg,train,-1
coco_000000097871_removeanything_lama_1_None.jpg,train,-1
coco_000000098707_inpaintanything_sd2_1_None.jpg,train,-1
coco_000000098801_inpaintanything_sd2_1_None.jpg,train,-1
coco_000000098871_powerpaint_realisticvision_1_None.jpg,train,-1
coco_000000098904_removeanything_lama_1_None.jpg,train,-1
coco_000000099086_inpaintanything_sd2_1_None.jpg,train,-1
coco_000000099165_inpaintanything_sd2_1_None.jpg,train,-1
coco_000000099642_inpaintanything_sd2_1_None.jpg,train,-1
coco_000000099874_inpaintanything_sd2_1_None.jpg,train,-1
coco_000000100199_removeanything_lama_1_None.jpg,train,-1
coco_000000100449_removeanything_lama_1_None.jpg,train,-1
coco_000000100506_inpaintanything_sd2_1_None.jpg,train,-1
coco_000000100895_removeanything_lama_1_None.jpg,train,-1
coco_000000101088_powerpaint_realisticvision_1_None.jpg,train,-1
coco_000000101241_inpaintanything_sd2_1_None.jpg,train,-1
coco_000000101826_inpaintanything_sd2_1_None.jpg,train,-1
coco_000000102400_powerpaint_realisticvision_1_None.jpg,train,284
coco_000000102469_powerpaint_realisticvision_1_Blended.jpg,train,-1
coco_000000102815_inpaintanything_sd2_1_None.jpg,train,-1
coco_000000104047_removeanything_lama_1_None.jpg,train,-1
coco_000000104758_inpaintanything_sd2_1_None.jpg,train,-1
coco_000000104790_powerpaint_realisticvision_1_None.jpg,train,-1
coco_000000104898_removeanything_lama_1_None.jpg,train,-1
coco_000000104982_inpaintanything_sd2_1_None.jpg,train,-1
coco_000000107013_removeanything_lama_1_None.jpg,train,-1
coco_000000107610_powerpaint_realisticvision_1_Blended.jpg,train,-1
coco_000000107979_removeanything_lama_1_None.jpg,train,-1
coco_000000108408_inpaintanything_sd2_1_None.jpg,train,-1
coco_000000108627_powerpaint_realisticvision_1_None.jpg,train,-1
coco_000000108838_powerpaint_realisticvision_1_Blended.jpg,train,-1
coco_000000109444_removeanything_lama_1_None.jpg,train,-1
coco_000000109937_removeanything_lama_1_None.jpg,train,-1
coco_000000110231_removeanything_lama_1_None.jpg,train,-1
coco_000000110240_inpaintanything_sd2_1_None.jpg,train,-1
coco_000000111032_inpaintanything_sd2_1_None.jpg,train,-1
coco_000000111583_inpaintanything_sd2_1_None.jpg,train,-1
coco_000000111629_powerpaint_realisticvision_1_None.jpg,train,-1
coco_000000111807_removeanything_lama_1_None.jpg,train,-1
coco_000000111922_inpaintanything_sd2_1_None.jpg,train,-1
coco_000000111933_inpaintanything_sd2_1_None.jpg,train,-1
coco_000000112250_removeanything_lama_1_None.jpg,train,-1
coco_000000112858_removeanything_lama_1_None.jpg,train,-1
coco_000000113001_powerpaint_realisticvision_1_None.jpg,train,63
coco_000000113058_removeanything_lama_1_None.jpg,train,-1
coco_000000113199_removeanything_lama_1_None.jpg,train,-1
coco_000000114229_powerpaint_realisticvision_1_Blended.jpg,train,-1
coco_000000114403_removeanything_lama_1_None.jpg,train,-1
coco_000000114473_inpaintanything_sd2_1_None.jpg,train,-1
coco_000000114521_powerpaint_realisticvision_1_None.jpg,train,48
coco_000000114541_removeanything_lama_1_None.jpg,train,-1
coco_000000114886_powerpaint_realisticvision_1_None.jpg,train,-1
coco_000000114894_removeanything_lama_1_None.jpg,train,-1
coco_000000115574_powerpaint_realisticvision_1_None.jpg,train,-1
coco_000000115692_inpaintanything_sd2_1_None.jpg,train,-1
coco_000000115700_powerpaint_realisticvision_1_Blended.jpg,train,-1
coco_000000115859_powerpaint_realisticvision_1_Blended.jpg,train,-1
coco_000000116064_inpaintanything_sd2_1_None.jpg,train,-1
coco_000000116088_inpaintanything_sd2_1_None.jpg,train,-1
coco_000000116220_inpaintanything_sd2_1_None.jpg,train,-1
coco_000000116900_powerpaint_realisticvision_1_Blended.jpg,train,-1
coco_000000117322_inpaintanything_sd2_1_None.jpg,train,-1
coco_000000117328_powerpaint_realisticvision_1_None.jpg,train,-1
coco_000000117396_inpaintanything_sd2_1_None.jpg,train,-1
coco_000000119647_powerpaint_realisticvision_1_None.jpg,train,-1
coco_000000119709_powerpaint_realisticvision_1_Blended.jpg,train,-1
coco_000000120518_inpaintanything_sd2_1_None.jpg,train,-1
coco_000000121749_inpaintanything_sd2_1_None.jpg,train,-1
coco_000000121839_powerpaint_realisticvision_1_None.jpg,train,-1
coco_000000121875_inpaintanything_sd2_1_None.jpg,train,-1
coco_000000121977_inpaintanything_sd2_1_None.jpg,train,-1
coco_000000122436_inpaintanything_sd2_1_None.jpg,train,-1
coco_000000122535_powerpaint_realisticvision_1_None.jpg,train,-1
coco_000000123071_powerpaint_realisticvision_1_Blended.jpg,train,-1
coco_000000123878_inpaintanything_sd2_1_None.jpg,train,-1
coco_000000124188_powerpaint_realisticvision_1_None.jpg,train,-1
coco_000000124235_powerpaint_realisticvision_1_None.jpg,train,-1
coco_000000124532_powerpaint_realisticvision_1_Blended.jpg,train,-1
coco_000000125720_powerpaint_realisticvision_1_Blended.jpg,train,-1
coco_000000126437_inpaintanything_sd2_1_None.jpg,train,-1
coco_000000127050_inpaintanything_sd2_1_None.jpg,train,-1
coco_000000127751_powerpaint_realisticvision_1_None.jpg,train,-1
coco_000000127926_inpaintanything_sd2_1_None.jpg,train,-1
coco_000000127976_inpaintanything_sd2_1_None.jpg,train,-1
coco_000000128135_inpaintanything_sd2_1_None.jpg,train,-1
coco_000000128848_inpaintanything_sd2_1_None.jpg,train,-1
coco_000000129072_powerpaint_realisticvision_1_None.jpg,train,-1
coco_000000134309_inpaintanything_sd2_1_None.jpg,train,-1
coco_000000135122_inpaintanything_sd2_1_None.jpg,train,-1
coco_000000135763_inpaintanything_sd2_1_None.jpg,train,-1
coco_000000136894_inpaintanything_sd2_1_None.jpg,train,-1
coco_000000137206_inpaintanything_sd2_1_None.jpg,train,-1
coco_000000137595_inpaintanything_sd2_1_None.jpg,train,-1
coco_000000137824_inpaintanything_sd2_1_None.jpg,train,-1
coco_000000138742_inpaintanything_sd2_1_None.jpg,train,-1
coco_000000141197_inpaintanything_sd2_1_None.jpg,train,-1
coco_000000143095_inpaintanything_sd2_1_None.jpg,train,-1
coco_000000144334_inpaintanything_sd2_1_None.jpg,train,-1
coco_000000146436_inpaintanything_sd2_1_None.jpg,train,-1
coco_000000149151_inpaintanything_sd2_1_None.jpg,train,-1
coco_000000149641_inpaintanything_sd2_1_None.jpg,train,-1
coco_000000150284_inpaintanything_sd2_1_None.jpg,train,-1
coco_000000152915_inpaintanything_sd2_1_None.jpg,train,-1
coco_000000155782_inpaintanything_sd2_1_None.jpg,train,-1
coco_000000155839_inpaintanything_sd2_1_None.jpg,train,-1
coco_000000155861_inpaintanything_sd2_1_None.jpg,train,-1
coco_000000155897_inpaintanything_sd2_1_None.jpg,train,-1
coco_000000159223_inpaintanything_sd2_1_None.jpg,train,-1
coco_000000159715_inpaintanything_sd2_1_None.jpg,train,-1
coco_000000159900_inpaintanything_sd2_1_None.jpg,train,-1
coco_000000159971_inpaintanything_sd2_1_None.jpg,train,-1
coco_000000160652_inpaintanything_sd2_1_None.jpg,train,-1
coco_000000161308_inpaintanything_sd2_1_None.jpg,train,-1
coco_000000161586_inpaintanything_sd2_1_None.jpg,train,-1
coco_000000161974_inpaintanything_sd2_1_None.jpg,train,-1
coco_000000163010_inpaintanything_sd2_1_None.jpg,train,-1
coco_000000163497_inpaintanything_sd2_1_None.jpg,train,-1
coco_000000165550_inpaintanything_sd2_1_None.jpg,train,-1
coco_000000168022_inpaintanything_sd2_1_None.jpg,train,-1
coco_000000168060_inpaintanything_sd2_1_None.jpg,train,-1
coco_000000168355_inpaintanything_sd2_1_None.jpg,train,-1
coco_000000169340_inpaintanything_sd2_1_None.jpg,train,-1
coco_000000169937_inpaintanything_sd2_1_None.jpg,train,-1
coco_000000173228_inpaintanything_sd2_1_None.jpg,train,-1
coco_000000173596_inpaintanything_sd2_1_None.jpg,train,-1
coco_000000174188_inpaintanything_sd2_1_None.jpg,train,-1
coco_000000174303_inpaintanything_sd2_1_None.jpg,train,-1
coco_000000174440_inpaintanything_sd2_1_None.jpg,train,-1
coco_000000178006_inpaintanything_sd2_1_None.jpg,train,-1
coco_000000179672_inpaintanything_sd2_1_None.jpg,train,-1
coco_000000182028_inpaintanything_sd2_1_None.jpg,train,-1
coco_000000182785_inpaintanything_sd2_1_None.jpg,train,-1
coco_000000186336_inpaintanything_sd2_1_None.jpg,train,-1
coco_000000186500_inpaintanything_sd2_1_None.jpg,train,-1
coco_000000186558_inpaintanything_sd2_1_None.jpg,train,-1
coco_000000188380_inpaintanything_sd2_1_None.jpg,train,-1
coco_000000190942_inpaintanything_sd2_1_None.jpg,train,-1
coco_000000192501_inpaintanything_sd2_1_None.jpg,train,-1
coco_000000195073_inpaintanything_sd2_1_None.jpg,train,-1
coco_000000195281_inpaintanything_sd2_1_None.jpg,train,-1
coco_000000195721_inpaintanything_sd2_1_None.jpg,train,-1
coco_000000195889_inpaintanything_sd2_1_None.jpg,train,-1
coco_000000196981_inpaintanything_sd2_1_None.jpg,train,-1
coco_000000198223_inpaintanything_sd2_1_None.jpg,train,-1
coco_000000198981_inpaintanything_sd2_1_None.jpg,train,-1
coco_000000199553_inpaintanything_sd2_1_None.jpg,train,-1
coco_000000200840_inpaintanything_sd2_1_None.jpg,train,-1
coco_000000201352_inpaintanything_sd2_1_None.jpg,train,-1
coco_000000202343_inpaintanything_sd2_1_None.jpg,train,-1
coco_000000203989_inpaintanything_sd2_1_None.jpg,train,-1
coco_000000204674_inpaintanything_sd2_1_None.jpg,train,-1
coco_000000204930_inpaintanything_sd2_1_None.jpg,train,-1
coco_000000205253_inpaintanything_sd2_1_None.jpg,train,-1
coco_000000206454_inpaintanything_sd2_1_None.jpg,train,-1
coco_000000206700_inpaintanything_sd2_1_None.jpg,train,-1
coco_000000207475_inpaintanything_sd2_1_None.jpg,train,-1
coco_000000207734_inpaintanything_sd2_1_None.jpg,train,-1
coco_000000207797_inpaintanything_sd2_1_None.jpg,train,-1
coco_000000209720_inpaintanything_sd2_1_None.jpg,train,-1
coco_000000211178_inpaintanything_sd2_1_None.jpg,train,-1
coco_000000211347_inpaintanything_sd2_1_None.jpg,train,-1
copymove_0_000000001592.tif,train,-1
copymove_0_000000003532.tif,train,-1
copymove_0_000000015552.tif,train,-1
copymove_0_000000022415.tif,train,-1
copymove_0_000000022890.tif,train,-1
copymove_0_000000025747.tif,train,-1
copymove_0_000000060515.tif,train,16
copymove_0_000000074617.tif,train,-1
copymove_0_000000097146.tif,train,-1
copymove_0_000000117718.tif,train,-1
copymove_0_000000134703.tif,train,-1
copymove_0_000000138618.tif,train,-1
copymove_0_000000143379.tif,train,-1
copymove_0_000000152099.tif,train,-1
copymove_0_000000158700.tif,train,-1
copymove_0_000000160848.tif,train,-1
copymove_0_000000168543.tif,train,-1
copymove_0_000000178683.tif,train,-1
copymove_0_000000181208.tif,train,-1
copymove_0_000000181627.tif,train,-1
copymove_0_000000190950.tif,train,-1
copymove_0_000000191325.tif,train,-1
copymove_0_000000211204.tif,train,-1
copymove_0_000000211678.tif,train,-1
copymove_0_000000215563.tif,train,-1
copymove_0_000000218601.tif,train,-1
copymove_0_000000218874.tif,train,-1
copymove_0_000000223827.tif,train,-1
copymove_0_000000229491.tif,train,-1
copymove_0_000000231863.tif,train,-1
copymove_0_000000236571.tif,train,-1
copymove_0_000000245817.tif,train,-1
copymove_0_000000255017.tif,train,60
copymove_0_000000257231.tif,train,-1
copymove_0_000000258528.tif,train,-1
copymove_0_000000293998.tif,train,-1
copymove_0_000000300655.tif,train,-1
copymove_0_000000301670.tif,train,-1
copymove_0_000000305480.tif,train,-1
copymove_0_000000305813.tif,train,-1
copymove_0_000000330256.tif,train,-1
copymove_0_000000331759.tif,train,-1
copymove_0_000000332420.tif,train,-1
copymove_0_000000345536.tif,train,-1
copymove_0_000000350171.tif,train,-1
copymove_0_000000362373.tif,train,-1
copymove_0_000000367896.tif,train,-1
copymove_0_000000409921.tif,train,-1
copymove_0_000000412658.tif,train,-1
copymove_0_000000417727.tif,train,-1
copymove_0_000000437440.tif,train,-1
copymove_0_000000449307.tif,train,-1
copymove_0_000000456969.tif,train,-1
copymove_0_000000460739.tif,train,-1
copymove_0_000000479617.tif,train,-1
copymove_0_000000481515.tif,train,-1
copymove_0_000000494940.tif,train,-1
copymove_0_000000501498.tif,train,-1
copymove_0_000000511577.tif,train,-1
copymove_0_000000520181.tif,train,-1
copymove_0_000000523947.tif,train,-1
copymove_0_000000566375.tif,train,-1
copymove_0_000000567224.tif,train,-1
copymove_0_000000578037.tif,train,-1
copymove_10_000000073361.tif,train,-1
copymove_10_000000220763.tif,train,-1
copymove_10_000000309615.tif,train,-1
copymove_11_000000302117.tif,train,-1
copymove_11_000000370162.tif,train,-1
copymove_13_000000529102.tif,train,-1
copymove_14_000000048451.tif,train,-1
copymove_14_000000351017.tif,train,-1
copymove_14_000000543200.tif,train,-1
copymove_16_000000424174.tif,train,-1
copymove_17_000000257685.tif,train,-1
copymove_1_000000017629.tif,train,-1
copymove_1_000000021365.tif,train,-1
copymove_1_000000064751.tif,train,-1
copymove_1_000000065208.tif,train,-1
copymove_1_000000079957.tif,train,-1
copymove_1_000000095321.tif,train,-1
copymove_1_000000114375.tif,train,-1
copymove_1_000000122786.tif,train,-1
copymove_1_000000125365.tif,train,-1
copymove_1_000000125468.tif,train,-1
copymove_1_000000146871.tif,train,-1
copymove_1_000000147058.tif,train,-1
copymove_1_000000155364.tif,train,-1
copymove_1_000000172716.tif,train,-1
copymove_1_000000174059.tif,train,-1
copymove_1_000000235537.tif,train,-1
copymove_1_000000242342.tif,train,-1
copymove_1_000000248753.tif,train,-1
copymove_1_000000278737.tif,train,-1
copymove_1_000000308343.tif,train,-1
copymove_1_000000335131.tif,train,-1
copymove_1_000000369788.tif,train,-1
copymove_1_000000383704.tif,train,-1
copymove_1_000000401816.tif,train,-1
copymove_1_000000423083.tif,train,16
copymove_1_000000434031.tif,train,-1
copymove_1_000000456725.tif,train,-1
copymove_1_000000459793.tif,train,-1
copymove_1_000000473109.tif,train,-1
copymove_1_000000524450.tif,train,-1
copymove_1_000000551427.tif,train,-1
copymove_1_000000560552.tif,train,-1
copymove_20_000000230863.tif,train,-1
copymove_24_000000140481.tif,train,-1
copymove_2_000000004834.tif,train,-1
copymove_2_000000030526.tif,train,-1
copymove_2_000000039643.tif,train,-1
copymove_2_000000051965.tif,train,-1
copymove_2_000000082488.tif,train,-1
copymove_2_000000095039.tif,train,-1
copymove_2_000000100196.tif,train,-1
copymove_2_000000106994.tif,train,-1
copymove_2_000000122161.tif,train,-1
copymove_2_000000142890.tif,train,-1
copymove_2_000000155794.tif,train,-1
copymove_2_000000245118.tif,train,-1
copymove_2_000000268940.tif,train,-1
copymove_2_000000286569.tif,train,-1
copymove_2_000000302077.tif,train,-1
copymove_2_000000306619.tif,train,-1
copymove_2_000000310158.tif,train,-1
copymove_2_000000396791.tif,train,-1
copymove_2_000000405278.tif,train,-1
copymove_2_000000427154.tif,train,-1
copymove_2_000000434526.tif,train,-1
copymove_2_000000469853.tif,train,-1
copymove_2_000000471446.tif,train,-1
copymove_2_000000509607.tif,train,-1
copymove_2_000000513758.tif,train,-1
copymove_2_000000571575.tif,train,-1
copymove_31_000000132888.tif,train,-1
copymove_3_000000123512.tif,train,-1
copymove_3_000000175520.tif,train,-1
copymove_3_000000312559.tif,train,-1
copymove_3_000000326508.tif,train,-1
copymove_3_000000380279.tif,train,-1
copymove_3_000000382164.tif,train,-1
copymove_3_000000465844.tif,train,61
copymove_3_000000562778.tif,train,-1
copymove_4_000000093649.tif,train,61
copymove_4_000000107157.tif,train,-1
copymove_4_000000120241.tif,train,-1
copymove_4_000000216228.tif,train,-1
copymove_4_000000257149.tif,train,-1
copymove_4_000000364016.tif,train,-1
copymove_4_000000407017.tif,train,-1
copymove_4_000000436440.tif,train,-1
copymove_4_000000468545.tif,train,-1
copymove_5_000000031922.tif,train,-1
copymove_5_000000081481.tif,train,-1
copymove_5_000000223875.tif,train,-1
copymove_5_000000244659.tif,train,-1
copymove_5_000000518574.tif,train,-1
copymove_5_000000575469.tif,train,-1
copymove_6_000000025192.tif,train,-1
copymove_6_000000501824.tif,train,-1
copymove_7_000000077432.tif,train,-1
copymove_7_000000173252.tif,train,-1
copymove_7_000000225153.tif,train,-1
copymove_7_000000373730.tif,train,-1
copymove_7_000000392391.tif,train,-1
copymove_7_000000546773.tif,train,-1
copymove_8_000000024380.tif,train,-1
copymove_8_000000065948.tif,train,-1
copymove_8_000000252311.tif,train,-1
copymove_8_000000297495.tif,train,-1
copymove_8_000000491888.tif,train,-1
copymove_9_000000242051.tif,train,-1
df2023_COCO_DF_C100B00000_00404008.jpg,train,-1
df2023_COCO_DF_C100B00000_00410005.jpg,train,-1
df2023_COCO_DF_C100B00000_00410511.jpg,train,-1
df2023_COCO_DF_C100B00000_00412373.jpg,train,-1
df2023_COCO_DF_C100B00000_00415476.jpg,train,-1
df2023_COCO_DF_C100B00000_00416267.jpg,train,-1
df2023_COCO_DF_C100B00000_00422830.jpg,train,-1
df2023_COCO_DF_C100B00000_00426511.jpg,train,-1
df2023_COCO_DF_C100B00000_00433025.jpg,train,-1
df2023_COCO_DF_C100B00000_00437445.jpg,train,-1
df2023_COCO_DF_C100B00000_00439772.jpg,train,-1
df2023_COCO_DF_C100B00000_00445083.jpg,train,-1
df2023_COCO_DF_C100B00000_00447376.jpg,train,-1
df2023_COCO_DF_C100B00000_00449700.jpg,train,-1
df2023_COCO_DF_C100B00000_00451322.jpg,train,-1
df2023_COCO_DF_C100B00000_00459023.jpg,train,-1
df2023_COCO_DF_C100B00000_00464647.jpg,train,-1
df2023_COCO_DF_C100B00000_00464873.jpg,train,-1
df2023_COCO_DF_C100B00000_00466257.jpg,train,-1
df2023_COCO_DF_C100B00000_00471344.jpg,train,-1
df2023_COCO_DF_C100B00000_00472467.jpg,train,-1
df2023_COCO_DF_C100B00000_00472916.jpg,train,-1
df2023_COCO_DF_C100B00000_00474107.jpg,train,-1
df2023_COCO_DF_C100B00000_00475720.jpg,train,-1
df2023_COCO_DF_C100B00000_00482293.jpg,train,-1
df2023_COCO_DF_C100B00000_00484375.jpg,train,-1
df2023_COCO_DF_C100B00000_00484750.jpg,train,-1
df2023_COCO_DF_C100B00000_00486001.jpg,train,-1
df2023_COCO_DF_C100B00000_00486950.jpg,train,-1
df2023_COCO_DF_C100B00000_00491563.jpg,train,-1
df2023_COCO_DF_C100B00000_00493205.jpg,train,-1
df2023_COCO_DF_C100B00000_00495389.jpg,train,-1
df2023_COCO_DF_C100B00000_00497971.jpg,train,-1
df2023_COCO_DF_C100B00000_00501173.jpg,train,-1
df2023_COCO_DF_C100B00000_00501501.jpg,train,-1
df2023_COCO_DF_C100B00000_00506118.jpg,train,-1
df2023_COCO_DF_C100B00000_00507094.jpg,train,-1
df2023_COCO_DF_C100B00000_00509913.jpg,train,-1
df2023_COCO_DF_C100B00000_00512964.jpg,train,-1
df2023_COCO_DF_C100B00000_00513073.jpg,train,-1
df2023_COCO_DF_C100B00000_00514118.jpg,train,-1
df2023_COCO_DF_C100B00000_00520299.jpg,train,-1
df2023_COCO_DF_C100B00000_00520914.jpg,train,-1
df2023_COCO_DF_C100B00000_00523946.jpg,train,-1
df2023_COCO_DF_C100B00000_00525459.jpg,train,-1
df2023_COCO_DF_C100B00000_00530769.jpg,train,-1
df2023_COCO_DF_C100B00000_00536125.jpg,train,-1
df2023_COCO_DF_C100B00000_00538373.jpg,train,-1
df2023_COCO_DF_C100B00000_00539826.jpg,train,-1
df2023_COCO_DF_C100B00000_00540562.jpg,train,-1
df2023_COCO_DF_C100B00000_00543784.jpg,train,-1
df2023_COCO_DF_C100B00000_00544148.jpg,train,-1
df2023_COCO_DF_C100B00000_00551183.jpg,train,-1
df2023_COCO_DF_C100B00000_00552587.jpg,train,-1
df2023_COCO_DF_C100B00000_00553713.jpg,train,-1
df2023_COCO_DF_C100B00000_00553926.jpg,train,-1
df2023_COCO_DF_C100B00000_00559354.jpg,train,-1
df2023_COCO_DF_C100B00000_00559453.jpg,train,-1
df2023_COCO_DF_C100B00000_00559855.jpg,train,-1
df2023_COCO_DF_C100B00000_00560596.jpg,train,-1
df2023_COCO_DF_C100B00000_00561142.jpg,train,-1
df2023_COCO_DF_C100B00000_00561561.jpg,train,-1
df2023_COCO_DF_C100B00000_00563739.jpg,train,-1
df2023_COCO_DF_C100B00000_00567199.jpg,train,-1
df2023_COCO_DF_C100B00000_00568642.jpg,train,-1
df2023_COCO_DF_C100B00000_00572109.jpg,train,-1
df2023_COCO_DF_C100B00000_00572656.jpg,train,-1
df2023_COCO_DF_C100B00000_00576626.jpg,train,-1
df2023_COCO_DF_C100B00000_00577001.jpg,train,-1
df2023_COCO_DF_C100B00000_00580702.jpg,train,-1
df2023_COCO_DF_C100B00000_00584871.jpg,train,-1
df2023_COCO_DF_C100B00000_00585626.jpg,train,-1
df2023_COCO_DF_C100B00000_00586426.jpg,train,-1
df2023_COCO_DF_C100B00000_00591975.jpg,train,-1
df2023_COCO_DF_C100B00000_00592766.jpg,train,-1
df2023_COCO_DF_C100B00000_00593667.jpg,train,-1
df2023_COCO_DF_C100B00000_00601489.jpg,train,-1
df2023_COCO_DF_C100B00000_00608680.jpg,train,-1
df2023_COCO_DF_C100B00000_00614632.jpg,train,-1
df2023_COCO_DF_C100B00000_00619381.jpg,train,-1
df2023_COCO_DF_C100B00000_00625270.jpg,train,-1
df2023_COCO_DF_C100B00000_00629428.jpg,train,42
df2023_COCO_DF_C100B00000_00630809.jpg,train,-1
df2023_COCO_DF_C100B00000_00635713.jpg,train,-1
df2023_COCO_DF_C100B00000_00639778.jpg,train,-1
df2023_COCO_DF_C100B00000_00640609.jpg,train,-1
df2023_COCO_DF_C100B00000_00642007.jpg,train,-1
df2023_COCO_DF_C100B00000_00645099.jpg,train,-1
df2023_COCO_DF_C100B00000_00646149.jpg,train,-1
df2023_COCO_DF_C100B00000_00647501.jpg,train,-1
df2023_COCO_DF_C100B00000_00650911.jpg,train,-1
df2023_COCO_DF_C100B00000_00652600.jpg,train,-1
df2023_COCO_DF_C100B00000_00655851.jpg,train,-1
df2023_COCO_DF_C100B00000_00656228.jpg,train,-1
df2023_COCO_DF_C100B00000_00658960.jpg,train,-1
df2023_COCO_DF_C100B00000_00659228.jpg,train,-1
df2023_COCO_DF_C100B00000_00659787.jpg,train,-1
df2023_COCO_DF_C100B00000_00662229.jpg,train,-1
df2023_COCO_DF_C100B00000_00662686.jpg,train,-1
df2023_COCO_DF_C100B00000_00663933.jpg,train,-1
df2023_COCO_DF_C100B00000_00668145.jpg,train,-1
df2023_COCO_DF_C100B00000_00678018.jpg,train,-1
df2023_COCO_DF_C100B00000_00679428.jpg,train,-1
df2023_COCO_DF_C100B00000_00681395.jpg,train,-1
df2023_COCO_DF_C100B00000_00681516.jpg,train,-1
df2023_COCO_DF_C100B00000_00683734.jpg,train,-1
df2023_COCO_DF_C100B00000_00685322.jpg,train,-1
df2023_COCO_DF_C100B00000_00695295.jpg,train,-1
df2023_COCO_DF_C100B00000_00697087.jpg,train,-1
df2023_COCO_DF_C100B00000_00697313.jpg,train,-1
df2023_COCO_DF_C100B00000_00697461.jpg,train,-1
df2023_COCO_DF_C101B00000_00421803.jpg,train,-1
df2023_COCO_DF_C101B00000_00431551.jpg,train,-1
df2023_COCO_DF_C101B00000_00444963.jpg,train,-1
df2023_COCO_DF_C101B00000_00474659.jpg,train,-1
df2023_COCO_DF_C101B00000_00485827.jpg,train,-1
df2023_COCO_DF_C101B00000_00569610.jpg,train,-1
df2023_COCO_DF_C101B00000_00582874.jpg,train,-1
df2023_COCO_DF_C101B00000_00640251.jpg,train,-1
df2023_COCO_DF_C101B00000_00652260.jpg,train,-1
df2023_COCO_DF_C101B00000_00655594.jpg,train,-1
df2023_COCO_DF_C101B00000_00698163.jpg,train,-1
df2023_COCO_DF_C102B00000_00417585.jpg,train,-1
df2023_COCO_DF_C102B00000_00422820.jpg,train,-1
df2023_COCO_DF_C102B00000_00457941.jpg,train,-1
df2023_COCO_DF_C102B00000_00674534.jpg,train,-1
df2023_COCO_DF_C102B00000_00682134.jpg,train,-1
df2023_COCO_DF_C103B00000_00404096.jpg,train,-1
df2023_COCO_DF_C103B00000_00409036.jpg,train,-1
df2023_COCO_DF_C103B00000_00414279.jpg,train,60
df2023_COCO_DF_C103B00000_00430072.jpg,train,-1
df2023_COCO_DF_C103B00000_00521380.jpg,train,-1
df2023_COCO_DF_C103B00000_00540449.jpg,train,587
df2023_COCO_DF_C103B00000_00541227.jpg,train,-1
df2023_COCO_DF_C103B00000_00580685.jpg,train,-1
df2023_COCO_DF_C103B00000_00698862.jpg,train,-1
df2023_COCO_DF_C110B00000_00400997.jpg,train,-1
df2023_COCO_DF_C110B00000_00417932.jpg,train,-1
df2023_COCO_DF_C110B00000_00423786.jpg,train,-1
df2023_COCO_DF_C110B00000_00423997.jpg,train,-1
df2023_COCO_DF_C110B00000_00425723.jpg,train,-1
df2023_COCO_DF_C110B00000_00426750.jpg,train,-1
df2023_COCO_DF_C110B00000_00427253.jpg,train,-1
df2023_COCO_DF_C110B00000_00427942.jpg,train,-1
df2023_COCO_DF_C110B00000_00428786.jpg,train,-1
df2023_COCO_DF_C110B00000_00432469.jpg,train,68
df2023_COCO_DF_C110B00000_00433921.jpg,train,-1
df2023_COCO_DF_C110B00000_00443685.jpg,train,-1
df2023_COCO_DF_C110B00000_00444451.jpg,train,-1
df2023_COCO_DF_C110B00000_00444690.jpg,train,-1
df2023_COCO_DF_C110B00000_00445754.jpg,train,-1
df2023_COCO_DF_C110B00000_00446223.jpg,train,-1
df2023_COCO_DF_C110B00000_00448996.jpg,train,-1
df2023_COCO_DF_C110B00000_00449149.jpg,train,-1
df2023_COCO_DF_C110B00000_00449750.jpg,train,-1
df2023_COCO_DF_C110B00000_00450898.jpg,train,-1
df2023_COCO_DF_C110B00000_00452284.jpg,train,-1
df2023_COCO_DF_C110B00000_00457526.jpg,train,-1
df2023_COCO_DF_C110B00000_00457612.jpg,train,-1
df2023_COCO_DF_C110B00000_00465115.jpg,train,-1
df2023_COCO_DF_C110B00000_00466971.jpg,train,-1
df2023_COCO_DF_C110B00000_00467574.jpg,train,-1
df2023_COCO_DF_C110B00000_00469321.jpg,train,-1
df2023_COCO_DF_C110B00000_00470026.jpg,train,-1
df2023_COCO_DF_C110B00000_00470190.jpg,train,-1
df2023_COCO_DF_C110B00000_00470748.jpg,train,-1
df2023_COCO_DF_C110B00000_00474361.jpg,train,-1
df2023_COCO_DF_C110B00000_00476208.jpg,train,-1
df2023_COCO_DF_C110B00000_00478135.jpg,train,-1
df2023_COCO_DF_C110B00000_00484346.jpg,train,-1
df2023_COCO_DF_C110B00000_00487382.jpg,train,-1
df2023_COCO_DF_C110B00000_00490019.jpg,train,-1
df2023_COCO_DF_C110B00000_00492869.jpg,train,-1
df2023_COCO_DF_C110B00000_00506472.jpg,train,-1
df2023_COCO_DF_C110B00000_00514697.jpg,train,-1
df2023_COCO_DF_C110B00000_00517475.jpg,train,-1
df2023_COCO_DF_C110B00000_00519687.jpg,train,-1
df2023_COCO_DF_C110B00000_00523375.jpg,train,-1
df2023_COCO_DF_C110B00000_00525036.jpg,train,-1
df2023_COCO_DF_C110B00000_00533479.jpg,train,-1
df2023_COCO_DF_C110B00000_00534379.jpg,train,-1
df2023_COCO_DF_C110B00000_00536161.jpg,train,-1
df2023_COCO_DF_C110B00000_00544843.jpg,train,-1
df2023_COCO_DF_C110B00000_00545911.jpg,train,-1
df2023_COCO_DF_C110B00000_00546072.jpg,train,-1
df2023_COCO_DF_C110B00000_00548443.jpg,train,-1
df2023_COCO_DF_C110B00000_00548673.jpg,train,-1
df2023_COCO_DF_C110B00000_00549500.jpg,train,-1
df2023_COCO_DF_C110B00000_00551757.jpg,train,-1
df2023_COCO_DF_C110B00000_00554280.jpg,train,-1
df2023_COCO_DF_C110B00000_00554812.jpg,train,-1
df2023_COCO_DF_C110B00000_00555524.jpg,train,-1
df2023_COCO_DF_C110B00000_00555656.jpg,train,-1
df2023_COCO_DF_C110B00000_00558512.jpg,train,-1
df2023_COCO_DF_C110B00000_00558923.jpg,train,-1
df2023_COCO_DF_C110B00000_00559189.jpg,train,-1
df2023_COCO_DF_C110B00000_00565811.jpg,train,-1
df2023_COCO_DF_C110B00000_00566922.jpg,train,-1
df2023_COCO_DF_C110B00000_00569330.jpg,train,-1
df2023_COCO_DF_C110B00000_00570530.jpg,train,-1
df2023_COCO_DF_C110B00000_00574384.jpg,train,-1
df2023_COCO_DF_C110B00000_00579128.jpg,train,-1
df2023_COCO_DF_C110B00000_00581664.jpg,train,-1
df2023_COCO_DF_C110B00000_00584654.jpg,train,-1
df2023_COCO_DF_C110B00000_00587393.jpg,train,-1
df2023_COCO_DF_C110B00000_00588830.jpg,train,-1
df2023_COCO_DF_C110B00000_00592964.jpg,train,-1
df2023_COCO_DF_C110B00000_00597814.jpg,train,-1
df2023_COCO_DF_C110B00000_00605565.jpg,train,12
df2023_COCO_DF_C110B00000_00608328.jpg,train,-1
df2023_COCO_DF_C110B00000_00611900.jpg,train,-1
df2023_COCO_DF_C110B00000_00612922.jpg,train,-1
df2023_COCO_DF_C110B00000_00614611.jpg,train,-1
df2023_COCO_DF_C110B00000_00615945.jpg,train,-1
df2023_COCO_DF_C110B00000_00617992.jpg,train,-1
df2023_COCO_DF_C110B00000_00622251.jpg,train,-1
df2023_COCO_DF_C110B00000_00623728.jpg,train,-1
df2023_COCO_DF_C110B00000_00627698.jpg,train,-1
df2023_COCO_DF_C110B00000_00631616.jpg,train,-1
df2023_COCO_DF_C110B00000_00634487.jpg,train,-1
df2023_COCO_DF_C110B00000_00644880.jpg,train,-1
df2023_COCO_DF_C110B00000_00645431.jpg,train,-1
df2023_COCO_DF_C110B00000_00649456.jpg,train,-1
df2023_COCO_DF_C110B00000_00651720.jpg,train,-1
df2023_COCO_DF_C110B00000_00654770.jpg,train,-1
df2023_COCO_DF_C110B00000_00658272.jpg,train,-1
df2023_COCO_DF_C110B00000_00658676.jpg,train,-1
df2023_COCO_DF_C110B00000_00662092.jpg,train,-1
df2023_COCO_DF_C110B00000_00667865.jpg,train,-1
df2023_COCO_DF_C110B00000_00671755.jpg,train,-1
df2023_COCO_DF_C110B00000_00674078.jpg,train,-1
df2023_COCO_DF_C110B00000_00687656.jpg,train,-1
df2023_COCO_DF_C111B00000_00430620.jpg,train,-1
df2023_COCO_DF_C111B00000_00435103.jpg,train,-1
df2023_COCO_DF_C111B00000_00445899.jpg,train,-1
df2023_COCO_DF_C111B00000_00475313.jpg,train,-1
df2023_COCO_DF_C111B00000_00501758.jpg,train,-1
df2023_COCO_DF_C111B00000_00555308.jpg,train,-1
df2023_COCO_DF_C111B00000_00561917.jpg,train,-1
df2023_COCO_DF_C111B00000_00572199.jpg,train,-1
df2023_COCO_DF_C111B00000_00574862.jpg,train,-1
df2023_COCO_DF_C111B00000_00617473.jpg,train,-1
df2023_COCO_DF_C111B00000_00644191.jpg,train,-1
df2023_COCO_DF_C111B00000_00653074.jpg,train,-1
df2023_COCO_DF_C112B00000_00425866.jpg,train,-1
df2023_COCO_DF_C112B00000_00431430.jpg,train,-1
df2023_COCO_DF_C112B00000_00567146.jpg,train,-1
df2023_COCO_DF_C112B00000_00584563.jpg,train,-1
df2023_COCO_DF_C112B00000_00659471.jpg,train,-1
df2023_COCO_DF_C113B00000_00405492.jpg,train,-1
df2023_COCO_DF_C113B00000_00409100.jpg,train,-1
df2023_COCO_DF_C113B00000_00410972.jpg,train,-1
df2023_COCO_DF_C113B00000_00445157.jpg,train,-1
df2023_COCO_DF_C113B00000_00450960.jpg,train,-1
df2023_COCO_DF_C113B00000_00464579.jpg,train,-1
df2023_COCO_DF_C113B00000_00575832.jpg,train,-1
df2023_COCO_DF_C113B00000_00633883.jpg,train,-1
df2023_COCO_DF_C113B00000_00647871.jpg,train,-1
df2023_COCO_DF_E000B00000_00719205.jpg,train,209
df2023_COCO_DF_E000B00000_00745939.jpg,train,-1
df2023_COCO_DF_E000B00000_00754142.jpg,train,-1
df2023_COCO_DF_E000B00000_00762486.jpg,train,-1
df2023_COCO_DF_E000B00000_00767755.jpg,train,-1
df2023_COCO_DF_E000B00000_00775607.jpg,train,-1
df2023_COCO_DF_E000B00000_00787339.jpg,train,-1
df2023_COCO_DF_E000B00000_00790647.jpg,train,-1
df2023_COCO_DF_E000B00000_00806038.jpg,train,-1
df2023_COCO_DF_E000B00000_00850845.jpg,train,-1
df2023_COCO_DF_E000B00000_00851688.jpg,train,-1
df2023_COCO_DF_E000B00000_00887762.jpg,train,-1
df2023_COCO_DF_E000B00000_00894666.jpg,train,-1
df2023_COCO_DF_E000B00001_00877311.jpg,train,-1
df2023_COCO_DF_E000B00005_00822168.jpg,train,-1
df2023_COCO_DF_E000B00005_00846027.jpg,train,-1
df2023_COCO_DF_E000B00005_00872273.jpg,train,-1
df2023_COCO_DF_E000B00005_00881843.jpg,train,-1
df2023_COCO_DF_E000B00007_00772143.jpg,train,-1
df2023_COCO_DF_E000B00007_00854924.jpg,train,-1
df2023_COCO_DF_E000B00010_00707127.jpg,train,-1
df2023_COCO_DF_E000B00010_00709744.jpg,train,-1
df2023_COCO_DF_E000B00010_00710545.jpg,train,-1
df2023_COCO_DF_E000B00010_00724008.jpg,train,-1
df2023_COCO_DF_E000B00010_00727015.jpg,train,-1
df2023_COCO_DF_E000B00010_00746270.jpg,train,209
df2023_COCO_DF_E000B00010_00748442.jpg,train,-1
df2023_COCO_DF_E000B00010_00759075.jpg,train,-1
df2023_COCO_DF_E000B00010_00776782.jpg,train,-1
df2023_COCO_DF_E000B00010_00797801.jpg,train,-1
df2023_COCO_DF_E000B00010_00799886.jpg,train,-1
df2023_COCO_DF_E000B00010_00822709.jpg,train,-1
df2023_COCO_DF_E000B00010_00858346.jpg,train,-1
df2023_COCO_DF_E000B00010_00875071.jpg,train,-1
df2023_COCO_DF_E000B00010_00881011.jpg,train,-1
df2023_COCO_DF_E000B00011_00729376.jpg,train,-1
df2023_COCO_DF_E000B00012_00700620.jpg,train,-1
df2023_COCO_DF_E000B00012_00790284.jpg,train,-1
df2023_COCO_DF_E000B00012_00851925.jpg,train,-1
df2023_COCO_DF_E000B00013_00732518.jpg,train,-1
df2023_COCO_DF_E000B00013_00742212.jpg,train,-1
df2023_COCO_DF_E000B00013_00757650.jpg,train,-1
df2023_COCO_DF_E000B00013_00887282.jpg,train,-1
df2023_COCO_DF_E000B00014_00816571.jpg,train,-1
df2023_COCO_DF_E000B00014_00897254.jpg,train,-1
df2023_COCO_DF_E000B00017_00713104.jpg,train,-1
df2023_COCO_DF_E000B00100_00710126.jpg,train,-1
df2023_COCO_DF_E000B00100_00715341.jpg,train,-1
df2023_COCO_DF_E000B00100_00766540.jpg,train,-1
df2023_COCO_DF_E000B00100_00771117.jpg,train,-1
df2023_COCO_DF_E000B00102_00723905.jpg,train,-1
df2023_COCO_DF_E000B00103_00734943.jpg,train,-1
df2023_COCO_DF_E000B00104_00860312.jpg,train,-1
df2023_COCO_DF_E000B00110_00703933.jpg,train,-1
df2023_COCO_DF_E000B00110_00753761.jpg,train,-1
df2023_COCO_DF_E000B00110_00830071.jpg,train,-1
df2023_COCO_DF_E000B00110_00847600.jpg,train,-1
df2023_COCO_DF_E000B00110_00875241.jpg,train,-1
df2023_COCO_DF_E000B00110_00887197.jpg,train,-1
df2023_COCO_DF_E000B00110_00888518.jpg,train,-1
df2023_COCO_DF_E000B00111_00804918.jpg,train,-1
df2023_COCO_DF_E000B00115_00856855.jpg,train,-1
df2023_COCO_DF_E000B00117_00875394.jpg,train,-1
df2023_COCO_DF_E000B01000_00738731.jpg,train,-1
df2023_COCO_DF_E000B01000_00741113.jpg,train,-1
df2023_COCO_DF_E000B01000_00851522.jpg,train,-1
df2023_COCO_DF_E000B01000_00884277.jpg,train,-1
df2023_COCO_DF_E000B01000_00894736.jpg,train,-1
df2023_COCO_DF_E000B01003_00879845.jpg,train,-1
df2023_COCO_DF_E000B01010_00864517.jpg,train,-1
df2023_COCO_DF_E000B01010_00865400.jpg,train,-1
df2023_COCO_DF_E000B01011_00857291.jpg,train,-1
df2023_COCO_DF_E000B01014_00799422.jpg,train,-1
df2023_COCO_DF_E000B01100_00801693.jpg,train,-1
df2023_COCO_DF_E000B01100_00855714.jpg,train,-1
df2023_COCO_DF_E000B01107_00887336.jpg,train,-1
df2023_COCO_DF_E000B01110_00836180.jpg,train,-1
df2023_COCO_DF_E000B01115_00870649.jpg,train,-1
df2023_COCO_DF_E000B02000_00789879.jpg,train,-1
df2023_COCO_DF_E000B02000_00794689.jpg,train,-1
df2023_COCO_DF_E000B02002_00754821.jpg,train,-1
df2023_COCO_DF_E000B02005_00794832.jpg,train,-1
df2023_COCO_DF_E000B02010_00729869.jpg,train,-1
df2023_COCO_DF_E000B02010_00794776.jpg,train,-1
df2023_COCO_DF_E000B02010_00824076.jpg,train,-1
df2023_COCO_DF_E000B02010_00862622.jpg,train,-1
df2023_COCO_DF_E000B02010_00867886.jpg,train,-1
df2023_COCO_DF_E000B02010_00881708.jpg,train,-1
df2023_COCO_DF_E000B02011_00865199.jpg,train,-1
df2023_COCO_DF_E000B02011_00891119.jpg,train,-1
df2023_COCO_DF_E000B02015_00751649.jpg,train,-1
df2023_COCO_DF_E000B02015_00827702.jpg,train,-1
df2023_COCO_DF_E000B02016_00773193.jpg,train,-1
df2023_COCO_DF_E000B02100_00859017.jpg,train,-1
df2023_COCO_DF_E000B02102_00733766.jpg,train,-1
df2023_COCO_DF_E000B02110_00842142.jpg,train,-1
df2023_COCO_DF_E000B02110_00862108.jpg,train,-1
df2023_COCO_DF_E000B02110_00876170.jpg,train,-1
df2023_COCO_DF_E000B03000_00725775.jpg,train,-1
df2023_COCO_DF_E000B03000_00726255.jpg,train,-1
df2023_COCO_DF_E000B03000_00762231.jpg,train,-1
df2023_COCO_DF_E000B03000_00782285.jpg,train,-1
df2023_COCO_DF_E000B03004_00799097.jpg,train,-1
df2023_COCO_DF_E000B03007_00819818.jpg,train,-1
df2023_COCO_DF_E000B03010_00720106.jpg,train,-1
df2023_COCO_DF_E000B03010_00723237.jpg,train,-1
df2023_COCO_DF_E000B03010_00729155.jpg,train,-1
df2023_COCO_DF_E000B03010_00789538.jpg,train,-1
df2023_COCO_DF_E000B03010_00801683.jpg,train,-1
df2023_COCO_DF_E000B03010_00814008.jpg,train,-1
df2023_COCO_DF_E000B03010_00853382.jpg,train,-1
df2023_COCO_DF_E000B03010_00865868.jpg,train,-1
df2023_COCO_DF_E000B03015_00743258.jpg,train,-1
df2023_COCO_DF_E000B03015_00791479.jpg,train,-1
df2023_COCO_DF_E000B03103_00728221.jpg,train,-1
df2023_COCO_DF_E000B03103_00875715.jpg,train,-1
df2023_COCO_DF_E000B03110_00715494.jpg,train,-1
df2023_COCO_DF_E000B03111_00843924.jpg,train,-1
df2023_COCO_DF_E000B03114_00794794.jpg,train,-1
df2023_COCO_DF_E000B04000_00883143.jpg,train,-1
df2023_COCO_DF_E000B04001_00717479.jpg,train,-1
df2023_COCO_DF_E000B04001_00821814.jpg,train,-1
df2023_COCO_DF_E000B04002_00733077.jpg,train,-1
df2023_COCO_DF_E000B04005_00883790.jpg,train,-1
df2023_COCO_DF_E000B04010_00703927.jpg,train,-1
df2023_COCO_DF_E000B04010_00730148.jpg,train,-1
df2023_COCO_DF_E000B04010_00749621.jpg,train,-1
df2023_COCO_DF_E000B04010_00786273.jpg,train,-1
df2023_COCO_DF_E000B04010_00800668.jpg,train,-1
df2023_COCO_DF_E000B04013_00826932.jpg,train,-1
df2023_COCO_DF_E000B04014_00784426.jpg,train,-1
df2023_COCO_DF_E000B04100_00782514.jpg,train,-1
df2023_COCO_DF_E000B04103_00714217.jpg,train,-1
df2023_COCO_DF_E000B04106_00709783.jpg,train,-1
df2023_COCO_DF_E000B04110_00867953.jpg,train,-1
df2023_COCO_DF_E000B04113_00715174.jpg,train,-1
df2023_COCO_DF_E000B04113_00751923.jpg,train,-1
df2023_COCO_DF_E000B05000_00805297.jpg,train,42
df2023_COCO_DF_E000B05002_00883537.jpg,train,-1
df2023_COCO_DF_E000B05010_00725255.jpg,train,-1
df2023_COCO_DF_E000B05010_00732913.jpg,train,-1
df2023_COCO_DF_E000B05010_00787942.jpg,train,-1
df2023_COCO_DF_E000B05010_00817747.jpg,train,-1
df2023_COCO_DF_E000B05010_00822539.jpg,train,-1
df2023_COCO_DF_E000B05010_00838347.jpg,train,-1
df2023_COCO_DF_E000B05010_00859319.jpg,train,-1
df2023_COCO_DF_E000B05011_00761879.jpg,train,-1
df2023_COCO_DF_E000B05013_00786664.jpg,train,-1
df2023_COCO_DF_E000B05015_00836400.jpg,train,-1
df2023_COCO_DF_E000B05100_00875228.jpg,train,-1
df2023_COCO_DF_E000B05106_00819938.jpg,train,-1
df2023_COCO_DF_E000B05110_00760117.jpg,train,-1
df2023_COCO_DF_E000B05113_00890737.jpg,train,-1
df2023_COCO_DF_E000B05115_00883124.jpg,train,-1
df2023_COCO_DF_E000B05116_00761659.jpg,train,-1
df2023_COCO_DF_E000B20000_00805932.jpg,train,-1
df2023_COCO_DF_E000B20010_00766353.jpg,train,-1
df2023_COCO_DF_E000B20010_00839239.jpg,train,-1
df2023_COCO_DF_E000B20017_00702447.jpg,train,-1
df2023_COCO_DF_E000B20112_00760724.jpg,train,-1
df2023_COCO_DF_E000B30001_00898450.jpg,train,-1
df2023_COCO_DF_E000B30010_00874289.jpg,train,-1
df2023_COCO_DF_E000B30012_00860155.jpg,train,-1
df2023_COCO_DF_E000B30014_00854008.jpg,train,-1
df2023_COCO_DF_E000B40002_00885525.jpg,train,-1
df2023_COCO_DF_E000B40006_00893967.jpg,train,-1
df2023_COCO_DF_E000B40010_00868083.jpg,train,-1
df2023_COCO_DF_E000B40010_00870817.jpg,train,-1
df2023_COCO_DF_E000B40010_00892404.jpg,train,-1
df2023_COCO_DF_E000B40116_00785670.jpg,train,-1
df2023_COCO_DF_E000B50010_00872557.jpg,train,-1
df2023_COCO_DF_E000B50100_00817431.jpg,train,-1
df2023_COCO_DF_E000B60007_00751412.jpg,train,-1
df2023_COCO_DF_E000B60107_00827137.jpg,train,-1
df2023_COCO_DF_E000B70003_00705240.jpg,train,-1
df2023_COCO_DF_E000B70004_00704265.jpg,train,-1
df2023_COCO_DF_E000B70107_00816495.jpg,train,-1
df2023_COCO_DF_E000G20000_00757763.jpg,train,-1
df2023_COCO_DF_E000G20013_00854790.jpg,train,-1
df2023_COCO_DF_E000G20017_00808409.jpg,train,-1
df2023_COCO_DF_E000G20100_00744893.jpg,train,-1
df2023_COCO_DF_E000G30003_00898460.jpg,train,-1
df2023_COCO_DF_E000G30015_00857725.jpg,train,-1
df2023_COCO_DF_E000G40000_00710567.jpg,train,-1
df2023_COCO_DF_E000G40010_00846375.jpg,train,-1
df2023_COCO_DF_E000G40114_00795858.jpg,train,-1
df2023_COCO_DF_E000G50000_00729852.jpg,train,-1
df2023_COCO_DF_E000G50112_00816164.jpg,train,-1
df2023_COCO_DF_E000G60000_00750738.jpg,train,-1
df2023_COCO_DF_E000G60000_00860796.jpg,train,-1
df2023_COCO_DF_E000G60003_00771472.jpg,train,-1
df2023_COCO_DF_E000G60011_00800292.jpg,train,-1
df2023_COCO_DF_E000G70000_00743484.jpg,train,-1
df2023_COCO_DF_E000G70000_00858801.jpg,train,-1
df2023_COCO_DF_E000G70000_00877239.jpg,train,-1
df2023_COCO_DF_E000G70010_00767845.jpg,train,-1
df2023_COCO_DF_E000G70010_00885793.jpg,train,-1
df2023_COCO_DF_E000G70014_00881133.jpg,train,-1
df2023_COCO_DF_E000G70102_00807647.jpg,train,-1
df2023_COCO_DF_E000G70117_00871367.jpg,train,-1
df2023_COCO_DF_I000B00000_00900007.jpg,train,-1
df2023_COCO_DF_I000B00000_00900613.jpg,train,-1
df2023_COCO_DF_I000B00000_00901441.jpg,train,-1
df2023_COCO_DF_I000B00000_00903647.jpg,train,-1
df2023_COCO_DF_I000B00000_00903736.jpg,train,-1
df2023_COCO_DF_I000B00000_00903947.jpg,train,-1
df2023_COCO_DF_I000B00000_00904313.jpg,train,169
df2023_COCO_DF_I000B00000_00904985.jpg,train,-1
df2023_COCO_DF_I000B00000_00907581.jpg,train,-1
df2023_COCO_DF_I000B00000_00908879.jpg,train,-1
df2023_COCO_DF_I000B00000_00909021.jpg,train,-1
df2023_COCO_DF_I000B00000_00910083.jpg,train,-1
df2023_COCO_DF_I000B00000_00911936.jpg,train,-1
df2023_COCO_DF_I000B00000_00912697.jpg,train,-1
df2023_COCO_DF_I000B00000_00913392.jpg,train,-1
df2023_COCO_DF_I000B00000_00913720.jpg,train,-1
df2023_COCO_DF_I000B00000_00915597.jpg,train,-1
df2023_COCO_DF_I000B00000_00918052.jpg,train,-1
df2023_COCO_DF_I000B00000_00920121.jpg,train,-1
df2023_COCO_DF_I000B00000_00920331.jpg,train,406
df2023_COCO_DF_I000B00000_00921923.jpg,train,-1
df2023_COCO_DF_I000B00000_00922299.jpg,train,-1
df2023_COCO_DF_I000B00000_00923048.jpg,train,-1
df2023_COCO_DF_I000B00000_00923594.jpg,train,-1
df2023_COCO_DF_I000B00000_00923620.jpg,train,-1
df2023_COCO_DF_I000B00000_00924234.jpg,train,-1
df2023_COCO_DF_I000B00000_00926599.jpg,train,-1
df2023_COCO_DF_I000B00000_00926922.jpg,train,-1
df2023_COCO_DF_I000B00000_00927137.jpg,train,-1
df2023_COCO_DF_I000B00000_00927762.jpg,train,-1
df2023_COCO_DF_I000B00000_00928346.jpg,train,-1
df2023_COCO_DF_I000B00000_00929144.jpg,train,-1
df2023_COCO_DF_I000B00000_00929528.jpg,train,-1
df2023_COCO_DF_I000B00000_00930525.jpg,train,-1
df2023_COCO_DF_I000B00000_00930847.jpg,train,-1
df2023_COCO_DF_I000B00000_00931393.jpg,train,-1
df2023_COCO_DF_I000B00000_00932776.jpg,train,-1
df2023_COCO_DF_I000B00000_00935095.jpg,train,-1
df2023_COCO_DF_I000B00000_00938732.jpg,train,-1
df2023_COCO_DF_I000B00000_00945977.jpg,train,-1
df2023_COCO_DF_I000B00000_00946236.jpg,train,-1
df2023_COCO_DF_I000B00000_00947491.jpg,train,-1
df2023_COCO_DF_I000B00000_00949511.jpg,train,-1
df2023_COCO_DF_I000B00000_00950521.jpg,train,-1
df2023_COCO_DF_I000B00000_00954650.jpg,train,-1
df2023_COCO_DF_I000B00000_00954708.jpg,train,-1
df2023_COCO_DF_I000B00000_00955137.jpg,train,587
df2023_COCO_DF_I000B00000_00956090.jpg,train,-1
df2023_COCO_DF_I000B00000_00957058.jpg,train,-1
df2023_COCO_DF_I000B00000_00957464.jpg,train,-1
df2023_COCO_DF_I000B00000_00957622.jpg,train,78
df2023_COCO_DF_I000B00000_00959839.jpg,train,169
df2023_COCO_DF_I000B00000_00962403.jpg,train,-1
df2023_COCO_DF_I000B00000_00964092.jpg,train,-1
df2023_COCO_DF_I000B00000_00964333.jpg,train,-1
df2023_COCO_DF_I000B00000_00964569.jpg,train,-1
df2023_COCO_DF_I000B00000_00964659.jpg,train,-1
df2023_COCO_DF_I000B00000_00964895.jpg,train,-1
df2023_COCO_DF_I000B00000_00965031.jpg,train,78
df2023_COCO_DF_I000B00000_00966191.jpg,train,-1
df2023_COCO_DF_I000B00000_00966372.jpg,train,-1
df2023_COCO_DF_I000B00000_00966890.jpg,train,-1
df2023_COCO_DF_I000B00000_00967585.jpg,train,-1
df2023_COCO_DF_I000B00000_00968160.jpg,train,-1
df2023_COCO_DF_I000B00000_00968671.jpg,train,-1
df2023_COCO_DF_I000B00000_00969118.jpg,train,-1
df2023_COCO_DF_I000B00000_00972584.jpg,train,-1
df2023_COCO_DF_I000B00000_00973334.jpg,train,-1
df2023_COCO_DF_I000B00000_00973893.jpg,train,-1
df2023_COCO_DF_I000B00000_00974126.jpg,train,-1
df2023_COCO_DF_I000B00000_00974168.jpg,train,-1
df2023_COCO_DF_I000B00000_00975714.jpg,train,-1
df2023_COCO_DF_I000B00000_00976736.jpg,train,-1
df2023_COCO_DF_I000B00000_00980088.jpg,train,-1
df2023_COCO_DF_I000B00000_00981380.jpg,train,-1
df2023_COCO_DF_I000B00000_00982174.jpg,train,-1
df2023_COCO_DF_I000B00000_00983502.jpg,train,-1
df2023_COCO_DF_I000B00000_00983623.jpg,train,-1
df2023_COCO_DF_I000B00000_00983695.jpg,train,-1
df2023_COCO_DF_I000B00000_00986073.jpg,train,-1
df2023_COCO_DF_I000B00000_00986622.jpg,train,-1
df2023_COCO_DF_I000B00000_00987479.jpg,train,-1
df2023_COCO_DF_I000B00000_00987534.jpg,train,-1
df2023_COCO_DF_I000B00000_00987826.jpg,train,-1
df2023_COCO_DF_I000B00000_00987845.jpg,train,-1
df2023_COCO_DF_I000B00000_00987979.jpg,train,-1
df2023_COCO_DF_I000B00000_00988534.jpg,train,-1
df2023_COCO_DF_I000B00000_00989908.jpg,train,-1
df2023_COCO_DF_I000B00000_00990020.jpg,train,-1
df2023_COCO_DF_I000B00000_00990263.jpg,train,-1
df2023_COCO_DF_I000B00000_00990813.jpg,train,-1
df2023_COCO_DF_I000B00000_00991405.jpg,train,-1
df2023_COCO_DF_I000B00000_00992845.jpg,train,-1
df2023_COCO_DF_I000B00000_00995254.jpg,train,-1
df2023_COCO_DF_I000B00000_00995402.jpg,train,-1
df2023_COCO_DF_I000B00000_00996141.jpg,train,-1
df2023_COCO_DF_I000B00000_00998452.jpg,train,-1
df2023_COCO_DF_S000B00000_00000629.jpg,train,-1
df2023_COCO_DF_S000B00000_00001070.jpg,train,-1
df2023_COCO_DF_S000B00000_00001672.jpg,train,-1
df2023_COCO_DF_S000B00000_00002010.jpg,train,-1
df2023_COCO_DF_S000B00000_00002434.jpg,train,-1
df2023_COCO_DF_S000B00000_00002734.jpg,train,-1
df2023_COCO_DF_S000B00000_00003265.jpg,train,-1
df2023_COCO_DF_S000B00000_00004511.jpg,train,-1
df2023_COCO_DF_S000B00000_00005210.jpg,train,-1
df2023_COCO_DF_S000B00000_00008961.jpg,train,-1
df2023_COCO_DF_S000B00000_00010624.jpg,train,-1
df2023_COCO_DF_S000B00000_00010734.jpg,train,-1
df2023_COCO_DF_S000B00000_00011977.jpg,train,-1
df2023_COCO_DF_S000B00000_00012646.jpg,train,-1
df2023_COCO_DF_S000B00000_00012715.jpg,train,-1
df2023_COCO_DF_S000B00000_00013878.jpg,train,-1
df2023_COCO_DF_S000B00000_00014072.jpg,train,-1
df2023_COCO_DF_S000B00000_00014985.jpg,train,-1
df2023_COCO_DF_S000B00000_00016253.jpg,train,-1
df2023_COCO_DF_S000B00000_00016538.jpg,train,-1
df2023_COCO_DF_S000B00000_00017070.jpg,train,-1
df2023_COCO_DF_S000B00000_00018248.jpg,train,-1
df2023_COCO_DF_S000B00000_00019416.jpg,train,-1
df2023_COCO_DF_S000B00000_00021182.jpg,train,-1
df2023_COCO_DF_S000B00000_00021305.jpg,train,-1
df2023_COCO_DF_S000B00000_00021431.jpg,train,-1
df2023_COCO_DF_S000B00000_00021683.jpg,train,-1
df2023_COCO_DF_S000B00000_00022253.jpg,train,-1
df2023_COCO_DF_S000B00000_00022699.jpg,train,-1
df2023_COCO_DF_S000B00000_00023119.jpg,train,-1
df2023_COCO_DF_S000B00000_00023630.jpg,train,-1
df2023_COCO_DF_S000B00000_00023664.jpg,train,-1
df2023_COCO_DF_S000B00000_00024455.jpg,train,-1
df2023_COCO_DF_S000B00000_00024779.jpg,train,-1
df2023_COCO_DF_S000B00000_00025490.jpg,train,-1
df2023_COCO_DF_S000B00000_00025526.jpg,train,-1
df2023_COCO_DF_S000B00000_00026281.jpg,train,35
df2023_COCO_DF_S000B00000_00026389.jpg,train,-1
df2023_COCO_DF_S000B00000_00027827.jpg,train,-1
df2023_COCO_DF_S000B00000_00028084.jpg,train,-1
df2023_COCO_DF_S000B00000_00028211.jpg,train,-1
df2023_COCO_DF_S000B00000_00028562.jpg,train,-1
df2023_COCO_DF_S000B00000_00029413.jpg,train,-1
df2023_COCO_DF_S000B00000_00030920.jpg,train,-1
df2023_COCO_DF_S000B00000_00031376.jpg,train,-1
df2023_COCO_DF_S000B00000_00033375.jpg,train,-1
df2023_COCO_DF_S000B00000_00034467.jpg,train,-1
df2023_COCO_DF_S000B00000_00035572.jpg,train,-1
df2023_COCO_DF_S000B00000_00036025.jpg,train,-1
df2023_COCO_DF_S000B00000_00036629.jpg,train,-1
df2023_COCO_DF_S000B00000_00037462.jpg,train,-1
df2023_COCO_DF_S000B00000_00038634.jpg,train,-1
df2023_COCO_DF_S000B00000_00038749.jpg,train,-1
df2023_COCO_DF_S000B00000_00038823.jpg,train,-1
df2023_COCO_DF_S000B00000_00039835.jpg,train,-1
df2023_COCO_DF_S000B00000_00040017.jpg,train,-1
df2023_COCO_DF_S000B00000_00041092.jpg,train,-1
df2023_COCO_DF_S000B00000_00041572.jpg,train,-1
df2023_COCO_DF_S000B00000_00044103.jpg,train,-1
df2023_COCO_DF_S000B00000_00044503.jpg,train,-1
df2023_COCO_DF_S000B00000_00045752.jpg,train,-1
df2023_COCO_DF_S000B00000_00046449.jpg,train,-1
df2023_COCO_DF_S000B00000_00049194.jpg,train,-1
df2023_COCO_DF_S000B00000_00052634.jpg,train,-1
df2023_COCO_DF_S000B00000_00052739.jpg,train,-1
df2023_COCO_DF_S000B00000_00055041.jpg,train,-1
df2023_COCO_DF_S000B00000_00056672.jpg,train,-1
df2023_COCO_DF_S000B00000_00058249.jpg,train,-1
df2023_COCO_DF_S000B00000_00058394.jpg,train,-1
df2023_COCO_DF_S000B00000_00060014.jpg,train,-1
df2023_COCO_DF_S000B00000_00062625.jpg,train,-1
df2023_COCO_DF_S000B00000_00062970.jpg,train,-1
df2023_COCO_DF_S000B00000_00063231.jpg,train,-1
df2023_COCO_DF_S000B00000_00063466.jpg,train,-1
df2023_COCO_DF_S000B00000_00066159.jpg,train,-1
df2023_COCO_DF_S000B00000_00066333.jpg,train,-1
df2023_COCO_DF_S000B00000_00068338.jpg,train,-1
df2023_COCO_DF_S000B00000_00068978.jpg,train,-1
df2023_COCO_DF_S000B00000_00069818.jpg,train,-1
df2023_COCO_DF_S000B00000_00070479.jpg,train,-1
df2023_COCO_DF_S000B00000_00070781.jpg,train,-1
df2023_COCO_DF_S000B00000_00073452.jpg,train,-1
df2023_COCO_DF_S000B00000_00077529.jpg,train,-1
df2023_COCO_DF_S000B00000_00078525.jpg,train,-1
df2023_COCO_DF_S000B00000_00080067.jpg,train,-1
df2023_COCO_DF_S000B00000_00080227.jpg,train,-1
df2023_COCO_DF_S000B00000_00080344.jpg,train,-1
df2023_COCO_DF_S000B00000_00080573.jpg,train,-1
df2023_COCO_DF_S000B00000_00081154.jpg,train,-1
df2023_COCO_DF_S000B00000_00081306.jpg,train,-1
df2023_COCO_DF_S000B00000_00085122.jpg,train,-1
df2023_COCO_DF_S000B00000_00085142.jpg,train,-1
df2023_COCO_DF_S000B00000_00085563.jpg,train,-1
df2023_COCO_DF_S000B00000_00086611.jpg,train,-1
df2023_COCO_DF_S000B00000_00087493.jpg,train,-1
df2023_COCO_DF_S000B00000_00087925.jpg,train,-1
df2023_COCO_DF_S000B00000_00089483.jpg,train,-1
df2023_COCO_DF_S000B00000_00091096.jpg,train,-1
df2023_COCO_DF_S000B00000_00092765.jpg,train,-1
df2023_COCO_DF_S000B00000_00096469.jpg,train,-1
df2023_COCO_DF_S000B00000_00097153.jpg,train,-1
df2023_COCO_DF_S000B00000_00098197.jpg,train,-1
df2023_COCO_DF_S000B00000_00099998.jpg,train,-1
df2023_COCO_DF_S000B00000_00101019.jpg,train,-1
df2023_COCO_DF_S000B00000_00104012.jpg,train,-1
df2023_COCO_DF_S000B00000_00104500.jpg,train,-1
df2023_COCO_DF_S000B00000_00107046.jpg,train,-1
df2023_COCO_DF_S000B00000_00108284.jpg,train,-1
df2023_COCO_DF_S000B00000_00112394.jpg,train,-1
df2023_COCO_DF_S000B00000_00112578.jpg,train,-1
df2023_COCO_DF_S000B00000_00113284.jpg,train,-1
df2023_COCO_DF_S000B00000_00113306.jpg,train,-1
df2023_COCO_DF_S000B00000_00114219.jpg,train,-1
df2023_COCO_DF_S000B00000_00115506.jpg,train,-1
df2023_COCO_DF_S000B00000_00116050.jpg,train,-1
df2023_COCO_DF_S000B00000_00118127.jpg,train,-1
df2023_COCO_DF_S000B00000_00118174.jpg,train,-1
df2023_COCO_DF_S000B00000_00118624.jpg,train,-1
df2023_COCO_DF_S000B00000_00119388.jpg,train,-1
df2023_COCO_DF_S000B00000_00122163.jpg,train,-1
df2023_COCO_DF_S000B00000_00122643.jpg,train,-1
df2023_COCO_DF_S000B00000_00122966.jpg,train,-1
df2023_COCO_DF_S000B00000_00125663.jpg,train,-1
df2023_COCO_DF_S000B00000_00126484.jpg,train,-1
df2023_COCO_DF_S000B00000_00127989.jpg,train,-1
df2023_COCO_DF_S000B00000_00128503.jpg,train,-1
df2023_COCO_DF_S000B00000_00129763.jpg,train,-1
df2023_COCO_DF_S000B00000_00129918.jpg,train,-1
df2023_COCO_DF_S000B00000_00132898.jpg,train,-1
df2023_COCO_DF_S000B00000_00133951.jpg,train,-1
df2023_COCO_DF_S000B00000_00135228.jpg,train,-1
df2023_COCO_DF_S000B00000_00135350.jpg,train,-1
df2023_COCO_DF_S000B00000_00137301.jpg,train,-1
df2023_COCO_DF_S000B00000_00137972.jpg,train,-1
df2023_COCO_DF_S000B00000_00140916.jpg,train,-1
df2023_COCO_DF_S000B00000_00141487.jpg,train,-1
df2023_COCO_DF_S000B00000_00144109.jpg,train,-1
df2023_COCO_DF_S000B00000_00145786.jpg,train,-1
df2023_COCO_DF_S000B00000_00145942.jpg,train,-1
df2023_COCO_DF_S000B00000_00146518.jpg,train,-1
df2023_COCO_DF_S000B00000_00147066.jpg,train,-1
df2023_COCO_DF_S000B00000_00149642.jpg,train,-1
df2023_COCO_DF_S000B00000_00151483.jpg,train,-1
df2023_COCO_DF_S000B00000_00153108.jpg,train,-1
df2023_COCO_DF_S000B00000_00154070.jpg,train,23
df2023_COCO_DF_S000B00000_00154252.jpg,train,-1
df2023_COCO_DF_S000B00000_00154560.jpg,train,-1
df2023_COCO_DF_S000B00000_00155662.jpg,train,-1
df2023_COCO_DF_S000B00000_00155866.jpg,train,-1
df2023_COCO_DF_S000B00000_00156843.jpg,train,-1
df2023_COCO_DF_S000B00000_00159051.jpg,train,-1
df2023_COCO_DF_S000B00000_00159162.jpg,train,-1
df2023_COCO_DF_S000B00000_00159355.jpg,train,-1
df2023_COCO_DF_S000B00000_00161602.jpg,train,-1
df2023_COCO_DF_S000B00000_00166093.jpg,train,-1
df2023_COCO_DF_S000B00000_00171869.jpg,train,-1
df2023_COCO_DF_S000B00000_00174499.jpg,train,-1
df2023_COCO_DF_S000B00000_00174934.jpg,train,-1
df2023_COCO_DF_S000B00000_00178228.jpg,train,-1
df2023_COCO_DF_S000B00000_00178569.jpg,train,-1
df2023_COCO_DF_S000B00000_00179535.jpg,train,-1
df2023_COCO_DF_S000B00000_00180790.jpg,train,-1
df2023_COCO_DF_S000B00000_00181535.jpg,train,-1
df2023_COCO_DF_S000B00000_00183276.jpg,train,-1
df2023_COCO_DF_S000B00000_00183300.jpg,train,-1
df2023_COCO_DF_S000B00000_00183729.jpg,train,-1
df2023_COCO_DF_S000B00000_00186001.jpg,train,-1
df2023_COCO_DF_S000B00000_00186184.jpg,train,-1
df2023_COCO_DF_S000B00000_00187609.jpg,train,-1
df2023_COCO_DF_S000B00000_00190544.jpg,train,-1
df2023_COCO_DF_S000B00000_00191617.jpg,train,-1
df2023_COCO_DF_S000B00000_00192981.jpg,train,-1
df2023_COCO_DF_S000B00000_00194185.jpg,train,-1
df2023_COCO_DF_S000B00000_00194421.jpg,train,-1
df2023_COCO_DF_S000B00000_00195492.jpg,train,-1
df2023_COCO_DF_S000B00000_00195522.jpg,train,-1
df2023_COCO_DF_S000B00000_00195735.jpg,train,-1
df2023_COCO_DF_S000B00000_00196199.jpg,train,-1
df2023_COCO_DF_S000B00000_00197864.jpg,train,-1
df2023_COCO_DF_S000B00000_00200856.jpg,train,-1
df2023_COCO_DF_S000B00000_00203982.jpg,train,-1
df2023_COCO_DF_S000B00000_00205052.jpg,train,-1
df2023_COCO_DF_S000B00000_00207810.jpg,train,-1
df2023_COCO_DF_S000B00000_00209800.jpg,train,-1
df2023_COCO_DF_S000B00000_00210510.jpg,train,-1
df2023_COCO_DF_S000B00000_00211165.jpg,train,-1
df2023_COCO_DF_S000B00000_00212072.jpg,train,-1
df2023_COCO_DF_S000B00000_00216362.jpg,train,-1
df2023_COCO_DF_S000B00000_00216550.jpg,train,-1
df2023_COCO_DF_S000B00000_00217881.jpg,train,-1
df2023_COCO_DF_S000B00000_00219127.jpg,train,-1
df2023_COCO_DF_S000B00000_00219368.jpg,train,-1
df2023_COCO_DF_S000B00000_00219477.jpg,train,-1
df2023_COCO_DF_S000B00000_00219503.jpg,train,-1
df2023_COCO_DF_S000B00000_00220214.jpg,train,-1
df2023_COCO_DF_S000B00000_00220340.jpg,train,23
df2023_COCO_DF_S000B00000_00221427.jpg,train,-1
df2023_COCO_DF_S000B00000_00221692.jpg,train,-1
df2023_COCO_DF_S000B00000_00221978.jpg,train,-1
df2023_COCO_DF_S000B00000_00222734.jpg,train,-1
df2023_COCO_DF_S000B00000_00223105.jpg,train,-1
df2023_COCO_DF_S000B00000_00224132.jpg,train,-1
df2023_COCO_DF_S000B00000_00224198.jpg,train,-1
df2023_COCO_DF_S000B00000_00224512.jpg,train,-1
df2023_COCO_DF_S000B00000_00226656.jpg,train,-1
df2023_COCO_DF_S000B00000_00228004.jpg,train,-1
df2023_COCO_DF_S000B00000_00228425.jpg,train,-1
df2023_COCO_DF_S000B00000_00229831.jpg,train,-1
df2023_COCO_DF_S000B00000_00230483.jpg,train,-1
df2023_COCO_DF_S000B00000_00237956.jpg,train,-1
df2023_COCO_DF_S000B00000_00238820.jpg,train,-1
df2023_COCO_DF_S000B00000_00241116.jpg,train,-1
df2023_COCO_DF_S000B00000_00241711.jpg,train,-1
df2023_COCO_DF_S000B00000_00242500.jpg,train,-1
df2023_COCO_DF_S000B00000_00244956.jpg,train,-1
df2023_COCO_DF_S000B00000_00247965.jpg,train,-1
df2023_COCO_DF_S000B00000_00249772.jpg,train,-1
df2023_COCO_DF_S000B00000_00250206.jpg,train,-1
df2023_COCO_DF_S000B00000_00253126.jpg,train,-1
df2023_COCO_DF_S000B00000_00253324.jpg,train,-1
df2023_COCO_DF_S000B00000_00253463.jpg,train,-1
df2023_COCO_DF_S000B00000_00258167.jpg,train,-1
df2023_COCO_DF_S000B00000_00261042.jpg,train,-1
df2023_COCO_DF_S000B00000_00261419.jpg,train,-1
df2023_COCO_DF_S000B00000_00261849.jpg,train,-1
df2023_COCO_DF_S000B00000_00262280.jpg,train,-1
df2023_COCO_DF_S000B00000_00263848.jpg,train,-1
df2023_COCO_DF_S000B00000_00265142.jpg,train,-1
df2023_COCO_DF_S000B00000_00269655.jpg,train,-1
df2023_COCO_DF_S000B00000_00270755.jpg,train,-1
df2023_COCO_DF_S000B00000_00273145.jpg,train,-1
df2023_COCO_DF_S000B00000_00273152.jpg,train,-1
df2023_COCO_DF_S000B00000_00274445.jpg,train,-1
df2023_COCO_DF_S000B00000_00274814.jpg,train,-1
df2023_COCO_DF_S000B00000_00277159.jpg,train,-1
df2023_COCO_DF_S000B00000_00277434.jpg,train,-1
df2023_COCO_DF_S000B00000_00277759.jpg,train,-1
df2023_COCO_DF_S000B00000_00278219.jpg,train,-1
df2023_COCO_DF_S000B00000_00279124.jpg,train,-1
df2023_COCO_DF_S000B00000_00281777.jpg,train,-1
df2023_COCO_DF_S000B00000_00283837.jpg,train,-1
df2023_COCO_DF_S000B00000_00283981.jpg,train,-1
df2023_COCO_DF_S000B00000_00285574.jpg,train,-1
df2023_COCO_DF_S000B00000_00285735.jpg,train,-1
df2023_COCO_DF_S000B00000_00286533.jpg,train,-1
df2023_COCO_DF_S000B00000_00287548.jpg,train,-1
df2023_COCO_DF_S000B00000_00288767.jpg,train,-1
df2023_COCO_DF_S000B00000_00289053.jpg,train,-1
df2023_COCO_DF_S000B00000_00289321.jpg,train,-1
df2023_COCO_DF_S000B00000_00289650.jpg,train,-1
df2023_COCO_DF_S000B00000_00290320.jpg,train,-1
df2023_COCO_DF_S000B00000_00290494.jpg,train,-1
df2023_COCO_DF_S000B00000_00290711.jpg,train,-1
df2023_COCO_DF_S000B00000_00291059.jpg,train,-1
df2023_COCO_DF_S000B00000_00291746.jpg,train,-1
df2023_COCO_DF_S000B00000_00292618.jpg,train,-1
df2023_COCO_DF_S000B00000_00294683.jpg,train,-1
df2023_COCO_DF_S000B00000_00295084.jpg,train,-1
df2023_COCO_DF_S000B00000_00295698.jpg,train,-1
df2023_COCO_DF_S000B00000_00296041.jpg,train,-1
df2023_COCO_DF_S000B00000_00296064.jpg,train,-1
df2023_COCO_DF_S000B00000_00297817.jpg,train,-1
df2023_COCO_DF_S000B00000_00300567.jpg,train,-1
df2023_COCO_DF_S000B00000_00300800.jpg,train,-1
df2023_COCO_DF_S000B00000_00301017.jpg,train,-1
df2023_COCO_DF_S000B00000_00302975.jpg,train,-1
df2023_COCO_DF_S000B00000_00303916.jpg,train,-1
df2023_COCO_DF_S000B00000_00304513.jpg,train,-1
df2023_COCO_DF_S000B00000_00309580.jpg,train,-1
df2023_COCO_DF_S000B00000_00309649.jpg,train,-1
df2023_COCO_DF_S000B00000_00310539.jpg,train,-1
df2023_COCO_DF_S000B00000_00310654.jpg,train,-1
df2023_COCO_DF_S000B00000_00311163.jpg,train,-1
df2023_COCO_DF_S000B00000_00311322.jpg,train,-1
df2023_COCO_DF_S000B00000_00314954.jpg,train,-1
df2023_COCO_DF_S000B00000_00316532.jpg,train,-1
df2023_COCO_DF_S000B00000_00318446.jpg,train,-1
df2023_COCO_DF_S000B00000_00318906.jpg,train,-1
df2023_COCO_DF_S000B00000_00319271.jpg,train,-1
df2023_COCO_DF_S000B00000_00322467.jpg,train,-1
df2023_COCO_DF_S000B00000_00322634.jpg,train,-1
df2023_COCO_DF_S000B00000_00326819.jpg,train,-1
df2023_COCO_DF_S000B00000_00327823.jpg,train,-1
df2023_COCO_DF_S000B00000_00329868.jpg,train,-1
df2023_COCO_DF_S000B00000_00330898.jpg,train,-1
df2023_COCO_DF_S000B00000_00331071.jpg,train,-1
df2023_COCO_DF_S000B00000_00332209.jpg,train,-1
df2023_COCO_DF_S000B00000_00332816.jpg,train,-1
df2023_COCO_DF_S000B00000_00333173.jpg,train,-1
df2023_COCO_DF_S000B00000_00333496.jpg,train,-1
df2023_COCO_DF_S000B00000_00333706.jpg,train,-1
df2023_COCO_DF_S000B00000_00334610.jpg,train,-1
df2023_COCO_DF_S000B00000_00336511.jpg,train,-1
df2023_COCO_DF_S000B00000_00337482.jpg,train,-1
df2023_COCO_DF_S000B00000_00337532.jpg,train,-1
df2023_COCO_DF_S000B00000_00338441.jpg,train,-1
df2023_COCO_DF_S000B00000_00339609.jpg,train,-1
df2023_COCO_DF_S000B00000_00340798.jpg,train,-1
df2023_COCO_DF_S000B00000_00341485.jpg,train,-1
df2023_COCO_DF_S000B00000_00342390.jpg,train,-1
df2023_COCO_DF_S000B00000_00344733.jpg,train,-1
df2023_COCO_DF_S000B00000_00347200.jpg,train,-1
df2023_COCO_DF_S000B00000_00347364.jpg,train,-1
df2023_COCO_DF_S000B00000_00348659.jpg,train,-1
df2023_COCO_DF_S000B00000_00349214.jpg,train,-1
df2023_COCO_DF_S000B00000_00351218.jpg,train,-1
df2023_COCO_DF_S000B00000_00354289.jpg,train,-1
df2023_COCO_DF_S000B00000_00355648.jpg,train,-1
df2023_COCO_DF_S000B00000_00356082.jpg,train,-1
df2023_COCO_DF_S000B00000_00356261.jpg,train,-1
df2023_COCO_DF_S000B00000_00356587.jpg,train,-1
df2023_COCO_DF_S000B00000_00358930.jpg,train,-1
df2023_COCO_DF_S000B00000_00361138.jpg,train,-1
df2023_COCO_DF_S000B00000_00361913.jpg,train,-1
df2023_COCO_DF_S000B00000_00363322.jpg,train,-1
df2023_COCO_DF_S000B00000_00363928.jpg,train,-1
df2023_COCO_DF_S000B00000_00363957.jpg,train,-1
df2023_COCO_DF_S000B00000_00367269.jpg,train,-1
df2023_COCO_DF_S000B00000_00368164.jpg,train,-1
df2023_COCO_DF_S000B00000_00370248.jpg,train,-1
df2023_COCO_DF_S000B00000_00371029.jpg,train,-1
df2023_COCO_DF_S000B00000_00371280.jpg,train,-1
df2023_COCO_DF_S000B00000_00371827.jpg,train,-1
df2023_COCO_DF_S000B00000_00377072.jpg,train,-1
df2023_COCO_DF_S000B00000_00379016.jpg,train,-1
df2023_COCO_DF_S000B00000_00381965.jpg,train,-1
df2023_COCO_DF_S000B00000_00384332.jpg,train,-1
df2023_COCO_DF_S000B00000_00385699.jpg,train,-1
df2023_COCO_DF_S000B00000_00386622.jpg,train,-1
df2023_COCO_DF_S000B00000_00387233.jpg,train,-1
df2023_COCO_DF_S000B00000_00388402.jpg,train,-1
df2023_COCO_DF_S000B00000_00388977.jpg,train,-1
df2023_COCO_DF_S000B00000_00391793.jpg,train,-1
df2023_COCO_DF_S000B00000_00392468.jpg,train,-1
df2023_COCO_DF_S000B00000_00394626.jpg,train,-1
df2023_COCO_DF_S000B00000_00395200.jpg,train,-1
df2023_COCO_DF_S000B00000_00395753.jpg,train,-1
df2023_COCO_DF_S000B00000_00396167.jpg,train,-1
df2023_COCO_DF_S000B00000_00396810.jpg,train,-1
df2023_COCO_DF_S000B00000_00399156.jpg,train,-1
df2023_COCO_DF_S000B00000_00399817.jpg,train,-1
morphing_1.jpg_IN_78.tif,train,-1
morphing_10.jpg_IN_92.tif,train,-1
morphing_100.jpg_IN_122.tif,train,-1
morphing_100.jpg_IN_144.tif,train,30
morphing_100.jpg_IN_199.tif,train,-1
morphing_100.jpg_IN_91.tif,train,6
morphing_101.jpg_IN_147.tif,train,97
morphing_101.jpg_IN_180.tif,train,342
morphing_101.jpg_IN_83.tif,train,-1
morphing_102.jpg_IN_44.tif,train,468
morphing_104.jpg_IN_189.tif,train,26
morphing_104.jpg_IN_86.tif,train,91
morphing_106.jpg_IN_66.tif,train,-1
morphing_107.jpg_IN_80.tif,train,-1
morphing_107.jpg_IN_99.tif,train,-1
morphing_108.jpg_IN_16.tif,train,260
morphing_108.jpg_IN_174.tif,train,-1
morphing_108.jpg_IN_193.tif,train,-1
morphing_109.jpg_IN_112.tif,train,170
morphing_109.jpg_IN_196.tif,train,102
morphing_11.jpg_IN_109.tif,train,-1
morphing_11.jpg_IN_177.tif,train,-1
morphing_111.jpg_IN_187.tif,train,72
morphing_111.jpg_IN_189.tif,train,-1
morphing_112.jpg_IN_124.tif,train,-1
morphing_112.jpg_IN_158.tif,train,-1
morphing_112.jpg_IN_184.tif,train,130
morphing_112.jpg_IN_27.tif,train,39
morphing_113.jpg_IN_15.tif,train,-1
morphing_113.jpg_IN_43.tif,train,-1
morphing_113.jpg_IN_74.tif,train,176
morphing_115.jpg_IN_149.tif,train,-1
morphing_115.jpg_IN_23.tif,train,-1
morphing_115.jpg_IN_33.tif,train,141
morphing_116.jpg_IN_175.tif,train,-1
morphing_118.jpg_IN_10.tif,train,-1
morphing_118.jpg_IN_15.tif,train,-1
morphing_119.jpg_IN_152.tif,train,207
morphing_119.jpg_IN_52.tif,train,-1
morphing_119.jpg_IN_62.tif,train,-1
morphing_12.jpg_IN_131.tif,train,125
morphing_12.jpg_IN_197.tif,train,530
morphing_120.jpg_IN_66.tif,train,363
morphing_120.jpg_IN_91.tif,train,46
morphing_121.jpg_IN_160.tif,train,-1
morphing_121.jpg_IN_23.tif,train,-1
morphing_121.jpg_IN_52.tif,train,-1
morphing_122.jpg_IN_118.tif,train,-1
morphing_122.jpg_IN_121.tif,train,105
morphing_122.jpg_IN_130.tif,train,569
morphing_122.jpg_IN_139.tif,train,17
morphing_122.jpg_IN_168.tif,train,-1
morphing_122.jpg_IN_4.tif,train,-1
morphing_122.jpg_IN_88.tif,train,-1
morphing_124.jpg_IN_178.tif,train,76
morphing_125.jpg_IN_135.tif,train,-1
morphing_126.jpg_IN_178.tif,train,76
morphing_126.jpg_IN_70.tif,train,-1
morphing_127.jpg_IN_162.tif,train,19
morphing_127.jpg_IN_86.tif,train,91
morphing_128.jpg_IN_127.tif,train,-1
morphing_128.jpg_IN_73.tif,train,-1
morphing_129.jpg_IN_108.tif,train,183
morphing_129.jpg_IN_121.tif,train,239
morphing_129.jpg_IN_160.tif,train,123
morphing_13.jpg_IN_102.tif,train,99
morphing_130.jpg_IN_113.tif,train,561
morphing_131.jpg_IN_101.tif,train,-1
morphing_132.jpg_IN_190.tif,train,-1
morphing_133.jpg_IN_96.tif,train,-1
morphing_134.jpg_IN_120.tif,train,-1
morphing_134.jpg_IN_15.tif,train,69
morphing_134.jpg_IN_74.tif,train,84
morphing_135.jpg_IN_100.tif,train,-1
morphing_135.jpg_IN_21.tif,train,-1
morphing_136.jpg_IN_96.tif,train,2
morphing_137.jpg_IN_101.tif,train,-1
morphing_137.jpg_IN_67.tif,train,-1
morphing_137.jpg_IN_85.tif,train,-1
morphing_137.jpg_IN_91.tif,train,-1
morphing_14.jpg_IN_150.tif,train,-1
morphing_14.jpg_IN_9.tif,train,103
morphing_140.jpg_IN_13.tif,train,-1
morphing_140.jpg_IN_190.tif,train,-1
morphing_140.jpg_IN_40.tif,train,-1
morphing_140.jpg_IN_89.tif,train,263
morphing_141.jpg_IN_143.tif,train,-1
morphing_141.jpg_IN_181.tif,train,-1
morphing_141.jpg_IN_60.tif,train,-1
morphing_143.jpg_IN_171.tif,train,19
morphing_143.jpg_IN_21.tif,train,-1
morphing_143.jpg_IN_99.tif,train,-1
morphing_144.jpg_IN_128.tif,train,-1
morphing_144.jpg_IN_65.tif,train,167
morphing_146.jpg_IN_169.tif,train,-1
morphing_147.jpg_IN_144.tif,train,55
morphing_148.jpg_IN_168.tif,train,-1
morphing_148.jpg_IN_181.tif,train,120
morphing_148.jpg_IN_49.tif,train,-1
morphing_148.jpg_IN_55.tif,train,70
morphing_148.jpg_IN_61.tif,train,-1
morphing_149.jpg_IN_112.tif,train,170
morphing_15.jpg_IN_137.tif,train,-1
morphing_15.jpg_IN_179.tif,train,104
morphing_15.jpg_IN_37.tif,train,-1
morphing_150.jpg_IN_1.tif,train,-1
morphing_150.jpg_IN_24.tif,train,239
morphing_150.jpg_IN_36.tif,train,-1
morphing_151.jpg_IN_10.tif,train,-1
morphing_151.jpg_IN_139.tif,train,-1
morphing_151.jpg_IN_182.tif,train,-1
morphing_151.jpg_IN_198.tif,train,-1
morphing_151.jpg_IN_7.tif,train,-1
morphing_152.jpg_IN_164.tif,train,-1
morphing_152.jpg_IN_186.tif,train,122
morphing_152.jpg_IN_22.tif,train,122
morphing_153.jpg_IN_117.tif,train,-1
morphing_153.jpg_IN_45.tif,train,-1
morphing_155.jpg_IN_187.tif,train,-1
morphing_156.jpg_IN_36.tif,train,-1
morphing_157.jpg_IN_147.tif,train,-1
morphing_157.jpg_IN_27.tif,train,28
morphing_157.jpg_IN_52.tif,train,73
morphing_159.jpg_IN_107.tif,train,-1
morphing_159.jpg_IN_97.tif,train,-1
morphing_160.jpg_IN_159.tif,train,-1
morphing_160.jpg_IN_169.tif,train,-1
morphing_160.jpg_IN_182.tif,train,-1
morphing_161.jpg_IN_136.tif,train,-1
morphing_161.jpg_IN_20.tif,train,47
morphing_163.jpg_IN_198.tif,train,46
morphing_165.jpg_IN_111.tif,train,-1
morphing_165.jpg_IN_112.tif,train,-1
morphing_165.jpg_IN_142.tif,train,-1
morphing_165.jpg_IN_155.tif,train,-1
morphing_165.jpg_IN_166.tif,train,-1
morphing_165.jpg_IN_33.tif,train,-1
morphing_166.jpg_IN_65.tif,train,-1
morphing_167.jpg_IN_194.tif,train,-1
morphing_168.jpg_IN_44.tif,train,468
morphing_169.jpg_IN_127.tif,train,-1
morphing_169.jpg_IN_145.tif,train,-1
morphing_169.jpg_IN_74.tif,train,-1
morphing_17.jpg_IN_130.tif,train,569
morphing_17.jpg_IN_191.tif,train,268
morphing_17.jpg_IN_71.tif,train,-1
morphing_170.jpg_IN_130.tif,train,-1
morphing_170.jpg_IN_8.tif,train,-1
morphing_171.jpg_IN_12.tif,train,-1
morphing_171.jpg_IN_13.tif,train,-1
morphing_172.jpg_IN_105.tif,train,-1
morphing_172.jpg_IN_23.tif,train,51
morphing_173.jpg_IN_195.tif,train,69
morphing_174.jpg_IN_25.tif,train,59
morphing_175.jpg_IN_179.tif,train,104
morphing_175.jpg_IN_26.tif,train,-1
morphing_178.jpg_IN_196.tif,train,-1
morphing_18.jpg_IN_118.tif,train,-1
morphing_18.jpg_IN_192.tif,train,-1
morphing_18.jpg_IN_72.tif,train,-1
morphing_180.jpg_IN_114.tif,train,105
morphing_180.jpg_IN_196.tif,train,102
morphing_181.jpg_IN_168.tif,train,110
morphing_182.jpg_IN_180.tif,train,45
morphing_183.jpg_IN_159.tif,train,137
morphing_185.jpg_IN_122.tif,train,-1
morphing_186.jpg_IN_128.tif,train,-1
morphing_186.jpg_IN_47.tif,train,129
morphing_186.jpg_IN_71.tif,train,-1
morphing_187.jpg_IN_156.tif,train,99
morphing_188.jpg_IN_10.tif,train,-1
morphing_188.jpg_IN_145.tif,train,-1
morphing_189.jpg_IN_61.tif,train,-1
morphing_19.jpg_IN_113.tif,train,561
morphing_19.jpg_IN_132.tif,train,27
morphing_19.jpg_IN_158.tif,train,-1
morphing_19.jpg_IN_32.tif,train,50
morphing_19.jpg_IN_57.tif,train,-1
morphing_190.jpg_IN_55.tif,train,70
morphing_191.jpg_IN_123.tif,train,-1
morphing_191.jpg_IN_148.tif,train,-1
morphing_193.jpg_IN_144.tif,train,55
morphing_193.jpg_IN_96.tif,train,-1
morphing_194.jpg_IN_138.tif,train,-1
morphing_194.jpg_IN_21.tif,train,-1
morphing_194.jpg_IN_57.tif,train,-1
morphing_194.jpg_IN_75.tif,train,234
morphing_195.jpg_IN_21.tif,train,-1
morphing_195.jpg_IN_27.tif,train,28
morphing_195.jpg_IN_66.tif,train,363
morphing_196.jpg_IN_20.tif,train,47
morphing_197.jpg_IN_125.tif,train,-1
morphing_198.jpg_IN_31.tif,train,-1
morphing_198.jpg_IN_70.tif,train,1
morphing_199.jpg_IN_76.tif,train,-1
morphing_2.jpg_IN_15.tif,train,-1
morphing_2.jpg_IN_22.tif,train,-1
morphing_20.jpg_IN_15.tif,train,33
morphing_20.jpg_IN_179.tif,train,-1
morphing_21.jpg_IN_149.tif,train,-1
morphing_21.jpg_IN_49.tif,train,-1
morphing_21.jpg_IN_52.tif,train,73
morphing_21.jpg_IN_63.tif,train,-1
morphing_21.jpg_IN_95.tif,train,1140
morphing_22.jpg_IN_186.tif,train,-1
morphing_22.jpg_IN_54.tif,train,140
morphing_22.jpg_IN_85.tif,train,-1
morphing_23.jpg_IN_51.tif,train,-1
morphing_24.jpg_IN_43.tif,train,-1
morphing_25.jpg_IN_152.tif,train,207
morphing_25.jpg_IN_163.tif,train,-1
morphing_26.jpg_IN_32.tif,train,50
morphing_27.jpg_IN_108.tif,train,-1
morphing_27.jpg_IN_15.tif,train,-1
morphing_28.jpg_IN_142.tif,train,-1
morphing_28.jpg_IN_176.tif,train,-1
morphing_28.jpg_IN_191.tif,train,87
morphing_28.jpg_IN_95.tif,train,-1
morphing_28.jpg_IN_98.tif,train,-1
morphing_3.jpg_IN_33.tif,train,-1
morphing_3.jpg_IN_61.tif,train,-1
morphing_3.jpg_IN_72.tif,train,-1
morphing_31.jpg_IN_147.tif,train,97
morphing_31.jpg_IN_169.tif,train,67
morphing_31.jpg_IN_43.tif,train,67
morphing_31.jpg_IN_70.tif,train,469
morphing_32.jpg_IN_139.tif,train,-1
morphing_32.jpg_IN_162.tif,train,-1
morphing_32.jpg_IN_38.tif,train,-1
morphing_32.jpg_IN_54.tif,train,140
morphing_32.jpg_IN_6.tif,train,-1
morphing_32.jpg_IN_63.tif,train,-1
morphing_33.jpg_IN_19.tif,train,-1
morphing_34.jpg_IN_117.tif,train,-1
morphing_34.jpg_IN_172.tif,train,-1
morphing_34.jpg_IN_179.tif,train,275
morphing_34.jpg_IN_188.tif,train,-1
morphing_36.jpg_IN_167.tif,train,-1
morphing_36.jpg_IN_97.tif,train,-1
morphing_37.jpg_IN_159.tif,train,-1
morphing_37.jpg_IN_179.tif,train,104
morphing_37.jpg_IN_95.tif,train,1140
morphing_38.jpg_IN_125.tif,train,-1
morphing_38.jpg_IN_61.tif,train,-1
morphing_38.jpg_IN_97.tif,train,-1
morphing_39.jpg_IN_137.tif,train,-1
morphing_39.jpg_IN_23.tif,train,-1
morphing_4.jpg_IN_185.tif,train,181
morphing_41.jpg_IN_128.tif,train,-1
morphing_41.jpg_IN_162.tif,train,19
morphing_41.jpg_IN_197.tif,train,-1
morphing_42.jpg_IN_174.tif,train,-1
morphing_42.jpg_IN_194.tif,train,-1
morphing_42.jpg_IN_38.tif,train,-1
morphing_42.jpg_IN_84.tif,train,-1
morphing_43.jpg_IN_35.tif,train,189
morphing_43.jpg_IN_51.tif,train,193
morphing_43.jpg_IN_63.tif,train,47
morphing_43.jpg_IN_85.tif,train,-1
morphing_44.jpg_IN_107.tif,train,201
morphing_44.jpg_IN_114.tif,train,-1
morphing_44.jpg_IN_125.tif,train,-1
morphing_44.jpg_IN_167.tif,train,201
morphing_45.jpg_IN_120.tif,train,-1
morphing_45.jpg_IN_173.tif,train,-1
morphing_45.jpg_IN_32.tif,train,50
morphing_45.jpg_IN_66.tif,train,-1
morphing_46.jpg_IN_141.tif,train,29
morphing_46.jpg_IN_186.tif,train,24
morphing_46.jpg_IN_74.tif,train,176
morphing_47.jpg_IN_153.tif,train,39
morphing_48.jpg_IN_199.tif,train,-1
morphing_49.jpg_IN_3.tif,train,-1
morphing_5.jpg_IN_52.tif,train,73
morphing_5.jpg_IN_67.tif,train,-1
morphing_5.jpg_IN_8.tif,train,-1
morphing_50.jpg_IN_143.tif,train,58
morphing_51.jpg_IN_139.tif,train,-1
morphing_52.jpg_IN_177.tif,train,-1
morphing_52.jpg_IN_53.tif,train,264
morphing_53.jpg_IN_186.tif,train,24
morphing_53.jpg_IN_192.tif,train,-1
morphing_53.jpg_IN_84.tif,train,-1
morphing_54.jpg_IN_29.tif,train,-1
morphing_55.jpg_IN_163.tif,train,101
morphing_55.jpg_IN_93.tif,train,27
morphing_56.jpg_IN_139.tif,train,-1
morphing_56.jpg_IN_5.tif,train,18
morphing_56.jpg_IN_94.tif,train,54
morphing_57.jpg_IN_173.tif,train,-1
morphing_57.jpg_IN_189.tif,train,-1
morphing_57.jpg_IN_59.tif,train,-1
morphing_59.jpg_IN_153.tif,train,-1
morphing_59.jpg_IN_162.tif,train,-1
morphing_59.jpg_IN_75.tif,train,-1
morphing_60.jpg_IN_126.tif,train,-1
morphing_60.jpg_IN_197.tif,train,-1
morphing_60.jpg_IN_36.tif,train,-1
morphing_60.jpg_IN_73.tif,train,-1
morphing_60.jpg_IN_85.tif,train,133
morphing_61.jpg_IN_115.tif,train,-1
morphing_62.jpg_IN_12.tif,train,-1
morphing_63.jpg_IN_35.tif,train,189
morphing_63.jpg_IN_68.tif,train,134
morphing_64.jpg_IN_113.tif,train,-1
morphing_64.jpg_IN_15.tif,train,-1
morphing_65.jpg_IN_193.tif,train,138
morphing_65.jpg_IN_32.tif,train,50
morphing_65.jpg_IN_61.tif,train,-1
morphing_66.jpg_IN_151.tif,train,-1
morphing_66.jpg_IN_55.tif,train,70
morphing_67.jpg_IN_155.tif,train,-1
morphing_67.jpg_IN_60.tif,train,-1
morphing_68.jpg_IN_62.tif,train,-1
morphing_69.jpg_IN_169.tif,train,-1
morphing_70.jpg_IN_125.tif,train,-1
morphing_70.jpg_IN_21.tif,train,-1
morphing_71.jpg_IN_151.tif,train,-1
morphing_71.jpg_IN_70.tif,train,-1
morphing_73.jpg_IN_155.tif,train,-1
morphing_74.jpg_IN_177.tif,train,-1
morphing_75.jpg_IN_169.tif,train,-1
morphing_75.jpg_IN_194.tif,train,-1
morphing_75.jpg_IN_55.tif,train,70
morphing_76.jpg_IN_52.tif,train,73
morphing_76.jpg_IN_58.tif,train,-1
morphing_77.jpg_IN_125.tif,train,-1
morphing_77.jpg_IN_88.tif,train,65
morphing_78.jpg_IN_119.tif,train,17
morphing_78.jpg_IN_130.tif,train,-1
morphing_78.jpg_IN_150.tif,train,-1
morphing_78.jpg_IN_60.tif,train,-1
morphing_79.jpg_IN_108.tif,train,-1
morphing_79.jpg_IN_187.tif,train,-1
morphing_79.jpg_IN_2.tif,train,-1
morphing_79.jpg_IN_6.tif,train,-1
morphing_8.jpg_IN_163.tif,train,-1
morphing_8.jpg_IN_69.tif,train,-1
morphing_8.jpg_IN_87.tif,train,-1
morphing_80.jpg_IN_38.tif,train,-1
morphing_83.jpg_IN_36.tif,train,234
morphing_84.jpg_IN_86.tif,train,-1
morphing_85.jpg_IN_16.tif,train,260
morphing_85.jpg_IN_192.tif,train,-1
morphing_86.jpg_IN_74.tif,train,84
morphing_87.jpg_IN_175.tif,train,-1
morphing_87.jpg_IN_28.tif,train,-1
morphing_87.jpg_IN_6.tif,train,-1
morphing_88.jpg_IN_105.tif,train,-1
morphing_88.jpg_IN_122.tif,train,-1
morphing_88.jpg_IN_66.tif,train,-1
morphing_89.jpg_IN_12.tif,train,5
morphing_90.jpg_IN_49.tif,train,-1
morphing_90.jpg_IN_7.tif,train,-1
morphing_91.jpg_IN_112.tif,train,-1
morphing_91.jpg_IN_13.tif,train,-1
morphing_91.jpg_IN_15.tif,train,-1
morphing_91.jpg_IN_34.tif,train,-1
morphing_92.jpg_IN_101.tif,train,83
morphing_92.jpg_IN_65.tif,train,-1
morphing_92.jpg_IN_75.tif,train,-1
morphing_93.jpg_IN_127.tif,train,-1
morphing_93.jpg_IN_133.tif,train,245
morphing_93.jpg_IN_161.tif,train,-1
morphing_94.jpg_IN_80.tif,train,79
morphing_95.jpg_IN_152.tif,train,207
morphing_95.jpg_IN_177.tif,train,-1
morphing_96.jpg_IN_11.tif,train,-1
morphing_96.jpg_IN_172.tif,train,-1
morphing_96.jpg_IN_18.tif,train,-1
morphing_97.jpg_IN_114.tif,train,264
morphing_97.jpg_IN_140.tif,train,-1
morphing_97.jpg_IN_188.tif,train,-1
morphing_98.jpg_IN_45.tif,train,-1
morphing_99.jpg_IN_53.tif,train,-1
RAISE_1006_heavy.png,train,-1
RAISE_1010_remove.png,train,-1
RAISE_1020_remove.png,train,-1
RAISE_1071_add.png,train,-1
RAISE_125_modify.png,train,-1
RAISE_1310_remove.png,train,-1
RAISE_1371_remove.png,train,-1
RAISE_1403_remove.png,train,-1
RAISE_1454_remove.png,train,-1
RAISE_1562_heavy.png,train,-1
RAISE_1562_remove.png,train,-1
RAISE_1640_modify.png,train,-1
RAISE_1748_heavy.png,train,-1
RAISE_1755_modify.png,train,-1
RAISE_1755_remove.png,train,-1
RAISE_1790_add.png,train,-1
RAISE_1795_add.png,train,-1
RAISE_1818_modify.png,train,-1
RAISE_1911_add.png,train,-1
RAISE_1911_modify.png,train,-1
RAISE_1942_remove.png,train,-1
RAISE_1955_remove.png,train,-1
RAISE_2118_add.png,train,-1
RAISE_2134_modify.png,train,-1
RAISE_2198_heavy.png,train,-1
RAISE_2331_add.png,train,-1
RAISE_2347_heavy.png,train,-1
RAISE_2409_modify.png,train,-1
RAISE_2439_add.png,train,-1
RAISE_245_heavy.png,train,-1
RAISE_2553_remove.png,train,-1
RAISE_2568_heavy.png,train,-1
RAISE_2677_modify.png,train,-1
RAISE_271_modify.png,train,-1
RAISE_271_remove.png,train,-1
RAISE_2740_heavy.png,train,-1
RAISE_2809_add.png,train,-1
RAISE_2817_add.png,train,-1
RAISE_2961_modify.png,train,-1
RAISE_3000_remove.png,train,-1
RAISE_3034_modify.png,train,-1
RAISE_3121_heavy.png,train,-1
RAISE_3121_remove.png,train,-1
RAISE_3122_heavy.png,train,-1
RAISE_3128_remove.png,train,-1
RAISE_3146_modify.png,train,-1
RAISE_3276_heavy.png,train,-1
RAISE_3363_add.png,train,-1
RAISE_3363_remove.png,train,-1
RAISE_338_add.png,train,-1
RAISE_3441_modify.png,train,-1
RAISE_352_remove.png,train,-1
RAISE_3540_add.png,train,-1
RAISE_355_heavy.png,train,-1
RAISE_355_remove.png,train,-1
RAISE_3563_modify.png,train,-1
RAISE_3573_modify.png,train,-1
RAISE_3577_heavy.png,train,-1
RAISE_3577_remove.png,train,-1
RAISE_3621_remove.png,train,-1
RAISE_3635_remove.png,train,-1
RAISE_3638_add.png,train,-1
RAISE_3675_add.png,train,-1
RAISE_3776_modify.png,train,-1
RAISE_3786_heavy.png,train,-1
RAISE_3828_modify.png,train,-1
RAISE_3847_modify.png,train,-1
RAISE_3874_heavy.png,train,-1
RAISE_3902_heavy.png,train,-1
RAISE_4018_heavy.png,train,-1
RAISE_4044_remove.png,train,-1
RAISE_4046_add.png,train,-1
RAISE_4248_add.png,train,-1
RAISE_4291_add.png,train,-1
RAISE_4474_modify.png,train,-1
RAISE_4478_modify.png,train,-1
RAISE_4480_modify.png,train,-1
RAISE_452_remove.png,train,-1
RAISE_4605_modify.png,train,-1
RAISE_4638_add.png,train,-1
RAISE_4638_heavy.png,train,-1
RAISE_4655_modify.png,train,-1
RAISE_4679_modify.png,train,-1
RAISE_4708_modify.png,train,-1
RAISE_4715_remove.png,train,-1
RAISE_4849_add.png,train,-1
RAISE_4869_add.png,train,-1
RAISE_5020_add.png,train,-1
RAISE_5026_heavy.png,train,-1
RAISE_5035_remove.png,train,-1
RAISE_5088_heavy.png,train,-1
RAISE_5126_modify.png,train,-1
RAISE_513_heavy.png,train,-1
RAISE_5155_modify.png,train,-1
RAISE_5164_add.png,train,-1
RAISE_523_remove.png,train,-1
RAISE_5299_heavy.png,train,-1
RAISE_533_remove.png,train,-1
RAISE_5365_modify.png,train,-1
RAISE_540_heavy.png,train,-1
RAISE_5422_modify.png,train,-1
RAISE_5429_heavy.png,train,-1
RAISE_5504_remove.png,train,-1
RAISE_5518_add.png,train,-1
RAISE_5534_heavy.png,train,-1
RAISE_5551_remove.png,train,-1
RAISE_5552_remove.png,train,-1
RAISE_5596_add.png,train,-1
RAISE_5622_add.png,train,-1
RAISE_562_heavy.png,train,-1
RAISE_5687_remove.png,train,-1
RAISE_5718_heavy.png,train,-1
RAISE_5725_modify.png,train,-1
RAISE_5734_add.png,train,-1
RAISE_5743_remove.png,train,-1
RAISE_5887_heavy.png,train,-1
RAISE_5904_modify.png,train,-1
RAISE_5968_modify.png,train,-1
RAISE_5970_modify.png,train,-1
RAISE_5998_heavy.png,train,-1
RAISE_6265_add.png,train,-1
RAISE_6287_modify.png,train,-1
RAISE_629_remove.png,train,-1
RAISE_6422_remove.png,train,-1
RAISE_6432_heavy.png,train,-1
RAISE_6482_modify.png,train,-1
RAISE_6485_modify.png,train,-1
RAISE_6566_modify.png,train,-1
RAISE_6576_modify.png,train,-1
RAISE_65_remove.png,train,-1
RAISE_6723_heavy.png,train,-1
RAISE_6762_remove.png,train,-1
RAISE_6836_remove.png,train,-1
RAISE_6870_heavy.png,train,-1
RAISE_6870_remove.png,train,-1
RAISE_68_remove.png,train,-1
RAISE_6934_remove.png,train,-1
RAISE_6979_remove.png,train,-1
RAISE_698_add.png,train,31
RAISE_6999_modify.png,train,-1
RAISE_7075_modify.png,train,-1
RAISE_7162_modify.png,train,-1
RAISE_7201_modify.png,train,-1
RAISE_7212_add.png,train,-1
RAISE_7289_heavy.png,train,-1
RAISE_7334_heavy.png,train,-1
RAISE_7364_heavy.png,train,20
RAISE_7364_modify.png,train,20
RAISE_7494_remove.png,train,-1
RAISE_7518_heavy.png,train,-1
RAISE_7518_remove.png,train,-1
RAISE_7559_remove.png,train,-1
RAISE_7560_add.png,train,-1
RAISE_7699_modify.png,train,-1
RAISE_7819_add.png,train,-1
RAISE_7828_modify.png,train,-1
RAISE_7839_add.png,train,-1
RAISE_7988_add.png,train,-1
RAISE_8022_modify.png,train,-1
RAISE_810_heavy.png,train,-1
RAISE_8144_remove.png,train,-1
RAISE_824_remove.png,train,-1
RAISE_832_heavy.png,train,-1
RAISE_900_heavy.png,train,-1
RAISE_923_heavy.png,train,-1
RAISE_923_remove.png,train,-1
splicing_10007_000000289767.tif,train,-1
splicing_10011_000000284582.tif,train,-1
splicing_10020_000000314480.tif,train,-1
splicing_10020_000000379115.tif,train,-1
splicing_10038_000000491467.tif,train,-1
splicing_1003_000000447623.tif,train,-1
splicing_10040_000000523564.tif,train,-1
splicing_10048_000000008095.tif,train,-1
splicing_10056_000000273230.tif,train,-1
splicing_10057_000000547528.tif,train,-1
splicing_10085_000000034882.tif,train,-1
splicing_10105_000000374947.tif,train,-1
splicing_10109_000000126054.tif,train,-1
splicing_10142_000000030267.tif,train,-1
splicing_10146_000000013040.tif,train,-1
splicing_10157_000000454232.tif,train,4
splicing_10173_000000510871.tif,train,-1
splicing_10176_000000192594.tif,train,-1
splicing_1018_000000208147.tif,train,-1
splicing_10221_000000209610.tif,train,-1
splicing_10235_000000499239.tif,train,-1
splicing_10249_000000550303.tif,train,-1
splicing_1024_000000066483.tif,train,-1
splicing_10251_000000278506.tif,train,-1
splicing_10256_000000293666.tif,train,-1
splicing_10260_000000579859.tif,train,-1
splicing_10264_000000482177.tif,train,-1
splicing_10265_000000478783.tif,train,-1
splicing_10292_000000030646.tif,train,-1
splicing_10296_000000351369.tif,train,-1
splicing_10312_000000099184.tif,train,-1
splicing_10324_000000149060.tif,train,-1
splicing_10357_000000247072.tif,train,-1
splicing_10369_000000242139.tif,train,-1
splicing_10398_000000249936.tif,train,4
splicing_10399_000000093789.tif,train,-1
splicing_1042_000000026895.tif,train,-1
splicing_10443_000000454857.tif,train,-1
splicing_10447_000000074343.tif,train,-1
splicing_10455_000000112228.tif,train,-1
splicing_10456_000000085155.tif,train,-1
splicing_10466_000000206221.tif,train,-1
splicing_10467_000000255112.tif,train,-1
splicing_10482_000000443634.tif,train,-1
splicing_10492_000000274734.tif,train,-1
splicing_10494_000000132394.tif,train,-1
splicing_10528_000000087581.tif,train,-1
splicing_10533_000000423990.tif,train,-1
splicing_10536_000000250953.tif,train,-1
splicing_10546_000000175020.tif,train,-1
splicing_10556_000000293166.tif,train,-1
splicing_10558_000000476585.tif,train,-1
splicing_10591_000000106851.tif,train,-1
splicing_10597_000000427343.tif,train,-1
splicing_1059_000000384424.tif,train,-1
splicing_10601_000000228464.tif,train,-1
splicing_10614_000000004463.tif,train,-1
splicing_1061_000000471483.tif,train,-1
splicing_10659_000000092096.tif,train,-1
splicing_10669_000000289855.tif,train,-1
splicing_10669_000000335925.tif,train,-1
splicing_10678_000000078550.tif,train,-1
splicing_10689_000000490291.tif,train,-1
splicing_10690_000000268750.tif,train,4
splicing_10706_000000371960.tif,train,-1
splicing_10710_000000030668.tif,train,-1
splicing_10712_000000297859.tif,train,-1
splicing_10713_000000141952.tif,train,-1
splicing_10731_000000293784.tif,train,-1
splicing_10742_000000315620.tif,train,-1
splicing_10745_000000540885.tif,train,-1
splicing_10761_000000099942.tif,train,-1
splicing_10769_000000090820.tif,train,-1
splicing_10777_000000101588.tif,train,-1
splicing_10798_000000281829.tif,train,-1
splicing_10828_000000139339.tif,train,-1
splicing_10851_000000231341.tif,train,-1
splicing_10853_000000132515.tif,train,-1
splicing_10863_000000194299.tif,train,-1
splicing_1086_000000154727.tif,train,-1
splicing_10875_000000169330.tif,train,4
splicing_1088_000000109971.tif,train,-1
splicing_10894_000000069536.tif,train,-1
splicing_10898_000000379620.tif,train,-1
splicing_10899_000000335479.tif,train,-1
splicing_10911_000000007567.tif,train,-1
splicing_1100_000000140340.tif,train,-1
splicing_11018_000000158486.tif,train,-1
splicing_11025_000000403500.tif,train,-1
splicing_11034_000000059489.tif,train,-1
splicing_11043_000000478518.tif,train,-1
splicing_11053_000000531369.tif,train,-1
splicing_1105_000000389672.tif,train,-1
splicing_11060_000000525039.tif,train,-1
splicing_11087_000000268356.tif,train,-1
splicing_11090_000000223545.tif,train,-1
splicing_11103_000000281625.tif,train,-1
splicing_11114_000000336770.tif,train,-1
splicing_11135_000000084295.tif,train,-1
splicing_1114_000000064009.tif,train,-1
splicing_11157_000000294587.tif,train,-1
splicing_11160_000000428447.tif,train,-1
splicing_11187_000000337427.tif,train,-1
splicing_11195_000000433568.tif,train,-1
splicing_11200_000000555365.tif,train,-1
splicing_11206_000000187642.tif,train,-1
splicing_11226_000000295257.tif,train,-1
splicing_11242_000000203304.tif,train,-1
splicing_11242_000000396762.tif,train,-1
splicing_11289_000000072564.tif,train,-1
splicing_11289_000000286998.tif,train,-1
splicing_1128_000000039926.tif,train,-1
splicing_11291_000000061326.tif,train,-1
splicing_11293_000000347051.tif,train,-1
splicing_11299_000000325812.tif,train,-1
splicing_11302_000000435139.tif,train,-1
splicing_11314_000000299679.tif,train,-1
splicing_11341_000000385241.tif,train,-1
splicing_11357_000000246425.tif,train,15
splicing_11360_000000208978.tif,train,-1
splicing_11367_000000550540.tif,train,-1
splicing_11372_000000020090.tif,train,-1
splicing_11376_000000053111.tif,train,-1
splicing_11388_000000355717.tif,train,-1
splicing_1138_000000246423.tif,train,-1
splicing_11429_000000243153.tif,train,957
splicing_11441_000000515289.tif,train,-1
splicing_11452_000000094558.tif,train,-1
splicing_11459_000000196393.tif,train,-1
splicing_11462_000000308907.tif,train,-1
splicing_11513_000000204216.tif,train,-1
splicing_11522_000000459328.tif,train,-1
splicing_11524_000000160009.tif,train,-1
splicing_11573_000000143192.tif,train,-1
splicing_11573_000000275775.tif,train,-1
splicing_11574_000000559113.tif,train,-1
splicing_11613_000000316147.tif,train,-1
splicing_11619_000000124452.tif,train,-1
splicing_11623_000000125273.tif,train,-1
splicing_11624_000000331518.tif,train,-1
splicing_11625_000000092700.tif,train,-1
splicing_11640_000000045954.tif,train,-1
splicing_11646_000000108240.tif,train,-1
splicing_11670_000000551936.tif,train,-1
splicing_1167_000000451856.tif,train,-1
splicing_11711_000000125313.tif,train,4
splicing_11727_000000133496.tif,train,4
splicing_11744_000000202171.tif,train,-1
splicing_11748_000000033489.tif,train,-1
splicing_11748_000000252956.tif,train,-1
splicing_1174_000000061624.tif,train,-1
splicing_11754_000000092377.tif,train,-1
splicing_11757_000000290911.tif,train,-1
splicing_11771_000000428885.tif,train,-1
splicing_11808_000000548095.tif,train,-1
splicing_11816_000000270836.tif,train,-1
splicing_11855_000000230593.tif,train,-1
splicing_11860_000000514732.tif,train,-1
splicing_11891_000000044045.tif,train,-1
splicing_11906_000000561591.tif,train,-1
splicing_11933_000000366086.tif,train,-1
splicing_12002_000000149961.tif,train,-1
splicing_12032_000000092585.tif,train,-1
splicing_12034_000000207828.tif,train,-1
splicing_12047_000000041772.tif,train,-1
splicing_12067_000000359472.tif,train,4
splicing_12081_000000550906.tif,train,-1
splicing_12089_000000581815.tif,train,-1
splicing_12127_000000427120.tif,train,-1
splicing_1213_000000481563.tif,train,-1
splicing_12143_000000344935.tif,train,957
splicing_12166_000000171067.tif,train,-1
splicing_12167_000000237592.tif,train,-1
splicing_1218_000000124266.tif,train,-1
splicing_12201_000000374361.tif,train,-1
splicing_12279_000000177786.tif,train,-1
splicing_1228_000000257940.tif,train,-1
splicing_12392_000000325957.tif,train,4
splicing_1239_000000234900.tif,train,-1
splicing_12421_000000297154.tif,train,-1
splicing_12422_000000295647.tif,train,-1
splicing_12425_000000448205.tif,train,-1
splicing_12430_000000310416.tif,train,-1
splicing_12461_000000443857.tif,train,-1
splicing_1253_000000558788.tif,train,-1
splicing_12540_000000009426.tif,train,-1
splicing_12762_000000519845.tif,train,-1
splicing_12813_000000547293.tif,train,-1
splicing_12843_000000058413.tif,train,-1
splicing_12903_000000090820.tif,train,-1
splicing_12926_000000336061.tif,train,-1
splicing_12977_000000167544.tif,train,15
swapping_0.jpg_IN_11.tif,train,286
swapping_0.jpg_IN_118.tif,train,286
swapping_0.jpg_IN_169.tif,train,-1
swapping_0.jpg_IN_66.tif,train,-1
swapping_1.jpg_IN_100.tif,train,-1
swapping_1.jpg_IN_5.tif,train,18
swapping_10.jpg_IN_95.tif,train,51
swapping_100.jpg_IN_2.tif,train,6
swapping_100.jpg_IN_59.tif,train,-1
swapping_100.jpg_IN_78.tif,train,96
swapping_100.jpg_IN_93.tif,train,-1
swapping_101.jpg_IN_112.tif,train,-1
swapping_101.jpg_IN_154.tif,train,-1
swapping_101.jpg_IN_41.tif,train,342
swapping_102.jpg_IN_173.tif,train,-1
swapping_102.jpg_IN_94.tif,train,-1
swapping_103.jpg_IN_102.tif,train,-1
swapping_103.jpg_IN_116.tif,train,-1
swapping_103.jpg_IN_135.tif,train,-1
swapping_103.jpg_IN_141.tif,train,-1
swapping_103.jpg_IN_92.tif,train,-1
swapping_104.jpg_IN_45.tif,train,-1
swapping_105.jpg_IN_195.tif,train,-1
swapping_105.jpg_IN_56.tif,train,-1
swapping_105.jpg_IN_6.tif,train,-1
swapping_105.jpg_IN_84.tif,train,49
swapping_106.jpg_IN_143.tif,train,-1
swapping_106.jpg_IN_153.tif,train,-1
swapping_106.jpg_IN_18.tif,train,-1
swapping_106.jpg_IN_88.tif,train,-1
swapping_107.jpg_IN_181.tif,train,-1
swapping_107.jpg_IN_55.tif,train,-1
swapping_108.jpg_IN_41.tif,train,183
swapping_109.jpg_IN_24.tif,train,-1
swapping_11.jpg_IN_0.tif,train,-1
swapping_111.jpg_IN_160.tif,train,123
swapping_112.jpg_IN_109.tif,train,-1
swapping_112.jpg_IN_120.tif,train,-1
swapping_112.jpg_IN_61.tif,train,-1
swapping_113.jpg_IN_128.tif,train,36
swapping_113.jpg_IN_19.tif,train,-1
swapping_113.jpg_IN_56.tif,train,-1
swapping_114.jpg_IN_131.tif,train,-1
swapping_116.jpg_IN_110.tif,train,-1
swapping_116.jpg_IN_195.tif,train,-1
swapping_117.jpg_IN_177.tif,train,-1
swapping_117.jpg_IN_86.tif,train,-1
swapping_118.jpg_IN_69.tif,train,3
swapping_119.jpg_IN_125.tif,train,245
swapping_119.jpg_IN_155.tif,train,-1
swapping_12.jpg_IN_154.tif,train,-1
swapping_12.jpg_IN_44.tif,train,-1
swapping_12.jpg_IN_99.tif,train,-1
swapping_120.jpg_IN_124.tif,train,-1
swapping_120.jpg_IN_25.tif,train,-1
swapping_121.jpg_IN_130.tif,train,142
swapping_121.jpg_IN_168.tif,train,-1
swapping_122.jpg_IN_191.tif,train,268
swapping_122.jpg_IN_45.tif,train,-1
swapping_122.jpg_IN_57.tif,train,-1
swapping_123.jpg_IN_19.tif,train,22
swapping_123.jpg_IN_50.tif,train,22
swapping_123.jpg_IN_6.tif,train,-1
swapping_123.jpg_IN_75.tif,train,-1
swapping_123.jpg_IN_89.tif,train,5
swapping_124.jpg_IN_10.tif,train,-1
swapping_124.jpg_IN_116.tif,train,-1
swapping_124.jpg_IN_119.tif,train,562
swapping_124.jpg_IN_178.tif,train,-1
swapping_124.jpg_IN_91.tif,train,-1
swapping_125.jpg_IN_0.tif,train,-1
swapping_125.jpg_IN_46.tif,train,-1
swapping_126.jpg_IN_183.tif,train,-1
swapping_126.jpg_IN_76.tif,train,-1
swapping_127.jpg_IN_142.tif,train,-1
swapping_13.jpg_IN_146.tif,train,131
swapping_13.jpg_IN_91.tif,train,-1
swapping_130.jpg_IN_110.tif,train,-1
swapping_130.jpg_IN_114.tif,train,-1
swapping_130.jpg_IN_126.tif,train,-1
swapping_131.jpg_IN_128.tif,train,159
swapping_131.jpg_IN_196.tif,train,-1
swapping_131.jpg_IN_23.tif,train,159
swapping_133.jpg_IN_8.tif,train,9
swapping_134.jpg_IN_194.tif,train,-1
swapping_134.jpg_IN_45.tif,train,-1
swapping_134.jpg_IN_94.tif,train,54
swapping_137.jpg_IN_38.tif,train,-1
swapping_139.jpg_IN_115.tif,train,270
swapping_139.jpg_IN_172.tif,train,-1
swapping_139.jpg_IN_173.tif,train,-1
swapping_139.jpg_IN_196.tif,train,-1
swapping_139.jpg_IN_4.tif,train,-1
swapping_139.jpg_IN_70.tif,train,-1
swapping_140.jpg_IN_159.tif,train,-1
swapping_140.jpg_IN_36.tif,train,-1
swapping_141.jpg_IN_150.tif,train,-1
swapping_142.jpg_IN_32.tif,train,-1
swapping_142.jpg_IN_36.tif,train,-1
swapping_142.jpg_IN_73.tif,train,-1
swapping_143.jpg_IN_107.tif,train,3
swapping_145.jpg_IN_175.tif,train,-1
swapping_145.jpg_IN_182.tif,train,-1
swapping_145.jpg_IN_82.tif,train,-1
swapping_147.jpg_IN_42.tif,train,210
swapping_148.jpg_IN_61.tif,train,-1
swapping_148.jpg_IN_65.tif,train,167
swapping_149.jpg_IN_143.tif,train,-1
swapping_149.jpg_IN_38.tif,train,-1
swapping_149.jpg_IN_86.tif,train,-1
swapping_150.jpg_IN_39.tif,train,-1
swapping_153.jpg_IN_194.tif,train,-1
swapping_154.jpg_IN_24.tif,train,-1
swapping_154.jpg_IN_63.tif,train,-1
swapping_154.jpg_IN_91.tif,train,100
swapping_155.jpg_IN_12.tif,train,-1
swapping_155.jpg_IN_168.tif,train,-1
swapping_155.jpg_IN_39.tif,train,-1
swapping_156.jpg_IN_177.tif,train,-1
swapping_156.jpg_IN_61.tif,train,-1
swapping_157.jpg_IN_158.tif,train,-1
swapping_157.jpg_IN_6.tif,train,-1
swapping_158.jpg_IN_133.tif,train,-1
swapping_158.jpg_IN_145.tif,train,-1
swapping_158.jpg_IN_187.tif,train,-1
swapping_159.jpg_IN_193.tif,train,-1
swapping_16.jpg_IN_112.tif,train,-1
swapping_16.jpg_IN_130.tif,train,-1
swapping_16.jpg_IN_18.tif,train,-1
swapping_16.jpg_IN_194.tif,train,-1
swapping_16.jpg_IN_4.tif,train,-1
swapping_160.jpg_IN_104.tif,train,-1
swapping_160.jpg_IN_170.tif,train,-1
swapping_160.jpg_IN_198.tif,train,95
swapping_161.jpg_IN_66.tif,train,-1
swapping_161.jpg_IN_87.tif,train,-1
swapping_162.jpg_IN_67.tif,train,0
swapping_162.jpg_IN_71.tif,train,-1
swapping_162.jpg_IN_9.tif,train,-1
swapping_163.jpg_IN_189.tif,train,26
swapping_163.jpg_IN_190.tif,train,-1
swapping_163.jpg_IN_58.tif,train,280
swapping_164.jpg_IN_151.tif,train,-1
swapping_165.jpg_IN_136.tif,train,-1
swapping_165.jpg_IN_85.tif,train,-1
swapping_166.jpg_IN_172.tif,train,-1
swapping_166.jpg_IN_42.tif,train,-1
swapping_167.jpg_IN_145.tif,train,-1
swapping_167.jpg_IN_23.tif,train,-1
swapping_169.jpg_IN_122.tif,train,-1
swapping_169.jpg_IN_51.tif,train,-1
swapping_171.jpg_IN_115.tif,train,13
swapping_171.jpg_IN_67.tif,train,0
swapping_172.jpg_IN_124.tif,train,-1
swapping_172.jpg_IN_131.tif,train,-1
swapping_173.jpg_IN_143.tif,train,-1
swapping_173.jpg_IN_162.tif,train,-1
swapping_173.jpg_IN_189.tif,train,-1
swapping_174.jpg_IN_147.tif,train,-1
swapping_174.jpg_IN_177.tif,train,116
swapping_174.jpg_IN_183.tif,train,116
swapping_175.jpg_IN_111.tif,train,-1
swapping_175.jpg_IN_20.tif,train,-1
swapping_177.jpg_IN_28.tif,train,-1
swapping_179.jpg_IN_3.tif,train,-1
swapping_18.jpg_IN_12.tif,train,-1
swapping_18.jpg_IN_131.tif,train,200
swapping_180.jpg_IN_196.tif,train,-1
swapping_180.jpg_IN_50.tif,train,-1
swapping_180.jpg_IN_86.tif,train,83
swapping_181.jpg_IN_174.tif,train,110
swapping_184.jpg_IN_154.tif,train,-1
swapping_185.jpg_IN_192.tif,train,-1
swapping_185.jpg_IN_74.tif,train,-1
swapping_186.jpg_IN_130.tif,train,-1
swapping_188.jpg_IN_31.tif,train,233
swapping_19.jpg_IN_55.tif,train,-1
swapping_190.jpg_IN_109.tif,train,-1
swapping_190.jpg_IN_94.tif,train,-1
swapping_191.jpg_IN_126.tif,train,-1
swapping_191.jpg_IN_37.tif,train,-1
swapping_191.jpg_IN_59.tif,train,-1
swapping_193.jpg_IN_94.tif,train,-1
swapping_194.jpg_IN_128.tif,train,-1
swapping_194.jpg_IN_150.tif,train,-1
swapping_194.jpg_IN_69.tif,train,-1
swapping_194.jpg_IN_87.tif,train,-1
swapping_195.jpg_IN_4.tif,train,-1
swapping_196.jpg_IN_40.tif,train,-1
swapping_198.jpg_IN_34.tif,train,-1
swapping_198.jpg_IN_37.tif,train,-1
swapping_199.jpg_IN_21.tif,train,-1
swapping_2.jpg_IN_189.tif,train,-1
swapping_2.jpg_IN_195.tif,train,-1
swapping_20.jpg_IN_164.tif,train,-1
swapping_20.jpg_IN_34.tif,train,33
swapping_20.jpg_IN_59.tif,train,43
swapping_20.jpg_IN_72.tif,train,-1
swapping_21.jpg_IN_122.tif,train,-1
swapping_21.jpg_IN_128.tif,train,-1
swapping_21.jpg_IN_24.tif,train,-1
swapping_21.jpg_IN_9.tif,train,-1
swapping_22.jpg_IN_194.tif,train,-1
swapping_22.jpg_IN_38.tif,train,-1
swapping_22.jpg_IN_60.tif,train,-1
swapping_23.jpg_IN_65.tif,train,-1
swapping_24.jpg_IN_50.tif,train,-1
swapping_25.jpg_IN_104.tif,train,-1
swapping_25.jpg_IN_14.tif,train,-1
swapping_25.jpg_IN_96.tif,train,-1
swapping_26.jpg_IN_140.tif,train,-1
swapping_26.jpg_IN_151.tif,train,-1
swapping_27.jpg_IN_150.tif,train,-1
swapping_27.jpg_IN_194.tif,train,-1
swapping_27.jpg_IN_70.tif,train,-1
swapping_28.jpg_IN_138.tif,train,118
swapping_28.jpg_IN_187.tif,train,-1
swapping_29.jpg_IN_101.tif,train,141
swapping_29.jpg_IN_25.tif,train,-1
swapping_3.jpg_IN_117.tif,train,62
swapping_3.jpg_IN_129.tif,train,294
swapping_3.jpg_IN_80.tif,train,-1
swapping_3.jpg_IN_82.tif,train,-1
swapping_30.jpg_IN_193.tif,train,138
swapping_31.jpg_IN_158.tif,train,-1
swapping_31.jpg_IN_182.tif,train,96
swapping_32.jpg_IN_109.tif,train,-1
swapping_32.jpg_IN_136.tif,train,-1
swapping_32.jpg_IN_140.tif,train,-1
swapping_32.jpg_IN_42.tif,train,-1
swapping_33.jpg_IN_14.tif,train,103
swapping_34.jpg_IN_155.tif,train,-1
swapping_34.jpg_IN_43.tif,train,275
swapping_34.jpg_IN_62.tif,train,-1
swapping_34.jpg_IN_90.tif,train,478
swapping_35.jpg_IN_109.tif,train,-1
swapping_36.jpg_IN_104.tif,train,-1
swapping_36.jpg_IN_52.tif,train,-1
swapping_37.jpg_IN_76.tif,train,-1
swapping_38.jpg_IN_41.tif,train,238
swapping_39.jpg_IN_146.tif,train,289
swapping_39.jpg_IN_30.tif,train,-1
swapping_39.jpg_IN_78.tif,train,289
swapping_4.jpg_IN_129.tif,train,-1
swapping_4.jpg_IN_23.tif,train,-1
swapping_40.jpg_IN_175.tif,train,-1
swapping_42.jpg_IN_114.tif,train,-1
swapping_43.jpg_IN_132.tif,train,-1
swapping_43.jpg_IN_160.tif,train,85
swapping_43.jpg_IN_40.tif,train,-1
swapping_45.jpg_IN_113.tif,train,-1
swapping_45.jpg_IN_144.tif,train,-1
swapping_45.jpg_IN_196.tif,train,-1
swapping_45.jpg_IN_68.tif,train,-1
swapping_45.jpg_IN_85.tif,train,-1
swapping_45.jpg_IN_9.tif,train,-1
swapping_46.jpg_IN_132.tif,train,-1
swapping_46.jpg_IN_191.tif,train,-1
swapping_46.jpg_IN_45.tif,train,402
swapping_46.jpg_IN_61.tif,train,29
swapping_47.jpg_IN_100.tif,train,-1
swapping_47.jpg_IN_170.tif,train,-1
swapping_48.jpg_IN_10.tif,train,36
swapping_48.jpg_IN_96.tif,train,-1
swapping_49.jpg_IN_144.tif,train,-1
swapping_49.jpg_IN_38.tif,train,80
swapping_49.jpg_IN_58.tif,train,-1
swapping_5.jpg_IN_138.tif,train,-1
swapping_5.jpg_IN_156.tif,train,119
swapping_5.jpg_IN_184.tif,train,-1
swapping_51.jpg_IN_184.tif,train,-1
swapping_52.jpg_IN_186.tif,train,-1
swapping_52.jpg_IN_2.tif,train,-1
swapping_52.jpg_IN_84.tif,train,-1
swapping_53.jpg_IN_103.tif,train,-1
swapping_54.jpg_IN_34.tif,train,-1
swapping_56.jpg_IN_40.tif,train,95
swapping_57.jpg_IN_138.tif,train,-1
swapping_57.jpg_IN_48.tif,train,-1
swapping_57.jpg_IN_97.tif,train,-1
swapping_58.jpg_IN_156.tif,train,-1
swapping_58.jpg_IN_159.tif,train,137
swapping_58.jpg_IN_78.tif,train,49
swapping_6.jpg_IN_186.tif,train,211
swapping_6.jpg_IN_25.tif,train,-1
swapping_6.jpg_IN_9.tif,train,211
swapping_60.jpg_IN_197.tif,train,-1
swapping_61.jpg_IN_157.tif,train,-1
swapping_62.jpg_IN_108.tif,train,-1
swapping_63.jpg_IN_12.tif,train,-1
swapping_63.jpg_IN_185.tif,train,-1
swapping_63.jpg_IN_5.tif,train,-1
swapping_63.jpg_IN_80.tif,train,-1
swapping_64.jpg_IN_26.tif,train,-1
swapping_65.jpg_IN_122.tif,train,118
swapping_65.jpg_IN_53.tif,train,-1
swapping_66.jpg_IN_157.tif,train,-1
swapping_69.jpg_IN_38.tif,train,-1
swapping_69.jpg_IN_50.tif,train,-1
swapping_69.jpg_IN_56.tif,train,-1
swapping_7.jpg_IN_126.tif,train,-1
swapping_7.jpg_IN_171.tif,train,-1
swapping_7.jpg_IN_28.tif,train,-1
swapping_7.jpg_IN_66.tif,train,-1
swapping_70.jpg_IN_41.tif,train,-1
swapping_70.jpg_IN_89.tif,train,-1
swapping_72.jpg_IN_15.tif,train,-1
swapping_73.jpg_IN_25.tif,train,-1
swapping_73.jpg_IN_46.tif,train,-1
swapping_73.jpg_IN_49.tif,train,-1
swapping_73.jpg_IN_56.tif,train,9
swapping_73.jpg_IN_66.tif,train,-1
swapping_74.jpg_IN_112.tif,train,-1
swapping_75.jpg_IN_0.tif,train,98
swapping_75.jpg_IN_26.tif,train,-1
swapping_77.jpg_IN_13.tif,train,-1
swapping_77.jpg_IN_181.tif,train,293
swapping_77.jpg_IN_29.tif,train,293
swapping_77.jpg_IN_51.tif,train,65
swapping_77.jpg_IN_62.tif,train,-1
swapping_78.jpg_IN_128.tif,train,-1
swapping_79.jpg_IN_15.tif,train,-1
swapping_79.jpg_IN_30.tif,train,-1
swapping_8.jpg_IN_26.tif,train,-1
swapping_80.jpg_IN_105.tif,train,-1
swapping_80.jpg_IN_191.tif,train,-1
swapping_81.jpg_IN_43.tif,train,-1
swapping_81.jpg_IN_46.tif,train,-1
swapping_82.jpg_IN_127.tif,train,-1
swapping_82.jpg_IN_160.tif,train,85
swapping_83.jpg_IN_106.tif,train,234
swapping_83.jpg_IN_88.tif,train,-1
swapping_84.jpg_IN_37.tif,train,101
swapping_85.jpg_IN_62.tif,train,-1
swapping_86.jpg_IN_4.tif,train,-1
swapping_87.jpg_IN_118.tif,train,-1
swapping_87.jpg_IN_176.tif,train,-1
swapping_87.jpg_IN_187.tif,train,-1
swapping_87.jpg_IN_55.tif,train,-1
swapping_88.jpg_IN_0.tif,train,-1
swapping_88.jpg_IN_107.tif,train,-1
swapping_88.jpg_IN_167.tif,train,-1
swapping_88.jpg_IN_41.tif,train,-1
swapping_89.jpg_IN_132.tif,train,202
swapping_89.jpg_IN_192.tif,train,-1
swapping_89.jpg_IN_91.tif,train,-1
swapping_9.jpg_IN_189.tif,train,-1
swapping_90.jpg_IN_132.tif,train,32
swapping_90.jpg_IN_88.tif,train,32
swapping_91.jpg_IN_175.tif,train,-1
swapping_92.jpg_IN_138.tif,train,-1
swapping_93.jpg_IN_29.tif,train,-1
swapping_94.jpg_IN_139.tif,train,79
swapping_95.jpg_IN_105.tif,train,-1
swapping_95.jpg_IN_127.tif,train,-1
swapping_95.jpg_IN_191.tif,train,-1
swapping_96.jpg_IN_27.tif,train,29
swapping_96.jpg_IN_3.tif,train,-1
swapping_96.jpg_IN_91.tif,train,-1
swapping_96.jpg_IN_92.tif,train,-1
swapping_97.jpg_IN_98.tif,train,-1
swapping_98.jpg_IN_186.tif,train,-1
swapping_98.jpg_IN_56.tif,train,100
swapping_98.jpg_IN_71.tif,train,-1
swapping_99.jpg_IN_144.tif,train,-1
ucid00009_remove.png,train,-1
ucid00017_heavy.png,train,-1
ucid00028_modify.png,train,-1
ucid00037_modify.png,train,-1
ucid00039_heavy.png,train,-1
ucid00046_heavy.png,train,-1
ucid00054_add.png,train,-1
ucid00060_heavy.png,train,-1
ucid00067_add.png,train,-1
ucid00072_add.png,train,-1
ucid00077_heavy.png,train,-1
ucid00078_remove.png,train,-1
ucid00082_add.png,train,-1
ucid00086_add.png,train,-1
ucid00095_add.png,train,-1
ucid00100_remove.png,train,-1
ucid00109_remove.png,train,-1
ucid00111_modify.png,train,-1
ucid00121_remove.png,train,-1
ucid00129_heavy.png,train,-1
ucid00134_add.png,train,-1
ucid00135_remove.png,train,-1
ucid00140_add.png,train,-1
ucid00157_heavy.png,train,-1
ucid00173_heavy.png,train,-1
ucid00179_remove.png,train,-1
ucid00181_remove.png,train,-1
ucid00182_add.png,train,-1
ucid00186_modify.png,train,-1
ucid00189_add.png,train,-1
ucid00215_heavy.png,train,-1
ucid00221_add.png,train,-1
ucid00221_modify.png,train,-1
ucid00235_heavy.png,train,-1
ucid00239_heavy.png,train,-1
ucid00245_add.png,train,57
ucid00245_heavy.png,train,-1
ucid00248_remove.png,train,-1
ucid00257_heavy.png,train,-1
ucid00267_remove.png,train,-1
ucid00301_add.png,train,-1
ucid00301_modify.png,train,-1
ucid00307_add.png,train,-1
ucid00310_remove.png,train,-1
ucid00312_heavy.png,train,-1
ucid00315_remove.png,train,-1
ucid00320_add.png,train,-1
ucid00342_add.png,train,-1
ucid00347_modify.png,train,-1
ucid00347_remove.png,train,-1
ucid00351_add.png,train,-1
ucid00358_remove.png,train,-1
ucid00362_heavy.png,train,-1
ucid00362_remove.png,train,-1
ucid00368_add.png,train,467
ucid00374_modify.png,train,-1
ucid00375_remove.png,train,-1
ucid00383_modify.png,train,-1
ucid00385_modify.png,train,66
ucid00385_remove.png,train,66
ucid00439_remove.png,train,-1
ucid00447_modify.png,train,-1
ucid00452_remove.png,train,-1
ucid00460_add.png,train,-1
ucid00489_add.png,train,-1
ucid00494_modify.png,train,-1
ucid00513_heavy.png,train,-1
ucid00529_add.png,train,-1
ucid00537_modify.png,train,-1
ucid00537_remove.png,train,-1
ucid00557_modify.png,train,-1
ucid00565_add.png,train,-1
ucid00575_heavy.png,train,-1
ucid00597_remove.png,train,-1
ucid00598_modify.png,train,-1
ucid00598_remove.png,train,-1
ucid00600_modify.png,train,-1
ucid00618_heavy.png,train,-1
ucid00630_heavy.png,train,-1
ucid00632_remove.png,train,-1
ucid00652_add.png,train,-1
ucid00652_modify.png,train,-1
ucid00656_remove.png,train,-1
ucid00666_heavy.png,train,-1
ucid00673_heavy.png,train,-1
ucid00682_heavy.png,train,-1
ucid00686_modify.png,train,-1
ucid00689_add.png,train,-1
ucid00692_add.png,train,-1
ucid00695_modify.png,train,-1
ucid00698_heavy.png,train,-1
ucid00700_remove.png,train,-1
ucid00709_add.png,train,-1
ucid00709_heavy.png,train,-1
ucid00728_modify.png,train,-1
ucid00732_remove.png,train,-1
ucid00736_modify.png,train,-1
ucid00740_remove.png,train,-1
ucid00742_heavy.png,train,-1
ucid00742_modify.png,train,-1
ucid00756_modify.png,train,-1
ucid00762_remove.png,train,-1
ucid00770_modify.png,train,-1
ucid00771_modify.png,train,-1
ucid00772_modify.png,train,-1
ucid00778_modify.png,train,-1
ucid00783_modify.png,train,-1
ucid00787_add.png,train,-1
ucid00787_remove.png,train,-1
ucid00789_add.png,train,-1
ucid00789_heavy.png,train,-1
ucid00791_add.png,train,-1
ucid00791_modify.png,train,-1
ucid00800_remove.png,train,-1
ucid00804_modify.png,train,-1
ucid00820_remove.png,train,-1
ucid00839_add.png,train,-1
ucid00870_remove.png,train,-1
ucid00871_heavy.png,train,-1
ucid00876_remove.png,train,-1
ucid00879_add.png,train,-1
ucid00879_modify.png,train,-1
ucid00882_remove.png,train,-1
ucid00885_remove.png,train,-1
ucid00905_heavy.png,train,-1
ucid00909_add.png,train,-1
ucid00918_modify.png,train,-1
ucid00955_modify.png,train,-1
ucid00965_heavy.png,train,-1
ucid00965_modify.png,train,-1
ucid00968_modify.png,train,-1
ucid00974_modify.png,train,-1
ucid00975_modify.png,train,-1
ucid01010_add.png,train,-1
ucid01010_remove.png,train,-1
ucid01019_add.png,train,-1
ucid01029_modify.png,train,-1
ucid01036_modify.png,train,-1
ucid01048_heavy.png,train,-1
ucid01053_heavy.png,train,-1
ucid01054_add.png,train,-1
ucid01055_heavy.png,train,-1
ucid01056_modify.png,train,-1
ucid01061_heavy.png,train,-1
ucid01071_heavy.png,train,-1
ucid01076_modify.png,train,-1
ucid01081_add.png,train,-1
ucid01103_modify.png,train,-1
ucid01103_remove.png,train,-1
ucid01124_add.png,train,-1
ucid01124_modify.png,train,-1
ucid01146_add.png,train,-1
ucid01150_remove.png,train,-1
ucid01151_remove.png,train,-1
ucid01152_add.png,train,-1
ucid01160_remove.png,train,-1
ucid01172_modify.png,train,-1
ucid01181_add.png,train,-1
ucid01191_heavy.png,train,-1
ucid01191_modify.png,train,-1
ucid01216_add.png,train,-1
ucid01222_modify.png,train,-1
ucid01231_modify.png,train,-1
ucid01235_remove.png,train,587
ucid01236_add.png,train,-1
ucid01239_add.png,train,-1
ucid01255_heavy.png,train,-1
ucid01261_heavy.png,train,-1
ucid01261_modify.png,train,-1
ucid01266_heavy.png,train,-1
ucid01271_heavy.png,train,-1
ucid01272_heavy.png,train,-1
ucid01278_remove.png,train,-1
ucid01280_modify.png,train,-1
ucid01283_add.png,train,-1
ucid01285_remove.png,train,-1
ucid01301_remove.png,train,-1
ucid01303_heavy.png,train,-1
ucid01307_modify.png,train,-1
ucid01313_add.png,train,-1
ucid01313_remove.png,train,-1
ucid01314_add.png,train,-1
ucid01315_add.png,train,-1
ucid01333_add.png,train,-1
ucid01334_heavy.png,train,-1
000000008128.png,val,-1
000000016977.png,val,-1
000000040399.png,val,-1
000000048196.png,val,-1
000000064799.png,val,-1
000000082600.png,val,-1
000000085814.png,val,-1
000000091707.png,val,-1
000000094971.png,val,-1
000000096492.png,val,-1
000000113521.png,val,-1
000000118081.png,val,-1
000000119247.png,val,-1
000000125983.png,val,-1
000000126437.png,val,-1
000000131952.png,val,-1
000000133146.png,val,-1
000000143221.png,val,-1
000000153542.png,val,-1
000000154111.png,val,-1
000000164042.png,val,-1
000000164262.png,val,-1
000000171103.png,val,-1
000000175293.png,val,-1
000000177058.png,val,-1
000000180139.png,val,-1
000000187757.png,val,-1
000000192685.png,val,-1
000000197401.png,val,-1
000000209503.png,val,-1
000000214471.png,val,-1
000000229688.png,val,-1
000000229765.png,val,-1
000000234633.png,val,-1
000000248194.png,val,-1
000000258865.png,val,-1
000000259192.png,val,-1
000000281122.png,val,-1
000000285376.png,val,-1
000000287239.png,val,-1
000000290753.png,val,-1
000000291786.png,val,-1
000000295837.png,val,-1
000000306677.png,val,-1
000000309237.png,val,-1
000000312486.png,val,-1
000000348680.png,val,-1
000000351422.png,val,-1
000000362367.png,val,-1
000000369036.png,val,-1
000000373776.png,val,-1
000000377416.png,val,-1
000000393997.png,val,-1
000000397673.png,val,-1
000000403773.png,val,-1
000000412247.png,val,-1
000000416981.png,val,-1
000000431627.png,val,-1
000000437300.png,val,-1
000000443579.png,val,-1
000000443646.png,val,-1
000000449136.png,val,-1
000000449598.png,val,-1
000000468773.png,val,-1
000000469671.png,val,-1
000000471771.png,val,-1
000000474342.png,val,-1
000000480064.png,val,-1
000000484681.png,val,-1
000000488686.png,val,-1
000000498722.png,val,-1
000000506735.png,val,-1
000000523599.png,val,-1
000000524627.png,val,-1
000000536842.png,val,-1
000000536920.png,val,-1
000000575519.png,val,-1
celebA_000088_remove.png,val,-1
celebA_000108_add.png,val,-1
celebA_000274_heavy.png,val,-1
celebA_000800_remove.png,val,-1
celebA_001444_modify.png,val,-1
celebA_001767_add.png,val,-1
celebA_001901_add.png,val,-1
celebA_002836_add.png,val,-1
celebA_003125_modify.png,val,-1
celebA_003377_remove.png,val,-1
celebA_004000_remove.png,val,-1
celebA_004044_add.png,val,-1
celebA_004082_heavy.png,val,-1
celebA_004124_heavy.png,val,-1
celebA_004309_modify.png,val,-1
celebA_004470_remove.png,val,-1
celebA_004512_add.png,val,-1
celebA_004576_add.png,val,-1
celebA_004605_heavy.png,val,-1
celebA_004670_remove.png,val,-1
celebA_004960_remove.png,val,-1
celebA_005121_remove.png,val,-1
celebA_005376_remove.png,val,-1
celebA_005475_heavy.png,val,-1
celebA_005908_remove.png,val,-1
celebA_006199_modify.png,val,-1
celebA_006367_add.png,val,-1
celebA_006453_add.png,val,-1
celebA_006633_remove.png,val,-1
celebA_006809_remove.png,val,-1
celebA_006999_heavy.png,val,-1
celebA_007705_heavy.png,val,-1
celebA_007894_heavy.png,val,-1
celebA_008046_modify.png,val,-1
coco_000000004885_hdpainter_sd1-5_1_None.jpg,val,-1
coco_000000005244_hdpainter_dreamshaper_1_None.jpg,val,-1
coco_000000005471_powerpaint_realisticvision_1_Blended.jpg,val,-1
coco_000000008761_removeanything_lama_1_None.jpg,val,-1
coco_000000009729_inpaintanything_sd2_1_None.jpg,val,-1
coco_000000013986_brushnet_sd1-5_1_Blended.jpg,val,-1
coco_000000015687_brushnet_juggernaut_1_Blended.jpg,val,-1
coco_000000017235_powerpaint_realisticvision_1_None.jpg,val,-1
coco_000000018045_removeanything_lama_1_None.jpg,val,-1
coco_000000018395_powerpaint_realisticvision_1_None.jpg,val,-1
coco_000000019608_inpaintanything_sd2_1_None.jpg,val,-1
coco_000000020178_controlnet_sd1-5_1_None.jpg,val,-1
coco_000000021330_brushnet_sd1-5_1_Blended.jpg,val,-1
coco_000000025777_powerpaint_realisticvision_1_Blended.jpg,val,-1
coco_000000026152_controlnet_sd1-5_1_None.jpg,val,-1
coco_000000026652_inpaintanything_sd2_1_None.jpg,val,-1
coco_000000032738_controlnet_sd1-5_1_None.jpg,val,-1
coco_000000034793_hdpainter_sd1-5_1_None.jpg,val,-1
coco_000000035814_hdpainter_dreamshaper_1_None.jpg,val,-1
coco_000000040485_controlnet_sd1-5_1_None.jpg,val,-1
coco_000000040844_powerpaint_realisticvision_1_Blended.jpg,val,-1
coco_000000042458_removeanything_lama_1_None.jpg,val,-1
coco_000000044913_controlnet_sd1-5_1_None.jpg,val,-1
coco_000000045463_controlnet_sd1-5_1_None.jpg,val,-1
coco_000000046616_powerpaint_realisticvision_1_Blended.jpg,val,-1
coco_000000048118_removeanything_lama_1_None.jpg,val,-1
coco_000000048870_hdpainter_sd2_1_Upscaled.jpg,val,-1
coco_000000049444_inpaintanything_sd2_1_None.jpg,val,-1
coco_000000050340_hdpainter_sd2_1_Upscaled.jpg,val,-1
coco_000000050592_inpaintanything_sd2_1_None.jpg,val,-1
coco_000000054351_hdpainter_sd2_1_Upscaled.jpg,val,-1
coco_000000054766_brushnet_realisticvision_1_Blended.jpg,val,-1
coco_000000056327_hdpainter_dreamshaper_1_Upscaled.jpg,val,-1
coco_000000058647_removeanything_lama_1_None.jpg,val,-1
coco_000000059567_controlnet_sd1-5_1_None.jpg,val,-1
coco_000000062420_hdpainter_dreamshaper_1_Upscaled.jpg,val,-1
coco_000000062756_brushnet_dreamshaper_1_None.jpg,val,-1
coco_000000063114_powerpaint_realisticvision_1_None.jpg,val,-1
coco_000000064481_brushnet_epicrealism_1_None.jpg,val,-1
coco_000000064497_powerpaint_realisticvision_1_None.jpg,val,-1
coco_000000065981_inpaintanything_sd2_1_None.jpg,val,-1
coco_000000066468_controlnet_sd1-5_1_None.jpg,val,-1
coco_000000068482_powerpaint_realisticvision_1_None.jpg,val,-1
coco_000000070271_brushnet_juggernaut_1_Blended.jpg,val,-1
coco_000000070744_powerpaint_realisticvision_1_None.jpg,val,-1
coco_000000071596_controlnet_sd1-5_1_None.jpg,val,-1
coco_000000071608_brushnet_realisticvision_1_None.jpg,val,-1
coco_000000072373_powerpaint_realisticvision_1_Blended.jpg,val,-1
coco_000000073000_removeanything_lama_1_None.jpg,val,-1
coco_000000075595_removeanything_lama_1_None.jpg,val,-1
coco_000000080016_removeanything_lama_1_None.jpg,val,-1
coco_000000080834_removeanything_lama_1_None.jpg,val,-1
coco_000000081981_powerpaint_realisticvision_1_Blended.jpg,val,-1
coco_000000082304_removeanything_lama_1_None.jpg,val,-1
coco_000000084825_removeanything_lama_1_None.jpg,val,-1
coco_000000087912_powerpaint_realisticvision_1_None.jpg,val,284
coco_000000088913_removeanything_lama_1_None.jpg,val,-1
coco_000000089738_removeanything_lama_1_None.jpg,val,-1
coco_000000092916_powerpaint_realisticvision_1_Blended.jpg,val,-1
coco_000000094353_removeanything_lama_1_None.jpg,val,-1
coco_000000098503_inpaintanything_sd2_1_None.jpg,val,-1
coco_000000098531_removeanything_lama_1_None.jpg,val,-1
coco_000000098639_inpaintanything_sd2_1_None.jpg,val,-1
coco_000000109190_powerpaint_realisticvision_1_Blended.jpg,val,-1
coco_000000114286_removeanything_lama_1_None.jpg,val,-1
coco_000000115056_inpaintanything_sd2_1_None.jpg,val,-1
coco_000000116358_powerpaint_realisticvision_1_None.jpg,val,-1
coco_000000125120_inpaintanything_sd2_1_None.jpg,val,-1
coco_000000133509_powerpaint_realisticvision_1_Blended.jpg,val,-1
coco_000000136400_inpaintanything_sd2_1_None.jpg,val,-1
coco_000000147000_inpaintanything_sd2_1_None.jpg,val,-1
coco_000000157397_inpaintanything_sd2_1_None.jpg,val,-1
coco_000000162627_inpaintanything_sd2_1_None.jpg,val,-1
coco_000000167989_inpaintanything_sd2_1_None.jpg,val,-1
coco_000000168900_inpaintanything_sd2_1_None.jpg,val,-1
coco_000000170045_inpaintanything_sd2_1_None.jpg,val,-1
coco_000000175552_inpaintanything_sd2_1_None.jpg,val,-1
coco_000000183374_inpaintanything_sd2_1_None.jpg,val,-1
coco_000000187262_inpaintanything_sd2_1_None.jpg,val,-1
coco_000000195023_inpaintanything_sd2_1_None.jpg,val,-1
coco_000000199244_inpaintanything_sd2_1_None.jpg,val,-1
coco_000000200782_inpaintanything_sd2_1_None.jpg,val,-1
coco_000000209671_inpaintanything_sd2_1_None.jpg,val,-1
coco_000000210424_inpaintanything_sd2_1_None.jpg,val,-1
copymove_0_000000013182.tif,val,-1
copymove_0_000000050470.tif,val,-1
copymove_0_000000087738.tif,val,-1
copymove_0_000000139763.tif,val,-1
copymove_0_000000266108.tif,val,-1
copymove_0_000000275443.tif,val,-1
copymove_0_000000288054.tif,val,-1
copymove_0_000000348887.tif,val,-1
copymove_0_000000453400.tif,val,-1
copymove_11_000000577122.tif,val,-1
copymove_12_000000157516.tif,val,-1
copymove_12_000000341989.tif,val,-1
copymove_14_000000195750.tif,val,-1
copymove_1_000000189614.tif,val,-1
copymove_1_000000301136.tif,val,-1
copymove_1_000000352767.tif,val,-1
copymove_2_000000009296.tif,val,-1
copymove_2_000000102166.tif,val,-1
copymove_2_000000300868.tif,val,-1
copymove_2_000000447913.tif,val,-1
copymove_3_000000225093.tif,val,-1
copymove_3_000000264016.tif,val,-1
copymove_5_000000515107.tif,val,-1
copymove_7_000000108896.tif,val,-1
df2023_COCO_DF_C100B00000_00407744.jpg,val,-1
df2023_COCO_DF_C100B00000_00437370.jpg,val,-1
df2023_COCO_DF_C100B00000_00457071.jpg,val,-1
df2023_COCO_DF_C100B00000_00464705.jpg,val,-1
df2023_COCO_DF_C100B00000_00497787.jpg,val,-1
df2023_COCO_DF_C100B00000_00528300.jpg,val,-1
df2023_COCO_DF_C100B00000_00538331.jpg,val,-1
df2023_COCO_DF_C100B00000_00540655.jpg,val,-1
df2023_COCO_DF_C100B00000_00543925.jpg,val,-1
df2023_COCO_DF_C100B00000_00563286.jpg,val,-1
df2023_COCO_DF_C100B00000_00574079.jpg,val,-1
df2023_COCO_DF_C100B00000_00590144.jpg,val,-1
df2023_COCO_DF_C100B00000_00624282.jpg,val,-1
df2023_COCO_DF_C100B00000_00634357.jpg,val,-1
df2023_COCO_DF_C100B00000_00647116.jpg,val,-1
df2023_COCO_DF_C100B00000_00670511.jpg,val,-1
df2023_COCO_DF_C101B00000_00409077.jpg,val,-1
df2023_COCO_DF_C101B00000_00531511.jpg,val,-1
df2023_COCO_DF_C101B00000_00608934.jpg,val,-1
df2023_COCO_DF_C102B00000_00528455.jpg,val,-1
df2023_COCO_DF_C103B00000_00651902.jpg,val,-1
df2023_COCO_DF_C103B00000_00691090.jpg,val,-1
df2023_COCO_DF_C110B00000_00427012.jpg,val,-1
df2023_COCO_DF_C110B00000_00442070.jpg,val,-1
df2023_COCO_DF_C110B00000_00444728.jpg,val,44
df2023_COCO_DF_C110B00000_00477581.jpg,val,-1
df2023_COCO_DF_C110B00000_00498283.jpg,val,-1
df2023_COCO_DF_C110B00000_00499075.jpg,val,-1
df2023_COCO_DF_C110B00000_00525711.jpg,val,-1
df2023_COCO_DF_C110B00000_00538351.jpg,val,-1
df2023_COCO_DF_C110B00000_00551661.jpg,val,-1
df2023_COCO_DF_C110B00000_00590150.jpg,val,-1
df2023_COCO_DF_C110B00000_00595000.jpg,val,-1
df2023_COCO_DF_C110B00000_00602814.jpg,val,-1
df2023_COCO_DF_C110B00000_00615684.jpg,val,-1
df2023_COCO_DF_C110B00000_00616808.jpg,val,-1
df2023_COCO_DF_C110B00000_00681968.jpg,val,-1
df2023_COCO_DF_C111B00000_00427967.jpg,val,-1
df2023_COCO_DF_C111B00000_00437058.jpg,val,-1
df2023_COCO_DF_C111B00000_00554924.jpg,val,-1
df2023_COCO_DF_C112B00000_00401027.jpg,val,-1
df2023_COCO_DF_C113B00000_00479151.jpg,val,-1
df2023_COCO_DF_E000B00000_00775812.jpg,val,-1
df2023_COCO_DF_E000B00002_00799543.jpg,val,-1
df2023_COCO_DF_E000B00006_00879937.jpg,val,-1
df2023_COCO_DF_E000B00007_00816204.jpg,val,-1
df2023_COCO_DF_E000B00010_00725027.jpg,val,-1
df2023_COCO_DF_E000B00012_00755430.jpg,val,-1
df2023_COCO_DF_E000B00100_00813722.jpg,val,-1
df2023_COCO_DF_E000B00100_00824018.jpg,val,-1
df2023_COCO_DF_E000B00100_00832212.jpg,val,-1
df2023_COCO_DF_E000B00110_00715368.jpg,val,-1
df2023_COCO_DF_E000B01010_00819173.jpg,val,-1
df2023_COCO_DF_E000B03002_00741804.jpg,val,-1
df2023_COCO_DF_E000B03100_00840367.jpg,val,-1
df2023_COCO_DF_E000B03104_00787348.jpg,val,68
df2023_COCO_DF_E000B03113_00764115.jpg,val,-1
df2023_COCO_DF_E000B04000_00897114.jpg,val,42
df2023_COCO_DF_E000B40012_00791774.jpg,val,-1
df2023_COCO_DF_E000B50010_00769708.jpg,val,-1
df2023_COCO_DF_E000G20011_00837182.jpg,val,-1
df2023_COCO_DF_E000G60105_00723427.jpg,val,-1
df2023_COCO_DF_E000G70110_00899847.jpg,val,-1
df2023_COCO_DF_I000B00000_00910856.jpg,val,-1
df2023_COCO_DF_I000B00000_00926713.jpg,val,-1
df2023_COCO_DF_I000B00000_00948783.jpg,val,-1
df2023_COCO_DF_I000B00000_00949843.jpg,val,-1
df2023_COCO_DF_I000B00000_00953754.jpg,val,-1
df2023_COCO_DF_I000B00000_00967363.jpg,val,-1
df2023_COCO_DF_I000B00000_00972233.jpg,val,-1
df2023_COCO_DF_S000B00000_00004762.jpg,val,-1
df2023_COCO_DF_S000B00000_00011014.jpg,val,-1
df2023_COCO_DF_S000B00000_00013421.jpg,val,-1
df2023_COCO_DF_S000B00000_00017064.jpg,val,-1
df2023_COCO_DF_S000B00000_00032009.jpg,val,-1
df2023_COCO_DF_S000B00000_00045272.jpg,val,-1
df2023_COCO_DF_S000B00000_00052533.jpg,val,-1
df2023_COCO_DF_S000B00000_00065025.jpg,val,-1
df2023_COCO_DF_S000B00000_00080486.jpg,val,-1
df2023_COCO_DF_S000B00000_00080719.jpg,val,-1
df2023_COCO_DF_S000B00000_00095254.jpg,val,-1
df2023_COCO_DF_S000B00000_00112686.jpg,val,-1
df2023_COCO_DF_S000B00000_00113070.jpg,val,-1
df2023_COCO_DF_S000B00000_00122557.jpg,val,-1
df2023_COCO_DF_S000B00000_00136397.jpg,val,-1
df2023_COCO_DF_S000B00000_00140130.jpg,val,-1
df2023_COCO_DF_S000B00000_00142663.jpg,val,-1
df2023_COCO_DF_S000B00000_00157570.jpg,val,-1
df2023_COCO_DF_S000B00000_00160356.jpg,val,-1
df2023_COCO_DF_S000B00000_00188213.jpg,val,-1
df2023_COCO_DF_S000B00000_00201021.jpg,val,-1
df2023_COCO_DF_S000B00000_00203439.jpg,val,-1
df2023_COCO_DF_S000B00000_00208236.jpg,val,-1
df2023_COCO_DF_S000B00000_00210612.jpg,val,-1
df2023_COCO_DF_S000B00000_00212904.jpg,val,-1
df2023_COCO_DF_S000B00000_00234334.jpg,val,-1
df2023_COCO_DF_S000B00000_00245994.jpg,val,-1
df2023_COCO_DF_S000B00000_00261953.jpg,val,-1
df2023_COCO_DF_S000B00000_00271654.jpg,val,-1
df2023_COCO_DF_S000B00000_00289259.jpg,val,-1
df2023_COCO_DF_S000B00000_00289760.jpg,val,-1
df2023_COCO_DF_S000B00000_00290646.jpg,val,-1
df2023_COCO_DF_S000B00000_00292582.jpg,val,-1
df2023_COCO_DF_S000B00000_00304693.jpg,val,-1
df2023_COCO_DF_S000B00000_00307565.jpg,val,-1
df2023_COCO_DF_S000B00000_00313395.jpg,val,-1
df2023_COCO_DF_S000B00000_00333256.jpg,val,-1
df2023_COCO_DF_S000B00000_00344057.jpg,val,-1
df2023_COCO_DF_S000B00000_00355890.jpg,val,-1
df2023_COCO_DF_S000B00000_00359474.jpg,val,-1
df2023_COCO_DF_S000B00000_00360556.jpg,val,-1
df2023_COCO_DF_S000B00000_00361433.jpg,val,-1
df2023_COCO_DF_S000B00000_00362287.jpg,val,-1
df2023_COCO_DF_S000B00000_00368533.jpg,val,-1
df2023_COCO_DF_S000B00000_00378386.jpg,val,-1
df2023_COCO_DF_S000B00000_00390074.jpg,val,-1
df2023_COCO_DF_S000B00000_00396065.jpg,val,-1
morphing_1.jpg_IN_116.tif,val,-1
morphing_104.jpg_IN_61.tif,val,-1
morphing_106.jpg_IN_7.tif,val,-1
morphing_107.jpg_IN_25.tif,val,-1
morphing_109.jpg_IN_183.tif,val,-1
morphing_118.jpg_IN_123.tif,val,210
morphing_12.jpg_IN_133.tif,val,-1
morphing_122.jpg_IN_64.tif,val,-1
morphing_129.jpg_IN_94.tif,val,-1
morphing_132.jpg_IN_170.tif,val,-1
morphing_133.jpg_IN_43.tif,val,-1
morphing_136.jpg_IN_51.tif,val,193
morphing_142.jpg_IN_117.tif,val,199
morphing_143.jpg_IN_194.tif,val,-1
morphing_145.jpg_IN_110.tif,val,-1
morphing_145.jpg_IN_22.tif,val,-1
morphing_147.jpg_IN_55.tif,val,70
morphing_15.jpg_IN_191.tif,val,87
morphing_15.jpg_IN_79.tif,val,-1
morphing_16.jpg_IN_146.tif,val,-1
morphing_161.jpg_IN_155.tif,val,-1
morphing_165.jpg_IN_25.tif,val,59
morphing_166.jpg_IN_109.tif,val,-1
morphing_167.jpg_IN_181.tif,val,120
morphing_176.jpg_IN_12.tif,val,-1
morphing_176.jpg_IN_15.tif,val,-1
morphing_179.jpg_IN_138.tif,val,-1
morphing_182.jpg_IN_149.tif,val,-1
morphing_189.jpg_IN_68.tif,val,134
morphing_193.jpg_IN_164.tif,val,30
morphing_195.jpg_IN_101.tif,val,-1
morphing_196.jpg_IN_119.tif,val,-1
morphing_196.jpg_IN_173.tif,val,-1
morphing_196.jpg_IN_71.tif,val,-1
morphing_197.jpg_IN_199.tif,val,-1
morphing_22.jpg_IN_139.tif,val,-1
morphing_26.jpg_IN_176.tif,val,-1
morphing_3.jpg_IN_129.tif,val,294
morphing_32.jpg_IN_35.tif,val,-1
morphing_33.jpg_IN_90.tif,val,98
morphing_34.jpg_IN_0.tif,val,478
morphing_35.jpg_IN_107.tif,val,-1
morphing_38.jpg_IN_76.tif,val,238
morphing_49.jpg_IN_123.tif,val,-1
morphing_49.jpg_IN_182.tif,val,-1
morphing_49.jpg_IN_30.tif,val,-1
morphing_52.jpg_IN_167.tif,val,-1
morphing_54.jpg_IN_101.tif,val,-1
morphing_54.jpg_IN_157.tif,val,-1
morphing_55.jpg_IN_141.tif,val,-1
morphing_55.jpg_IN_155.tif,val,-1
morphing_55.jpg_IN_69.tif,val,-1
morphing_62.jpg_IN_195.tif,val,-1
morphing_64.jpg_IN_178.tif,val,76
morphing_67.jpg_IN_180.tif,val,45
morphing_70.jpg_IN_116.tif,val,-1
morphing_71.jpg_IN_173.tif,val,-1
morphing_72.jpg_IN_152.tif,val,-1
morphing_74.jpg_IN_197.tif,val,530
morphing_75.jpg_IN_117.tif,val,199
morphing_77.jpg_IN_171.tif,val,-1
morphing_85.jpg_IN_143.tif,val,58
morphing_86.jpg_IN_101.tif,val,-1
morphing_9.jpg_IN_45.tif,val,402
morphing_94.jpg_IN_135.tif,val,-1
morphing_98.jpg_IN_63.tif,val,-1
morphing_99.jpg_IN_23.tif,val,-1
RAISE_1006_add.png,val,-1
RAISE_148_heavy.png,val,-1
RAISE_1744_remove.png,val,-1
RAISE_2209_remove.png,val,-1
RAISE_2601_heavy.png,val,-1
RAISE_4849_remove.png,val,-1
RAISE_496_heavy.png,val,-1
RAISE_5035_heavy.png,val,-1
RAISE_5101_remove.png,val,-1
RAISE_5132_add.png,val,-1
RAISE_5320_modify.png,val,-1
RAISE_5596_remove.png,val,-1
RAISE_5608_add.png,val,-1
RAISE_5750_add.png,val,-1
RAISE_6394_remove.png,val,-1
RAISE_6675_heavy.png,val,-1
RAISE_6870_modify.png,val,-1
RAISE_794_remove.png,val,-1
splicing_10112_000000317015.tif,val,-1
splicing_10299_000000547435.tif,val,-1
splicing_10336_000000270376.tif,val,-1
splicing_10477_000000122908.tif,val,-1
splicing_11221_000000184210.tif,val,-1
splicing_11397_000000172123.tif,val,-1
splicing_11414_000000079836.tif,val,-1
splicing_1150_000000435141.tif,val,-1
splicing_11582_000000010434.tif,val,-1
splicing_11836_000000467959.tif,val,-1
splicing_11895_000000089820.tif,val,-1
swapping_103.jpg_IN_130.tif,val,-1
swapping_109.jpg_IN_21.tif,val,-1
swapping_11.jpg_IN_26.tif,val,-1
swapping_112.jpg_IN_145.tif,val,-1
swapping_116.jpg_IN_77.tif,val,-1
swapping_13.jpg_IN_157.tif,val,131
swapping_131.jpg_IN_54.tif,val,-1
swapping_135.jpg_IN_29.tif,val,-1
swapping_137.jpg_IN_160.tif,val,-1
swapping_139.jpg_IN_175.tif,val,-1
swapping_142.jpg_IN_19.tif,val,-1
swapping_144.jpg_IN_47.tif,val,-1
swapping_149.jpg_IN_104.tif,val,-1
swapping_15.jpg_IN_131.tif,val,200
swapping_150.jpg_IN_43.tif,val,-1
swapping_160.jpg_IN_95.tif,val,-1
swapping_162.jpg_IN_167.tif,val,-1
swapping_166.jpg_IN_132.tif,val,-1
swapping_166.jpg_IN_97.tif,val,-1
swapping_167.jpg_IN_159.tif,val,137
swapping_172.jpg_IN_159.tif,val,137
swapping_173.jpg_IN_136.tif,val,-1
swapping_174.jpg_IN_107.tif,val,-1
swapping_178.jpg_IN_167.tif,val,-1
swapping_181.jpg_IN_135.tif,val,-1
swapping_182.jpg_IN_168.tif,val,-1
swapping_184.jpg_IN_20.tif,val,142
swapping_186.jpg_IN_81.tif,val,-1
swapping_190.jpg_IN_187.tif,val,72
swapping_194.jpg_IN_139.tif,val,-1
swapping_2.jpg_IN_87.tif,val,-1
swapping_22.jpg_IN_166.tif,val,-1
swapping_32.jpg_IN_98.tif,val,-1
swapping_34.jpg_IN_0.tif,val,478
swapping_34.jpg_IN_5.tif,val,34
swapping_38.jpg_IN_179.tif,val,-1
swapping_4.jpg_IN_75.tif,val,-1
swapping_5.jpg_IN_72.tif,val,-1
swapping_50.jpg_IN_196.tif,val,-1
swapping_51.jpg_IN_130.tif,val,-1
swapping_51.jpg_IN_99.tif,val,-1
swapping_60.jpg_IN_187.tif,val,-1
swapping_63.jpg_IN_59.tif,val,43
swapping_63.jpg_IN_9.tif,val,-1
swapping_66.jpg_IN_95.tif,val,-1
swapping_89.jpg_IN_7.tif,val,202
swapping_91.jpg_IN_19.tif,val,-1
ucid00023_add.png,val,-1
ucid00029_add.png,val,31
ucid00139_heavy.png,val,-1
ucid00206_remove.png,val,-1
ucid00275_remove.png,val,-1
ucid00348_add.png,val,-1
ucid00350_heavy.png,val,-1
ucid00372_add.png,val,467
ucid00402_heavy.png,val,-1
ucid00666_add.png,val,-1
ucid00671_add.png,val,-1
ucid00736_add.png,val,-1
ucid00742_remove.png,val,-1
ucid00795_remove.png,val,-1
ucid00825_add.png,val,-1
ucid00913_modify.png,val,-1
ucid00936_modify.png,val,-1
ucid00954_remove.png,val,406
ucid01235_modify.png,val,-1
ucid01259_modify.png,val,-1
ucid01261_add.png,val,-1
000000004592.png,test,-1
000000006177.png,test,-1
000000010094.png,test,-1
000000013969.png,test,-1
000000022178.png,test,-1
000000023919.png,test,-1
000000039335.png,test,-1
000000043371.png,test,-1
000000045634.png,test,-1
000000052076.png,test,-1
000000062324.png,test,-1
000000063512.png,test,-1
000000077553.png,test,-1
000000096746.png,test,-1
000000126432.png,test,-1
000000134555.png,test,-1
000000145523.png,test,10
000000149388.png,test,-1
000000151053.png,test,-1
000000151277.png,test,-1
000000161919.png,test,-1
000000169803.png,test,-1
000000182527.png,test,-1
000000188084.png,test,-1
000000189975.png,test,-1
000000190521.png,test,-1
000000208517.png,test,-1
000000219546.png,test,-1
000000223005.png,test,-1
000000228334.png,test,-1
000000228434.png,test,-1
000000237897.png,test,-1
000000247508.png,test,-1
000000251453.png,test,-1
000000253332.png,test,-1
000000261326.png,test,-1
000000262514.png,test,-1
000000265208.png,test,-1
000000287235.png,test,-1
000000288982.png,test,-1
000000289658.png,test,-1
000000309114.png,test,-1
000000322990.png,test,-1
000000326891.png,test,-1
000000328808.png,test,-1
000000332734.png,test,-1
000000335659.png,test,-1
000000335810.png,test,-1
000000336762.png,test,-1
000000353608.png,test,-1
000000355480.png,test,-1
000000371280.png,test,-1
000000372551.png,test,-1
000000382022.png,test,-1
000000387850.png,test,-1
000000390241.png,test,-1
000000392666.png,test,-1
000000397322.png,test,-1
000000398952.png,test,-1
000000401010.png,test,-1
000000401337.png,test,-1
000000404027.png,test,-1
000000408147.png,test,-1
000000408407.png,test,-1
000000413841.png,test,-1
000000421338.png,test,-1
000000421995.png,test,-1
000000425475.png,test,-1
000000438816.png,test,-1
000000438919.png,test,-1
000000459899.png,test,-1
000000465906.png,test,-1
000000467135.png,test,-1
000000474526.png,test,-1
000000487612.png,test,-1
000000492016.png,test,-1
000000500782.png,test,-1
000000522441.png,test,-1
000000531391.png,test,-1
000000535563.png,test,-1
000000537349.png,test,-1
000000538747.png,test,-1
000000539738.png,test,-1
000000542302.png,test,-1
000000555782.png,test,-1
000000558516.png,test,-1
000000570259.png,test,-1
000000572226.png,test,-1
000000579261.png,test,-1
celebA_000025_add.png,test,90
celebA_000234_heavy.png,test,-1
celebA_000274_add.png,test,-1
celebA_000366_modify.png,test,-1
celebA_000785_modify.png,test,-1
celebA_000797_modify.png,test,-1
celebA_001225_remove.png,test,-1
celebA_001300_remove.png,test,-1
celebA_001597_modify.png,test,-1
celebA_002126_remove.png,test,-1
celebA_002260_add.png,test,-1
celebA_002468_heavy.png,test,-1
celebA_002893_remove.png,test,-1
celebA_003829_heavy.png,test,-1
celebA_003829_modify.png,test,-1
celebA_003901_remove.png,test,-1
celebA_004047_add.png,test,-1
celebA_004576_modify.png,test,-1
celebA_004736_heavy.png,test,-1
celebA_004765_modify.png,test,-1
celebA_004827_remove.png,test,-1
celebA_005148_remove.png,test,-1
celebA_005180_remove.png,test,-1
celebA_005348_add.png,test,-1
celebA_005527_remove.png,test,-1
celebA_005593_heavy.png,test,-1
celebA_005690_remove.png,test,587
celebA_006038_heavy.png,test,-1
celebA_006281_add.png,test,-1
celebA_006295_add.png,test,-1
celebA_006324_remove.png,test,-1
celebA_006532_heavy.png,test,-1
celebA_006562_heavy.png,test,-1
celebA_006648_remove.png,test,-1
celebA_007060_modify.png,test,-1
celebA_007214_add.png,test,37
celebA_007734_heavy.png,test,-1
celebA_008015_add.png,test,52
celebA_008202_add.png,test,-1
coco_000000001403_brushnet_sd1-5_1_None.jpg,test,-1
coco_000000001436_brushnet_epicrealism_1_Blended.jpg,test,-1
coco_000000002544_inpaintanything_sd2_1_None.jpg,test,-1
coco_000000007722_removeanything_lama_1_None.jpg,test,-1
coco_000000010705_inpaintanything_sd2_1_None.jpg,test,-1
coco_000000017180_hdpainter_dreamshaper_1_Upscaled.jpg,test,-1
coco_000000017409_removeanything_lama_1_None.jpg,test,-1
coco_000000017489_powerpaint_realisticvision_1_None.jpg,test,-1
coco_000000017570_powerpaint_realisticvision_1_Blended.jpg,test,-1
coco_000000018896_powerpaint_realisticvision_1_None.jpg,test,-1
coco_000000018957_inpaintanything_sd2_1_None.jpg,test,-1
coco_000000019404_controlnet_sd1-5_1_None.jpg,test,-1
coco_000000020355_inpaintanything_sd2_1_None.jpg,test,-1
coco_000000021443_controlnet_sd1-5_1_None.jpg,test,-1
coco_000000024712_powerpaint_realisticvision_1_None.jpg,test,-1
coco_000000026302_brushnet_sd1-5_1_Blended.jpg,test,-1
coco_000000026356_powerpaint_realisticvision_1_None.jpg,test,-1
coco_000000026388_powerpaint_realisticvision_1_None.jpg,test,-1
coco_000000026775_powerpaint_realisticvision_1_None.jpg,test,-1
coco_000000027921_powerpaint_realisticvision_1_None.jpg,test,-1
coco_000000030438_inpaintanything_sd2_1_None.jpg,test,-1
coco_000000031851_controlnet_sd1-5_1_None.jpg,test,-1
coco_000000038449_hdpainter_dreamshaper_1_Upscaled.jpg,test,-1
coco_000000038786_powerpaint_realisticvision_1_None.jpg,test,-1
coco_000000038892_inpaintanything_sd2_1_None.jpg,test,-1
coco_000000039531_removeanything_lama_1_None.jpg,test,-1
coco_000000039790_hdpainter_sd2_1_None.jpg,test,-1
coco_000000040813_hdpainter_sd2_1_Upscaled.jpg,test,-1
coco_000000041356_removeanything_lama_1_None.jpg,test,-1
coco_000000041838_removeanything_lama_1_None.jpg,test,-1
coco_000000042406_hdpainter_dreamshaper_1_None.jpg,test,-1
coco_000000042407_inpaintanything_sd2_1_None.jpg,test,63
coco_000000042867_hdpainter_dreamshaper_1_None.jpg,test,-1
coco_000000043778_brushnet_dreamshaper_1_None.jpg,test,-1
coco_000000046433_brushnet_realisticvision_1_Blended.jpg,test,-1
coco_000000047554_removeanything_lama_1_None.jpg,test,-1
coco_000000047667_hdpainter_sd2_1_None.jpg,test,-1
coco_000000047975_hdpainter_dreamshaper_1_Upscaled.jpg,test,-1
coco_000000048441_controlnet_sd1-5_1_None.jpg,test,-1
coco_000000048929_hdpainter_sd1-5_1_Upscaled.jpg,test,-1
coco_000000049024_brushnet_dreamshaper_1_None.jpg,test,-1
coco_000000052044_controlnet_sd1-5_1_None.jpg,test,-1
coco_000000052747_inpaintanything_sd2_1_None.jpg,test,-1
coco_000000053385_brushnet_juggernaut_1_Blended.jpg,test,-1
coco_000000054755_controlnet_sd1-5_1_None.jpg,test,-1
coco_000000058930_hdpainter_sd1-5_1_Upscaled.jpg,test,-1
coco_000000059110_inpaintanything_sd2_1_None.jpg,test,-1
coco_000000060077_brushnet_sd1-5_1_Blended.jpg,test,-1
coco_000000060120_inpaintanything_sd2_1_None.jpg,test,-1
coco_000000061524_hdpainter_dreamshaper_1_Upscaled.jpg,test,-1
coco_000000063974_hdpainter_sd2_1_None.jpg,test,-1
coco_000000064114_removeanything_lama_1_None.jpg,test,-1
coco_000000066487_powerpaint_realisticvision_1_None.jpg,test,-1
coco_000000066959_controlnet_sd1-5_1_None.jpg,test,-1
coco_000000068403_brushnet_juggernaut_1_None.jpg,test,-1
coco_000000068771_brushnet_sd1-5_1_Blended.jpg,test,-1
coco_000000069773_removeanything_lama_1_None.jpg,test,-1
coco_000000070322_powerpaint_realisticvision_1_None.jpg,test,-1
coco_000000071677_removeanything_lama_1_None.jpg,test,-1
coco_000000074110_inpaintanything_sd2_1_None.jpg,test,-1
coco_000000080082_removeanything_lama_1_None.jpg,test,-1
coco_000000082359_removeanything_lama_1_None.jpg,test,-1
coco_000000082794_removeanything_lama_1_None.jpg,test,-1
coco_000000083482_inpaintanything_sd2_1_None.jpg,test,-1
coco_000000083508_removeanything_lama_1_None.jpg,test,-1
coco_000000085981_powerpaint_realisticvision_1_None.jpg,test,-1
coco_000000086725_powerpaint_realisticvision_1_Blended.jpg,test,-1
coco_000000089092_inpaintanything_sd2_1_None.jpg,test,-1
coco_000000089571_removeanything_lama_1_None.jpg,test,38
coco_000000091474_removeanything_lama_1_None.jpg,test,-1
coco_000000093075_inpaintanything_sd2_1_None.jpg,test,-1
coco_000000093599_removeanything_lama_1_None.jpg,test,-1
coco_000000096091_inpaintanything_sd2_1_None.jpg,test,-1
coco_000000096420_removeanything_lama_1_None.jpg,test,-1
coco_000000102503_powerpaint_realisticvision_1_Blended.jpg,test,-1
coco_000000119543_inpaintanything_sd2_1_None.jpg,test,-1
coco_000000120380_powerpaint_realisticvision_1_Blended.jpg,test,-1
coco_000000122199_powerpaint_realisticvision_1_None.jpg,test,-1
coco_000000124471_powerpaint_realisticvision_1_None.jpg,test,-1
coco_000000126941_powerpaint_realisticvision_1_None.jpg,test,-1
coco_000000128074_powerpaint_realisticvision_1_Blended.jpg,test,-1
coco_000000132453_powerpaint_realisticvision_1_None.jpg,test,-1
coco_000000134650_powerpaint_realisticvision_1_None.jpg,test,-1
coco_000000135392_inpaintanything_sd2_1_None.jpg,test,-1
coco_000000135502_powerpaint_realisticvision_1_Blended.jpg,test,-1
coco_000000135796_inpaintanything_sd2_1_None.jpg,test,-1
coco_000000135972_inpaintanything_sd2_1_None.jpg,test,-1
coco_000000146272_inpaintanything_sd2_1_None.jpg,test,-1
coco_000000146568_inpaintanything_sd2_1_None.jpg,test,-1
coco_000000154424_inpaintanything_sd2_1_None.jpg,test,-1
coco_000000166880_inpaintanything_sd2_1_None.jpg,test,-1
coco_000000185577_inpaintanything_sd2_1_None.jpg,test,-1
coco_000000203870_inpaintanything_sd2_1_None.jpg,test,-1
coco_000000210702_inpaintanything_sd2_1_None.jpg,test,-1
copymove_0_000000025996.tif,test,-1
copymove_0_000000043269.tif,test,-1
copymove_0_000000046142.tif,test,-1
copymove_0_000000067307.tif,test,-1
copymove_0_000000071667.tif,test,-1
copymove_0_000000115772.tif,test,-1
copymove_0_000000227193.tif,test,-1
copymove_0_000000316342.tif,test,-1
copymove_0_000000412440.tif,test,-1
copymove_0_000000415634.tif,test,-1
copymove_0_000000554176.tif,test,-1
copymove_1_000000020769.tif,test,-1
copymove_1_000000529235.tif,test,-1
copymove_2_000000209778.tif,test,-1
copymove_2_000000393421.tif,test,-1
copymove_3_000000175881.tif,test,-1
copymove_3_000000495332.tif,test,-1
copymove_4_000000171371.tif,test,-1
copymove_4_000000290076.tif,test,-1
copymove_53_000000469859.tif,test,-1
copymove_7_000000211713.tif,test,-1
copymove_9_000000482801.tif,test,-1
df2023_COCO_DF_C100B00000_00436375.jpg,test,-1
df2023_COCO_DF_C100B00000_00476979.jpg,test,-1
df2023_COCO_DF_C100B00000_00490412.jpg,test,-1
df2023_COCO_DF_C100B00000_00503755.jpg,test,-1
df2023_COCO_DF_C100B00000_00522188.jpg,test,-1
df2023_COCO_DF_C100B00000_00541496.jpg,test,-1
df2023_COCO_DF_C100B00000_00567060.jpg,test,-1
df2023_COCO_DF_C100B00000_00568244.jpg,test,-1
df2023_COCO_DF_C100B00000_00570810.jpg,test,-1
df2023_COCO_DF_C100B00000_00575441.jpg,test,12
df2023_COCO_DF_C100B00000_00590125.jpg,test,-1
df2023_COCO_DF_C100B00000_00602592.jpg,test,-1
df2023_COCO_DF_C100B00000_00606074.jpg,test,-1
df2023_COCO_DF_C101B00000_00596051.jpg,test,-1
df2023_COCO_DF_C103B00000_00475494.jpg,test,-1
df2023_COCO_DF_C103B00000_00502519.jpg,test,587
df2023_COCO_DF_C110B00000_00427546.jpg,test,-1
df2023_COCO_DF_C110B00000_00454668.jpg,test,-1
df2023_COCO_DF_C110B00000_00486613.jpg,test,-1
df2023_COCO_DF_C110B00000_00489314.jpg,test,-1
df2023_COCO_DF_C110B00000_00508816.jpg,test,-1
df2023_COCO_DF_C110B00000_00535732.jpg,test,-1
df2023_COCO_DF_C110B00000_00553469.jpg,test,-1
df2023_COCO_DF_C110B00000_00575276.jpg,test,-1
df2023_COCO_DF_C110B00000_00607776.jpg,test,-1
df2023_COCO_DF_C110B00000_00629974.jpg,test,-1
df2023_COCO_DF_C110B00000_00661692.jpg,test,-1
df2023_COCO_DF_C110B00000_00689293.jpg,test,-1
df2023_COCO_DF_C110B00000_00697458.jpg,test,-1
df2023_COCO_DF_C112B00000_00633361.jpg,test,-1
df2023_COCO_DF_C113B00000_00551158.jpg,test,-1
df2023_COCO_DF_E000B00000_00806821.jpg,test,-1
df2023_COCO_DF_E000B00010_00850154.jpg,test,-1
df2023_COCO_DF_E000B00011_00841977.jpg,test,-1
df2023_COCO_DF_E000B00017_00748488.jpg,test,-1
df2023_COCO_DF_E000B00116_00862577.jpg,test,-1
df2023_COCO_DF_E000B01000_00877917.jpg,test,-1
df2023_COCO_DF_E000B01012_00736568.jpg,test,-1
df2023_COCO_DF_E000B02015_00865067.jpg,test,-1
df2023_COCO_DF_E000B03000_00734382.jpg,test,-1
df2023_COCO_DF_E000B03111_00873328.jpg,test,-1
df2023_COCO_DF_E000B04000_00819158.jpg,test,-1
df2023_COCO_DF_E000B04010_00711188.jpg,test,-1
df2023_COCO_DF_E000B04106_00801509.jpg,test,-1
df2023_COCO_DF_E000B04113_00841853.jpg,test,-1
df2023_COCO_DF_E000B05000_00716546.jpg,test,-1
df2023_COCO_DF_E000B50010_00777000.jpg,test,-1
df2023_COCO_DF_E000B50105_00878791.jpg,test,-1
df2023_COCO_DF_E000B70004_00739348.jpg,test,-1
df2023_COCO_DF_E000G70112_00750163.jpg,test,-1
df2023_COCO_DF_I000B00000_00901296.jpg,test,-1
df2023_COCO_DF_I000B00000_00932755.jpg,test,-1
df2023_COCO_DF_I000B00000_00942193.jpg,test,-1
df2023_COCO_DF_I000B00000_00945122.jpg,test,-1
df2023_COCO_DF_I000B00000_00946391.jpg,test,56
df2023_COCO_DF_I000B00000_00949647.jpg,test,-1
df2023_COCO_DF_I000B00000_00949813.jpg,test,56
df2023_COCO_DF_I000B00000_00963651.jpg,test,-1
df2023_COCO_DF_I000B00000_00965485.jpg,test,-1
df2023_COCO_DF_I000B00000_00973584.jpg,test,-1
df2023_COCO_DF_I000B00000_00980622.jpg,test,-1
df2023_COCO_DF_I000B00000_00983325.jpg,test,-1
df2023_COCO_DF_S000B00000_00015157.jpg,test,-1
df2023_COCO_DF_S000B00000_00042047.jpg,test,-1
df2023_COCO_DF_S000B00000_00043079.jpg,test,-1
df2023_COCO_DF_S000B00000_00067445.jpg,test,-1
df2023_COCO_DF_S000B00000_00069941.jpg,test,-1
df2023_COCO_DF_S000B00000_00071986.jpg,test,-1
df2023_COCO_DF_S000B00000_00073806.jpg,test,-1
df2023_COCO_DF_S000B00000_00075148.jpg,test,-1
df2023_COCO_DF_S000B00000_00082878.jpg,test,-1
df2023_COCO_DF_S000B00000_00084058.jpg,test,-1
df2023_COCO_DF_S000B00000_00095030.jpg,test,-1
df2023_COCO_DF_S000B00000_00096015.jpg,test,-1
df2023_COCO_DF_S000B00000_00108143.jpg,test,-1
df2023_COCO_DF_S000B00000_00123699.jpg,test,-1
df2023_COCO_DF_S000B00000_00126536.jpg,test,-1
df2023_COCO_DF_S000B00000_00131198.jpg,test,-1
df2023_COCO_DF_S000B00000_00141882.jpg,test,-1
df2023_COCO_DF_S000B00000_00164093.jpg,test,-1
df2023_COCO_DF_S000B00000_00177086.jpg,test,-1
df2023_COCO_DF_S000B00000_00181435.jpg,test,-1
df2023_COCO_DF_S000B00000_00196525.jpg,test,-1
df2023_COCO_DF_S000B00000_00238366.jpg,test,-1
df2023_COCO_DF_S000B00000_00240235.jpg,test,-1
df2023_COCO_DF_S000B00000_00249996.jpg,test,-1
df2023_COCO_DF_S000B00000_00264716.jpg,test,-1
df2023_COCO_DF_S000B00000_00267933.jpg,test,-1
df2023_COCO_DF_S000B00000_00272046.jpg,test,-1
df2023_COCO_DF_S000B00000_00273562.jpg,test,-1
df2023_COCO_DF_S000B00000_00274314.jpg,test,-1
df2023_COCO_DF_S000B00000_00276510.jpg,test,-1
df2023_COCO_DF_S000B00000_00288670.jpg,test,-1
df2023_COCO_DF_S000B00000_00299440.jpg,test,-1
df2023_COCO_DF_S000B00000_00304098.jpg,test,-1
df2023_COCO_DF_S000B00000_00314134.jpg,test,-1
df2023_COCO_DF_S000B00000_00314214.jpg,test,-1
df2023_COCO_DF_S000B00000_00329726.jpg,test,-1
df2023_COCO_DF_S000B00000_00330727.jpg,test,-1
df2023_COCO_DF_S000B00000_00355399.jpg,test,-1
df2023_COCO_DF_S000B00000_00355882.jpg,test,-1
df2023_COCO_DF_S000B00000_00362071.jpg,test,-1
df2023_COCO_DF_S000B00000_00363033.jpg,test,-1
df2023_COCO_DF_S000B00000_00380066.jpg,test,-1
df2023_COCO_DF_S000B00000_00380097.jpg,test,-1
morphing_102.jpg_IN_53.tif,test,-1
morphing_104.jpg_IN_68.tif,test,134
morphing_108.jpg_IN_170.tif,test,-1
morphing_125.jpg_IN_158.tif,test,-1
morphing_127.jpg_IN_184.tif,test,130
morphing_135.jpg_IN_125.tif,test,-1
morphing_141.jpg_IN_54.tif,test,-1
morphing_142.jpg_IN_115.tif,test,280
morphing_147.jpg_IN_126.tif,test,-1
morphing_148.jpg_IN_104.tif,test,-1
morphing_150.jpg_IN_59.tif,test,-1
morphing_152.jpg_IN_28.tif,test,122
morphing_156.jpg_IN_175.tif,test,-1
morphing_158.jpg_IN_89.tif,test,263
morphing_160.jpg_IN_46.tif,test,2
morphing_167.jpg_IN_47.tif,test,129
morphing_169.jpg_IN_131.tif,test,125
morphing_179.jpg_IN_30.tif,test,-1
morphing_188.jpg_IN_139.tif,test,-1
morphing_19.jpg_IN_80.tif,test,-1
morphing_198.jpg_IN_24.tif,test,-1
morphing_22.jpg_IN_92.tif,test,133
morphing_24.jpg_IN_158.tif,test,-1
morphing_25.jpg_IN_149.tif,test,-1
morphing_30.jpg_IN_78.tif,test,138
morphing_31.jpg_IN_128.tif,test,-1
morphing_33.jpg_IN_175.tif,test,-1
morphing_45.jpg_IN_185.tif,test,181
morphing_56.jpg_IN_90.tif,test,-1
morphing_57.jpg_IN_156.tif,test,-1
morphing_57.jpg_IN_42.tif,test,-1
morphing_6.jpg_IN_52.tif,test,-1
morphing_65.jpg_IN_40.tif,test,-1
morphing_80.jpg_IN_73.tif,test,-1
morphing_86.jpg_IN_138.tif,test,-1
RAISE_1037_remove.png,test,-1
RAISE_1573_add.png,test,-1
RAISE_1697_modify.png,test,-1
RAISE_1749_remove.png,test,-1
RAISE_1871_remove.png,test,-1
RAISE_2858_modify.png,test,-1
RAISE_2961_remove.png,test,-1
RAISE_307_add.png,test,-1
RAISE_3369_heavy.png,test,-1
RAISE_350_remove.png,test,-1
RAISE_3575_remove.png,test,-1
RAISE_3595_modify.png,test,-1
RAISE_406_modify.png,test,-1
RAISE_4204_add.png,test,-1
RAISE_4470_heavy.png,test,-1
RAISE_5120_remove.png,test,-1
RAISE_5175_heavy.png,test,-1
RAISE_5192_heavy.png,test,-1
RAISE_5271_heavy.png,test,-1
RAISE_6440_add.png,test,-1
RAISE_681_modify.png,test,-1
RAISE_8021_heavy.png,test,-1
RAISE_8081_add.png,test,-1
splicing_10020_000000530915.tif,test,-1
splicing_10123_000000260829.tif,test,145
splicing_10296_000000435096.tif,test,-1
splicing_10518_000000044500.tif,test,-1
splicing_10521_000000130292.tif,test,-1
splicing_10540_000000460045.tif,test,-1
splicing_10621_000000515785.tif,test,-1
splicing_10674_000000234794.tif,test,-1
splicing_10683_000000332273.tif,test,-1
splicing_10781_000000446372.tif,test,-1
splicing_10789_000000498638.tif,test,-1
splicing_10924_000000321403.tif,test,-1
splicing_11016_000000516167.tif,test,-1
splicing_11237_000000015645.tif,test,-1
splicing_1133_000000227269.tif,test,-1
splicing_11510_000000276721.tif,test,-1
splicing_11558_000000005396.tif,test,-1
splicing_11711_000000412876.tif,test,-1
splicing_12070_000000206391.tif,test,4
swapping_101.jpg_IN_174.tif,test,-1
swapping_105.jpg_IN_102.tif,test,-1
swapping_105.jpg_IN_133.tif,test,-1
swapping_107.jpg_IN_47.tif,test,-1
swapping_11.jpg_IN_165.tif,test,-1
swapping_116.jpg_IN_57.tif,test,-1
swapping_120.jpg_IN_38.tif,test,80
swapping_125.jpg_IN_177.tif,test,-1
swapping_125.jpg_IN_24.tif,test,-1
swapping_128.jpg_IN_100.tif,test,-1
swapping_130.jpg_IN_116.tif,test,-1
swapping_132.jpg_IN_153.tif,test,-1
swapping_135.jpg_IN_119.tif,test,-1
swapping_136.jpg_IN_99.tif,test,-1
swapping_137.jpg_IN_105.tif,test,-1
swapping_14.jpg_IN_130.tif,test,-1
swapping_146.jpg_IN_94.tif,test,-1
swapping_15.jpg_IN_177.tif,test,-1
swapping_157.jpg_IN_8.tif,test,-1
swapping_158.jpg_IN_169.tif,test,-1
swapping_158.jpg_IN_69.tif,test,-1
swapping_163.jpg_IN_38.tif,test,80
swapping_171.jpg_IN_124.tif,test,13
swapping_172.jpg_IN_166.tif,test,-1
swapping_176.jpg_IN_156.tif,test,119
swapping_179.jpg_IN_192.tif,test,-1
swapping_18.jpg_IN_139.tif,test,562
swapping_181.jpg_IN_199.tif,test,-1
swapping_185.jpg_IN_36.tif,test,-1
swapping_188.jpg_IN_20.tif,test,233
swapping_189.jpg_IN_46.tif,test,270
swapping_193.jpg_IN_97.tif,test,-1
swapping_198.jpg_IN_92.tif,test,-1
swapping_26.jpg_IN_47.tif,test,-1
swapping_29.jpg_IN_60.tif,test,-1
swapping_3.jpg_IN_163.tif,test,62
swapping_3.jpg_IN_75.tif,test,-1
swapping_34.jpg_IN_168.tif,test,34
swapping_41.jpg_IN_46.tif,test,-1
swapping_47.jpg_IN_135.tif,test,-1
swapping_47.jpg_IN_148.tif,test,-1
swapping_53.jpg_IN_132.tif,test,-1
swapping_6.jpg_IN_72.tif,test,-1
swapping_79.jpg_IN_43.tif,test,-1
swapping_83.jpg_IN_176.tif,test,-1
swapping_83.jpg_IN_194.tif,test,469
swapping_88.jpg_IN_98.tif,test,-1
swapping_91.jpg_IN_76.tif,test,1
ucid00069_add.png,test,-1
ucid00077_remove.png,test,-1
ucid00098_heavy.png,test,-1
ucid00168_add.png,test,21
ucid00258_remove.png,test,-1
ucid00329_add.png,test,57
ucid00334_heavy.png,test,-1
ucid00365_modify.png,test,-1
ucid00446_add.png,test,-1
ucid00452_heavy.png,test,-1
ucid00500_heavy.png,test,-1
ucid00573_modify.png,test,-1
ucid00656_modify.png,test,-1
ucid00666_modify.png,test,-1
ucid00698_remove.png,test,-1
ucid00795_modify.png,test,-1
ucid00911_modify.png,test,-1
ucid00955_add.png,test,-1
ucid01053_modify.png,test,-1
ucid01076_heavy.png,test,-1
ucid01092_add.png,test,-1
ucid01114_remove.png,test,-1
ucid01181_heavy.png,test,-1
ucid01291_add.png,test,-1
ucid01313_modify.png,test,-1
